[2026-07-06 10:41:47.492] [INFO] [STARTUP] local planner logger initialized file=/home/jhr/3dnav_ws/debug/logs/local_planner/local_planner_2026-07-06_10-41-47.log
[2026-07-06 10:41:47.497] [INFO] [STATE] from=NONE to=WAITING_FOR_PATH reason=startup
[2026-07-06 10:41:47.497] [INFO] [STARTUP] local planner started node_name=ego_local_planner_node config_file=/home/jhr/3dnav_ws/install/ego_local_planner/share/ego_local_planner/config/ego_local_planner.yaml map_frame=map odom_frame=odom base_frame=base_link pointcloud_topic=/livox/lidar,/cloud_registered,/cloud_registered_body,/mid360 global_path_topic=/planned_path cmd_vel_topic=/cmd_vel_nav robot_model=ground_omni max_vel_x=0.200 max_vel_y=0.100 max_yaw_rate=1.000 local_map_radius=5.000 inflation_radius=0.350
[2026-07-06 10:41:47.547] [INFO] [CMD_VEL] cmd_vel changed linear.x=0.000 linear.y=0.000 angular.z=0.000 reason=no_global_path
[2026-07-06 10:41:47.547] [WARN] [GLOBAL_PATH_LOST] no valid global path in replan
[2026-07-06 10:41:47.923] [INFO] [CLOUD] static cloud received raw_point_count=554013 filtered_point_count=554013 cloud_frame=map cloud_age=0.245 local_map_points=22395
[2026-07-06 10:41:48.010] [INFO] [SUMMARY] state=WAITING_FOR_PATH current_pose=(3.500,5.500,0.000,0.000) pose_source=tf:base_link tf_age=-1.000 local_target=(0.000,0.000,0.000) path_size=0 local_map_points=22395 trajectory_valid=false min_obstacle_distance=0.871 tracking_error=0.000 cmd_vel_nav=(0.000,0.000,0.000) replan_count=0 collision_count=0
[2026-07-06 10:41:49.025] [INFO] [SUMMARY] state=WAITING_FOR_PATH current_pose=(3.500,5.500,0.000,0.000) pose_source=tf:base_link tf_age=-1.000 local_target=(0.000,0.000,0.000) path_size=0 local_map_points=22395 trajectory_valid=false min_obstacle_distance=0.871 tracking_error=0.000 cmd_vel_nav=(0.000,0.000,0.000) replan_count=0 collision_count=0
[2026-07-06 10:41:49.550] [WARN] [GLOBAL_PATH_LOST] no valid global path in replan
[2026-07-06 10:41:50.518] [INFO] [SUMMARY] state=WAITING_FOR_PATH current_pose=(3.500,5.500,0.000,0.000) pose_source=tf:base_link tf_age=-1.000 local_target=(0.000,0.000,0.000) path_size=0 local_map_points=22395 trajectory_valid=false min_obstacle_distance=0.871 tracking_error=0.000 cmd_vel_nav=(0.000,0.000,0.000) replan_count=0 collision_count=0
[2026-07-06 10:41:51.520] [INFO] [SUMMARY] state=WAITING_FOR_PATH current_pose=(3.500,5.500,0.000,0.000) pose_source=tf:base_link tf_age=-1.000 local_target=(0.000,0.000,0.000) path_size=0 local_map_points=22395 trajectory_valid=false min_obstacle_distance=0.871 tracking_error=0.000 cmd_vel_nav=(0.000,0.000,0.000) replan_count=0 collision_count=0
[2026-07-06 10:41:51.552] [WARN] [GLOBAL_PATH_LOST] no valid global path in replan
[2026-07-06 10:41:52.521] [INFO] [SUMMARY] state=WAITING_FOR_PATH current_pose=(3.500,5.500,0.000,0.000) pose_source=tf:base_link tf_age=-1.000 local_target=(0.000,0.000,0.000) path_size=0 local_map_points=22395 trajectory_valid=false min_obstacle_distance=0.871 tracking_error=0.000 cmd_vel_nav=(0.000,0.000,0.000) replan_count=0 collision_count=0
[2026-07-06 10:41:52.980] [INFO] [PATH] new global path received frame_id=map stored_frame=map path_size=35 first_point=(3.500,5.500,0.000) last_point=(5.000,11.018,0.000) path_length=6.665 min_z=0.000 max_z=0.065
[2026-07-06 10:41:52.980] [INFO] [REPLAN] REPLAN_TRIGGERED reason=new_global_path path_size=35
[2026-07-06 10:41:52.980] [INFO] [STATE] from=WAITING_FOR_PATH to=REPLAN reason=new_global_path
[2026-07-06 10:41:53.003] [INFO] [STATE] from=REPLAN to=PLANNING reason=new_global_path
[2026-07-06 10:41:53.003] [INFO] [LOCAL_TARGET] local target updated target=(4.859,6.059,0.062) nearest_path_index=0 lookahead_distance=1.469 distance_to_final_goal=5.718
[2026-07-06 10:41:53.003] [INFO] [REPLAN] REPLAN_TRIGGERED reason=new_global_path current_pose=(3.500,5.500,0.000) current_yaw=0.000 local_target=(4.859,6.059,0.062) previous_trajectory_valid=false collision_detected=false dynamic_obstacle_detected=false
[2026-07-06 10:41:53.012] [INFO] [PLAN_SUCCESS] planning_time_ms=2.162 trajectory_points=9 trajectory_duration=7.355 trajectory_length=1.471 min_obstacle_distance=0.871 tracking_error=0.000
[2026-07-06 10:41:53.012] [INFO] [STATE] from=PLANNING to=TRACKING reason=plan_success
[2026-07-06 10:41:53.021] [INFO] [CMD_VEL] cmd_vel changed linear.x=0.014 linear.y=0.014 angular.z=0.102 reason=tracking
[2026-07-06 10:41:53.062] [INFO] [CMD_VEL] cmd_vel changed linear.x=0.024 linear.y=0.024 angular.z=0.177 reason=tracking
[2026-07-06 10:41:53.063] [INFO] [PATH] new global path received frame_id=map stored_frame=map path_size=34 first_point=(3.500,5.500,0.000) last_point=(5.000,10.812,0.000) path_length=6.460 min_z=0.000 max_z=0.065
[2026-07-06 10:41:53.063] [INFO] [REPLAN] REPLAN_TRIGGERED reason=new_global_path path_size=34
[2026-07-06 10:41:53.063] [INFO] [STATE] from=TRACKING to=REPLAN reason=new_global_path
[2026-07-06 10:41:53.104] [INFO] [STATE] from=REPLAN to=PLANNING reason=new_global_path
[2026-07-06 10:41:53.104] [INFO] [LOCAL_TARGET] local target updated target=(4.859,6.059,0.062) nearest_path_index=0 lookahead_distance=1.469 distance_to_final_goal=5.520
[2026-07-06 10:41:53.104] [INFO] [REPLAN] REPLAN_TRIGGERED reason=new_global_path current_pose=(3.500,5.500,0.000) current_yaw=0.000 local_target=(4.859,6.059,0.062) previous_trajectory_valid=true collision_detected=false dynamic_obstacle_detected=false
[2026-07-06 10:41:53.114] [INFO] [PLAN_SUCCESS] planning_time_ms=1.997 trajectory_points=9 trajectory_duration=7.355 trajectory_length=1.471 min_obstacle_distance=0.871 tracking_error=0.000
[2026-07-06 10:41:53.114] [INFO] [STATE] from=PLANNING to=TRACKING reason=plan_success
[2026-07-06 10:41:53.123] [INFO] [CMD_VEL] cmd_vel changed linear.x=0.036 linear.y=0.036 angular.z=0.268 reason=tracking
[2026-07-06 10:41:53.141] [INFO] [PATH] new global path received frame_id=map stored_frame=map path_size=34 first_point=(3.500,5.500,0.000) last_point=(5.000,10.722,0.000) path_length=6.363 min_z=0.000 max_z=0.065
[2026-07-06 10:41:53.141] [INFO] [REPLAN] REPLAN_TRIGGERED reason=new_global_path path_size=34
[2026-07-06 10:41:53.141] [INFO] [STATE] from=TRACKING to=REPLAN reason=new_global_path
[2026-07-06 10:41:53.154] [INFO] [STATE] from=REPLAN to=PLANNING reason=new_global_path
[2026-07-06 10:41:53.154] [INFO] [LOCAL_TARGET] local target updated target=(4.859,6.059,0.062) nearest_path_index=0 lookahead_distance=1.469 distance_to_final_goal=5.433
[2026-07-06 10:41:53.154] [INFO] [REPLAN] REPLAN_TRIGGERED reason=new_global_path current_pose=(3.500,5.500,0.000) current_yaw=0.000 local_target=(4.859,6.059,0.062) previous_trajectory_valid=true collision_detected=false dynamic_obstacle_detected=false
[2026-07-06 10:41:53.163] [INFO] [PLAN_SUCCESS] planning_time_ms=1.985 trajectory_points=9 trajectory_duration=7.355 trajectory_length=1.471 min_obstacle_distance=0.871 tracking_error=0.000
[2026-07-06 10:41:53.163] [INFO] [STATE] from=PLANNING to=TRACKING reason=plan_success
[2026-07-06 10:41:53.172] [INFO] [CMD_VEL] cmd_vel changed linear.x=0.046 linear.y=0.046 angular.z=0.343 reason=tracking
[2026-07-06 10:41:53.213] [INFO] [CMD_VEL] cmd_vel changed linear.x=0.056 linear.y=0.056 angular.z=0.418 reason=tracking
[2026-07-06 10:41:53.221] [INFO] [PATH] new global path received frame_id=map stored_frame=map path_size=33 first_point=(3.500,5.500,0.000) last_point=(5.000,10.662,0.000) path_length=6.303 min_z=0.000 max_z=0.065
[2026-07-06 10:41:53.221] [INFO] [REPLAN] REPLAN_TRIGGERED reason=new_global_path path_size=33
[2026-07-06 10:41:53.221] [INFO] [STATE] from=TRACKING to=REPLAN reason=new_global_path
[2026-07-06 10:41:53.256] [INFO] [STATE] from=REPLAN to=PLANNING reason=new_global_path
[2026-07-06 10:41:53.256] [INFO] [LOCAL_TARGET] local target updated target=(4.859,6.059,0.062) nearest_path_index=0 lookahead_distance=1.469 distance_to_final_goal=5.375
[2026-07-06 10:41:53.256] [INFO] [REPLAN] REPLAN_TRIGGERED reason=new_global_path current_pose=(3.500,5.500,0.000) current_yaw=0.000 local_target=(4.859,6.059,0.062) previous_trajectory_valid=true collision_detected=false dynamic_obstacle_detected=false
[2026-07-06 10:41:53.269] [INFO] [PLAN_SUCCESS] planning_time_ms=4.088 trajectory_points=9 trajectory_duration=7.355 trajectory_length=1.471 min_obstacle_distance=0.871 tracking_error=0.000
[2026-07-06 10:41:53.269] [INFO] [STATE] from=PLANNING to=TRACKING reason=plan_success
[2026-07-06 10:41:53.468] [INFO] [CMD_VEL] cmd_vel changed linear.x=0.110 linear.y=0.110 angular.z=0.468 reason=tracking
[2026-07-06 10:41:53.533] [INFO] [SUMMARY] state=TRACKING current_pose=(3.500,5.500,0.000,0.000) pose_source=tf:base_link tf_age=-1.000 local_target=(4.859,6.059,0.062) path_size=33 local_map_points=22395 trajectory_valid=true min_obstacle_distance=0.871 tracking_error=0.000 cmd_vel_nav=(0.120,0.112,0.468) replan_count=4 collision_count=0
[2026-07-06 10:41:53.725] [INFO] [CMD_VEL] cmd_vel changed linear.x=0.162 linear.y=0.112 angular.z=0.468 reason=tracking
[2026-07-06 10:41:53.973] [INFO] [CMD_VEL] cmd_vel changed linear.x=0.212 linear.y=0.112 angular.z=0.468 reason=tracking
[2026-07-06 10:41:54.222] [INFO] [CMD_VEL] cmd_vel changed linear.x=0.264 linear.y=0.112 angular.z=0.468 reason=tracking
[2026-07-06 10:41:54.539] [INFO] [SUMMARY] state=TRACKING current_pose=(3.500,5.500,0.000,0.000) pose_source=tf:base_link tf_age=-1.000 local_target=(4.859,6.059,0.062) path_size=33 local_map_points=22395 trajectory_valid=true min_obstacle_distance=0.871 tracking_error=0.000 cmd_vel_nav=(0.272,0.112,0.468) replan_count=4 collision_count=0
[2026-07-06 10:41:56.040] [INFO] [SUMMARY] state=TRACKING current_pose=(3.500,5.500,0.000,0.000) pose_source=tf:base_link tf_age=-1.000 local_target=(4.859,6.059,0.062) path_size=33 local_map_points=22395 trajectory_valid=true min_obstacle_distance=0.871 tracking_error=0.000 cmd_vel_nav=(0.272,0.112,0.468) replan_count=4 collision_count=0
[2026-07-06 10:41:57.541] [INFO] [SUMMARY] state=TRACKING current_pose=(3.500,5.500,0.000,0.000) pose_source=tf:base_link tf_age=-1.000 local_target=(4.859,6.059,0.062) path_size=33 local_map_points=22395 trajectory_valid=true min_obstacle_distance=0.871 tracking_error=0.000 cmd_vel_nav=(0.272,0.112,0.468) replan_count=4 collision_count=0
[2026-07-06 10:41:58.543] [INFO] [SUMMARY] state=TRACKING current_pose=(3.500,5.500,0.000,0.000) pose_source=tf:base_link tf_age=-1.000 local_target=(4.859,6.059,0.062) path_size=33 local_map_points=22395 trajectory_valid=true min_obstacle_distance=0.871 tracking_error=0.000 cmd_vel_nav=(0.272,0.112,0.468) replan_count=4 collision_count=0
[2026-07-06 10:41:59.544] [INFO] [SUMMARY] state=TRACKING current_pose=(3.500,5.500,0.000,0.000) pose_source=tf:base_link tf_age=-1.000 local_target=(4.859,6.059,0.062) path_size=33 local_map_points=22395 trajectory_valid=true min_obstacle_distance=0.871 tracking_error=0.000 cmd_vel_nav=(0.272,0.112,0.468) replan_count=4 collision_count=0
[2026-07-06 10:42:00.544] [INFO] [SUMMARY] state=TRACKING current_pose=(3.500,5.500,0.000,0.000) pose_source=tf:base_link tf_age=-1.000 local_target=(4.859,6.059,0.062) path_size=33 local_map_points=22395 trajectory_valid=true min_obstacle_distance=0.871 tracking_error=0.000 cmd_vel_nav=(0.272,0.112,0.468) replan_count=4 collision_count=0
[2026-07-06 10:42:01.546] [INFO] [SUMMARY] state=TRACKING current_pose=(3.500,5.500,0.000,0.000) pose_source=tf:base_link tf_age=-1.000 local_target=(4.859,6.059,0.062) path_size=33 local_map_points=22395 trajectory_valid=true min_obstacle_distance=0.871 tracking_error=0.000 cmd_vel_nav=(0.272,0.112,0.468) replan_count=4 collision_count=0
[2026-07-06 10:42:02.548] [INFO] [SUMMARY] state=TRACKING current_pose=(3.500,5.500,0.000,0.000) pose_source=tf:base_link tf_age=-1.000 local_target=(4.859,6.059,0.062) path_size=33 local_map_points=22395 trajectory_valid=true min_obstacle_distance=0.871 tracking_error=0.000 cmd_vel_nav=(0.272,0.112,0.468) replan_count=4 collision_count=0
[2026-07-06 10:42:03.548] [INFO] [SUMMARY] state=TRACKING current_pose=(3.500,5.500,0.000,0.000) pose_source=tf:base_link tf_age=-1.000 local_target=(4.859,6.059,0.062) path_size=33 local_map_points=22395 trajectory_valid=true min_obstacle_distance=0.871 tracking_error=0.000 cmd_vel_nav=(0.272,0.112,0.468) replan_count=4 collision_count=0
[2026-07-06 10:42:04.549] [INFO] [SUMMARY] state=TRACKING current_pose=(3.500,5.500,0.000,0.000) pose_source=tf:base_link tf_age=-1.000 local_target=(4.859,6.059,0.062) path_size=33 local_map_points=22395 trajectory_valid=true min_obstacle_distance=0.871 tracking_error=0.000 cmd_vel_nav=(0.272,0.112,0.468) replan_count=4 collision_count=0
[2026-07-06 10:42:05.549] [INFO] [SUMMARY] state=TRACKING current_pose=(3.500,5.500,0.000,0.000) pose_source=tf:base_link tf_age=-1.000 local_target=(4.859,6.059,0.062) path_size=33 local_map_points=22395 trajectory_valid=true min_obstacle_distance=0.871 tracking_error=0.000 cmd_vel_nav=(0.272,0.112,0.468) replan_count=4 collision_count=0
[2026-07-06 10:42:06.555] [INFO] [SUMMARY] state=TRACKING current_pose=(3.500,5.500,0.000,0.000) pose_source=tf:base_link tf_age=-1.000 local_target=(4.859,6.059,0.062) path_size=33 local_map_points=22395 trajectory_valid=true min_obstacle_distance=0.871 tracking_error=0.000 cmd_vel_nav=(0.272,0.112,0.468) replan_count=4 collision_count=0
[2026-07-06 10:42:08.044] [INFO] [SUMMARY] state=TRACKING current_pose=(3.500,5.500,0.000,0.000) pose_source=tf:base_link tf_age=-1.000 local_target=(4.859,6.059,0.062) path_size=33 local_map_points=22395 trajectory_valid=true min_obstacle_distance=0.871 tracking_error=0.000 cmd_vel_nav=(0.272,0.112,0.468) replan_count=4 collision_count=0
[2026-07-06 10:42:09.051] [INFO] [SUMMARY] state=TRACKING current_pose=(3.500,5.500,0.000,0.000) pose_source=tf:base_link tf_age=-1.000 local_target=(4.859,6.059,0.062) path_size=33 local_map_points=22395 trajectory_valid=true min_obstacle_distance=0.871 tracking_error=0.000 cmd_vel_nav=(0.272,0.112,0.468) replan_count=4 collision_count=0
[2026-07-06 10:42:10.053] [INFO] [SUMMARY] state=TRACKING current_pose=(3.500,5.500,0.000,0.000) pose_source=tf:base_link tf_age=-1.000 local_target=(4.859,6.059,0.062) path_size=33 local_map_points=22395 trajectory_valid=true min_obstacle_distance=0.871 tracking_error=0.000 cmd_vel_nav=(0.272,0.112,0.468) replan_count=4 collision_count=0
[2026-07-06 10:42:11.054] [INFO] [SUMMARY] state=TRACKING current_pose=(3.500,5.500,0.000,0.000) pose_source=tf:base_link tf_age=-1.000 local_target=(4.859,6.059,0.062) path_size=33 local_map_points=22395 trajectory_valid=true min_obstacle_distance=0.871 tracking_error=0.000 cmd_vel_nav=(0.272,0.112,0.468) replan_count=4 collision_count=0
[2026-07-06 10:42:12.055] [INFO] [SUMMARY] state=TRACKING current_pose=(3.500,5.500,0.000,0.000) pose_source=tf:base_link tf_age=-1.000 local_target=(4.859,6.059,0.062) path_size=33 local_map_points=22395 trajectory_valid=true min_obstacle_distance=0.871 tracking_error=0.000 cmd_vel_nav=(0.272,0.112,0.468) replan_count=4 collision_count=0
[2026-07-06 10:42:13.055] [INFO] [SUMMARY] state=TRACKING current_pose=(3.500,5.500,0.000,0.000) pose_source=tf:base_link tf_age=-1.000 local_target=(4.859,6.059,0.062) path_size=33 local_map_points=22395 trajectory_valid=true min_obstacle_distance=0.871 tracking_error=0.000 cmd_vel_nav=(0.272,0.112,0.468) replan_count=4 collision_count=0
[2026-07-06 10:42:14.057] [INFO] [SUMMARY] state=TRACKING current_pose=(3.500,5.500,0.000,0.000) pose_source=tf:base_link tf_age=-1.000 local_target=(4.859,6.059,0.062) path_size=33 local_map_points=22395 trajectory_valid=true min_obstacle_distance=0.871 tracking_error=0.000 cmd_vel_nav=(0.272,0.112,0.468) replan_count=4 collision_count=0
[2026-07-06 10:42:15.557] [INFO] [SUMMARY] state=TRACKING current_pose=(3.500,5.500,0.000,0.000) pose_source=tf:base_link tf_age=-1.000 local_target=(4.859,6.059,0.062) path_size=33 local_map_points=22395 trajectory_valid=true min_obstacle_distance=0.871 tracking_error=0.000 cmd_vel_nav=(0.272,0.112,0.468) replan_count=4 collision_count=0
[2026-07-06 10:42:16.557] [INFO] [SUMMARY] state=TRACKING current_pose=(3.500,5.500,0.000,0.000) pose_source=tf:base_link tf_age=-1.000 local_target=(4.859,6.059,0.062) path_size=33 local_map_points=22395 trajectory_valid=true min_obstacle_distance=0.871 tracking_error=0.000 cmd_vel_nav=(0.272,0.112,0.468) replan_count=4 collision_count=0
[2026-07-06 10:42:17.559] [INFO] [SUMMARY] state=TRACKING current_pose=(3.500,5.500,0.000,0.000) pose_source=tf:base_link tf_age=-1.000 local_target=(4.859,6.059,0.062) path_size=33 local_map_points=22395 trajectory_valid=true min_obstacle_distance=0.871 tracking_error=0.000 cmd_vel_nav=(0.272,0.112,0.468) replan_count=4 collision_count=0
[2026-07-06 10:42:19.060] [INFO] [SUMMARY] state=TRACKING current_pose=(3.500,5.500,0.000,0.000) pose_source=tf:base_link tf_age=-1.000 local_target=(4.859,6.059,0.062) path_size=33 local_map_points=22395 trajectory_valid=true min_obstacle_distance=0.871 tracking_error=0.000 cmd_vel_nav=(0.272,0.112,0.468) replan_count=4 collision_count=0
[2026-07-06 10:42:20.061] [INFO] [SUMMARY] state=TRACKING current_pose=(3.500,5.500,0.000,0.000) pose_source=tf:base_link tf_age=-1.000 local_target=(4.859,6.059,0.062) path_size=33 local_map_points=22395 trajectory_valid=true min_obstacle_distance=0.871 tracking_error=0.000 cmd_vel_nav=(0.272,0.112,0.468) replan_count=4 collision_count=0
[2026-07-06 10:42:21.064] [INFO] [SUMMARY] state=TRACKING current_pose=(3.500,5.500,0.000,0.000) pose_source=tf:base_link tf_age=-1.000 local_target=(4.859,6.059,0.062) path_size=33 local_map_points=22395 trajectory_valid=true min_obstacle_distance=0.871 tracking_error=0.000 cmd_vel_nav=(0.272,0.112,0.468) replan_count=4 collision_count=0
[2026-07-06 10:42:22.558] [INFO] [SUMMARY] state=TRACKING current_pose=(3.500,5.500,0.000,0.000) pose_source=tf:base_link tf_age=-1.000 local_target=(4.859,6.059,0.062) path_size=33 local_map_points=22395 trajectory_valid=true min_obstacle_distance=0.871 tracking_error=0.000 cmd_vel_nav=(0.272,0.112,0.468) replan_count=4 collision_count=0
[2026-07-06 10:42:23.560] [INFO] [SUMMARY] state=TRACKING current_pose=(3.500,5.500,0.000,0.000) pose_source=tf:base_link tf_age=-1.000 local_target=(4.859,6.059,0.062) path_size=33 local_map_points=22395 trajectory_valid=true min_obstacle_distance=0.871 tracking_error=0.000 cmd_vel_nav=(0.272,0.112,0.468) replan_count=4 collision_count=0
[2026-07-06 10:42:24.562] [INFO] [SUMMARY] state=TRACKING current_pose=(3.500,5.500,0.000,0.000) pose_source=tf:base_link tf_age=-1.000 local_target=(4.859,6.059,0.062) path_size=33 local_map_points=22395 trajectory_valid=true min_obstacle_distance=0.871 tracking_error=0.000 cmd_vel_nav=(0.272,0.112,0.468) replan_count=4 collision_count=0
[2026-07-06 10:42:25.564] [INFO] [SUMMARY] state=TRACKING current_pose=(3.500,5.500,0.000,0.000) pose_source=tf:base_link tf_age=-1.000 local_target=(4.859,6.059,0.062) path_size=33 local_map_points=22395 trajectory_valid=true min_obstacle_distance=0.871 tracking_error=0.000 cmd_vel_nav=(0.272,0.112,0.468) replan_count=4 collision_count=0
[2026-07-06 10:42:26.566] [INFO] [SUMMARY] state=TRACKING current_pose=(3.500,5.500,0.000,0.000) pose_source=tf:base_link tf_age=-1.000 local_target=(4.859,6.059,0.062) path_size=33 local_map_points=22395 trajectory_valid=true min_obstacle_distance=0.871 tracking_error=0.000 cmd_vel_nav=(0.272,0.112,0.468) replan_count=4 collision_count=0
[2026-07-06 10:42:27.566] [INFO] [SUMMARY] state=TRACKING current_pose=(3.500,5.500,0.000,0.000) pose_source=tf:base_link tf_age=-1.000 local_target=(4.859,6.059,0.062) path_size=33 local_map_points=22395 trajectory_valid=true min_obstacle_distance=0.871 tracking_error=0.000 cmd_vel_nav=(0.272,0.112,0.468) replan_count=4 collision_count=0
[2026-07-06 10:42:28.568] [INFO] [SUMMARY] state=TRACKING current_pose=(3.500,5.500,0.000,0.000) pose_source=tf:base_link tf_age=-1.000 local_target=(4.859,6.059,0.062) path_size=33 local_map_points=22395 trajectory_valid=true min_obstacle_distance=0.871 tracking_error=0.000 cmd_vel_nav=(0.272,0.112,0.468) replan_count=4 collision_count=0
[2026-07-06 10:42:30.067] [INFO] [SUMMARY] state=TRACKING current_pose=(3.500,5.500,0.000,0.000) pose_source=tf:base_link tf_age=-1.000 local_target=(4.859,6.059,0.062) path_size=33 local_map_points=22395 trajectory_valid=true min_obstacle_distance=0.871 tracking_error=0.000 cmd_vel_nav=(0.272,0.112,0.468) replan_count=4 collision_count=0
[2026-07-06 10:42:31.068] [INFO] [SUMMARY] state=TRACKING current_pose=(3.500,5.500,0.000,0.000) pose_source=tf:base_link tf_age=-1.000 local_target=(4.859,6.059,0.062) path_size=33 local_map_points=22395 trajectory_valid=true min_obstacle_distance=0.871 tracking_error=0.000 cmd_vel_nav=(0.272,0.112,0.468) replan_count=4 collision_count=0
[2026-07-06 10:42:32.569] [INFO] [SUMMARY] state=TRACKING current_pose=(3.500,5.500,0.000,0.000) pose_source=tf:base_link tf_age=-1.000 local_target=(4.859,6.059,0.062) path_size=33 local_map_points=22395 trajectory_valid=true min_obstacle_distance=0.871 tracking_error=0.000 cmd_vel_nav=(0.272,0.112,0.468) replan_count=4 collision_count=0
[2026-07-06 10:42:34.062] [INFO] [SUMMARY] state=TRACKING current_pose=(3.500,5.500,0.000,0.000) pose_source=tf:base_link tf_age=-1.000 local_target=(4.859,6.059,0.062) path_size=33 local_map_points=22395 trajectory_valid=true min_obstacle_distance=0.871 tracking_error=0.000 cmd_vel_nav=(0.272,0.112,0.468) replan_count=4 collision_count=0
[2026-07-06 10:42:35.070] [INFO] [SUMMARY] state=TRACKING current_pose=(3.500,5.500,0.000,0.000) pose_source=tf:base_link tf_age=-1.000 local_target=(4.859,6.059,0.062) path_size=33 local_map_points=22395 trajectory_valid=true min_obstacle_distance=0.871 tracking_error=0.000 cmd_vel_nav=(0.272,0.112,0.468) replan_count=4 collision_count=0
[2026-07-06 10:42:36.071] [INFO] [SUMMARY] state=TRACKING current_pose=(3.500,5.500,0.000,0.000) pose_source=tf:base_link tf_age=-1.000 local_target=(4.859,6.059,0.062) path_size=33 local_map_points=22395 trajectory_valid=true min_obstacle_distance=0.871 tracking_error=0.000 cmd_vel_nav=(0.272,0.112,0.468) replan_count=4 collision_count=0
[2026-07-06 10:42:37.071] [INFO] [SUMMARY] state=TRACKING current_pose=(3.500,5.500,0.000,0.000) pose_source=tf:base_link tf_age=-1.000 local_target=(4.859,6.059,0.062) path_size=33 local_map_points=22395 trajectory_valid=true min_obstacle_distance=0.871 tracking_error=0.000 cmd_vel_nav=(0.272,0.112,0.468) replan_count=4 collision_count=0
[2026-07-06 10:42:38.072] [INFO] [SUMMARY] state=TRACKING current_pose=(3.500,5.500,0.000,0.000) pose_source=tf:base_link tf_age=-1.000 local_target=(4.859,6.059,0.062) path_size=33 local_map_points=22395 trajectory_valid=true min_obstacle_distance=0.871 tracking_error=0.000 cmd_vel_nav=(0.272,0.112,0.468) replan_count=4 collision_count=0
[2026-07-06 10:42:39.570] [INFO] [SUMMARY] state=TRACKING current_pose=(3.500,5.500,0.000,0.000) pose_source=tf:base_link tf_age=-1.000 local_target=(4.859,6.059,0.062) path_size=33 local_map_points=22395 trajectory_valid=true min_obstacle_distance=0.871 tracking_error=0.000 cmd_vel_nav=(0.272,0.112,0.468) replan_count=4 collision_count=0
[2026-07-06 10:42:40.573] [INFO] [SUMMARY] state=TRACKING current_pose=(3.500,5.500,0.000,0.000) pose_source=tf:base_link tf_age=-1.000 local_target=(4.859,6.059,0.062) path_size=33 local_map_points=22395 trajectory_valid=true min_obstacle_distance=0.871 tracking_error=0.000 cmd_vel_nav=(0.272,0.112,0.468) replan_count=4 collision_count=0
[2026-07-06 10:42:41.573] [INFO] [SUMMARY] state=TRACKING current_pose=(3.500,5.500,0.000,0.000) pose_source=tf:base_link tf_age=-1.000 local_target=(4.859,6.059,0.062) path_size=33 local_map_points=22395 trajectory_valid=true min_obstacle_distance=0.871 tracking_error=0.000 cmd_vel_nav=(0.272,0.112,0.468) replan_count=4 collision_count=0
[2026-07-06 10:42:42.574] [INFO] [SUMMARY] state=TRACKING current_pose=(3.500,5.500,0.000,0.000) pose_source=tf:base_link tf_age=-1.000 local_target=(4.859,6.059,0.062) path_size=33 local_map_points=22395 trajectory_valid=true min_obstacle_distance=0.871 tracking_error=0.000 cmd_vel_nav=(0.272,0.112,0.468) replan_count=4 collision_count=0
[2026-07-06 10:42:43.574] [INFO] [SUMMARY] state=TRACKING current_pose=(3.500,5.500,0.000,0.000) pose_source=tf:base_link tf_age=-1.000 local_target=(4.859,6.059,0.062) path_size=33 local_map_points=22395 trajectory_valid=true min_obstacle_distance=0.871 tracking_error=0.000 cmd_vel_nav=(0.272,0.112,0.468) replan_count=4 collision_count=0
[2026-07-06 10:42:44.575] [INFO] [SUMMARY] state=TRACKING current_pose=(3.500,5.500,0.000,0.000) pose_source=tf:base_link tf_age=-1.000 local_target=(4.859,6.059,0.062) path_size=33 local_map_points=22395 trajectory_valid=true min_obstacle_distance=0.871 tracking_error=0.000 cmd_vel_nav=(0.272,0.112,0.468) replan_count=4 collision_count=0
[2026-07-06 10:42:46.075] [INFO] [SUMMARY] state=TRACKING current_pose=(3.500,5.500,0.000,0.000) pose_source=tf:base_link tf_age=-1.000 local_target=(4.859,6.059,0.062) path_size=33 local_map_points=22395 trajectory_valid=true min_obstacle_distance=0.871 tracking_error=0.000 cmd_vel_nav=(0.272,0.112,0.468) replan_count=4 collision_count=0
[2026-07-06 10:42:47.576] [INFO] [SUMMARY] state=TRACKING current_pose=(3.500,5.500,0.000,0.000) pose_source=tf:base_link tf_age=-1.000 local_target=(4.859,6.059,0.062) path_size=33 local_map_points=22395 trajectory_valid=true min_obstacle_distance=0.871 tracking_error=0.000 cmd_vel_nav=(0.272,0.112,0.468) replan_count=4 collision_count=0
[2026-07-06 10:42:48.577] [INFO] [SUMMARY] state=TRACKING current_pose=(3.500,5.500,0.000,0.000) pose_source=tf:base_link tf_age=-1.000 local_target=(4.859,6.059,0.062) path_size=33 local_map_points=22395 trajectory_valid=true min_obstacle_distance=0.871 tracking_error=0.000 cmd_vel_nav=(0.272,0.112,0.468) replan_count=4 collision_count=0
[2026-07-06 10:42:49.577] [INFO] [SUMMARY] state=TRACKING current_pose=(3.500,5.500,0.000,0.000) pose_source=tf:base_link tf_age=-1.000 local_target=(4.859,6.059,0.062) path_size=33 local_map_points=22395 trajectory_valid=true min_obstacle_distance=0.871 tracking_error=0.000 cmd_vel_nav=(0.272,0.112,0.468) replan_count=4 collision_count=0
[2026-07-06 10:42:51.078] [INFO] [SUMMARY] state=TRACKING current_pose=(3.500,5.500,0.000,0.000) pose_source=tf:base_link tf_age=-1.000 local_target=(4.859,6.059,0.062) path_size=33 local_map_points=22395 trajectory_valid=true min_obstacle_distance=0.871 tracking_error=0.000 cmd_vel_nav=(0.272,0.112,0.468) replan_count=4 collision_count=0
[2026-07-06 10:42:52.578] [INFO] [SUMMARY] state=TRACKING current_pose=(3.500,5.500,0.000,0.000) pose_source=tf:base_link tf_age=-1.000 local_target=(4.859,6.059,0.062) path_size=33 local_map_points=22395 trajectory_valid=true min_obstacle_distance=0.871 tracking_error=0.000 cmd_vel_nav=(0.272,0.112,0.468) replan_count=4 collision_count=0
[2026-07-06 10:42:53.582] [INFO] [SUMMARY] state=TRACKING current_pose=(3.500,5.500,0.000,0.000) pose_source=tf:base_link tf_age=-1.000 local_target=(4.859,6.059,0.062) path_size=33 local_map_points=22395 trajectory_valid=true min_obstacle_distance=0.871 tracking_error=0.000 cmd_vel_nav=(0.272,0.112,0.468) replan_count=4 collision_count=0
[2026-07-06 10:42:54.582] [INFO] [SUMMARY] state=TRACKING current_pose=(3.500,5.500,0.000,0.000) pose_source=tf:base_link tf_age=-1.000 local_target=(4.859,6.059,0.062) path_size=33 local_map_points=22395 trajectory_valid=true min_obstacle_distance=0.871 tracking_error=0.000 cmd_vel_nav=(0.272,0.112,0.468) replan_count=4 collision_count=0
[2026-07-06 10:42:56.080] [INFO] [SUMMARY] state=TRACKING current_pose=(3.500,5.500,0.000,0.000) pose_source=tf:base_link tf_age=-1.000 local_target=(4.859,6.059,0.062) path_size=33 local_map_points=22395 trajectory_valid=true min_obstacle_distance=0.871 tracking_error=0.000 cmd_vel_nav=(0.272,0.112,0.468) replan_count=4 collision_count=0
[2026-07-06 10:42:57.081] [INFO] [SUMMARY] state=TRACKING current_pose=(3.500,5.500,0.000,0.000) pose_source=tf:base_link tf_age=-1.000 local_target=(4.859,6.059,0.062) path_size=33 local_map_points=22395 trajectory_valid=true min_obstacle_distance=0.871 tracking_error=0.000 cmd_vel_nav=(0.272,0.112,0.468) replan_count=4 collision_count=0
[2026-07-06 10:42:58.581] [INFO] [SUMMARY] state=TRACKING current_pose=(3.500,5.500,0.000,0.000) pose_source=tf:base_link tf_age=-1.000 local_target=(4.859,6.059,0.062) path_size=33 local_map_points=22395 trajectory_valid=true min_obstacle_distance=0.871 tracking_error=0.000 cmd_vel_nav=(0.272,0.112,0.468) replan_count=4 collision_count=0
[2026-07-06 10:42:59.584] [INFO] [SUMMARY] state=TRACKING current_pose=(3.500,5.500,0.000,0.000) pose_source=tf:base_link tf_age=-1.000 local_target=(4.859,6.059,0.062) path_size=33 local_map_points=22395 trajectory_valid=true min_obstacle_distance=0.871 tracking_error=0.000 cmd_vel_nav=(0.272,0.112,0.468) replan_count=4 collision_count=0
[2026-07-06 10:43:01.082] [INFO] [SUMMARY] state=TRACKING current_pose=(3.500,5.500,0.000,0.000) pose_source=tf:base_link tf_age=-1.000 local_target=(4.859,6.059,0.062) path_size=33 local_map_points=22395 trajectory_valid=true min_obstacle_distance=0.871 tracking_error=0.000 cmd_vel_nav=(0.272,0.112,0.468) replan_count=4 collision_count=0
[2026-07-06 10:43:02.575] [INFO] [SUMMARY] state=TRACKING current_pose=(3.500,5.500,0.000,0.000) pose_source=tf:base_link tf_age=-1.000 local_target=(4.859,6.059,0.062) path_size=33 local_map_points=22395 trajectory_valid=true min_obstacle_distance=0.871 tracking_error=0.000 cmd_vel_nav=(0.272,0.112,0.468) replan_count=4 collision_count=0
[2026-07-06 10:43:03.583] [INFO] [SUMMARY] state=TRACKING current_pose=(3.500,5.500,0.000,0.000) pose_source=tf:base_link tf_age=-1.000 local_target=(4.859,6.059,0.062) path_size=33 local_map_points=22395 trajectory_valid=true min_obstacle_distance=0.871 tracking_error=0.000 cmd_vel_nav=(0.272,0.112,0.468) replan_count=4 collision_count=0
[2026-07-06 10:43:04.583] [INFO] [SUMMARY] state=TRACKING current_pose=(3.500,5.500,0.000,0.000) pose_source=tf:base_link tf_age=-1.000 local_target=(4.859,6.059,0.062) path_size=33 local_map_points=22395 trajectory_valid=true min_obstacle_distance=0.871 tracking_error=0.000 cmd_vel_nav=(0.272,0.112,0.468) replan_count=4 collision_count=0
[2026-07-06 10:43:05.583] [INFO] [SUMMARY] state=TRACKING current_pose=(3.500,5.500,0.000,0.000) pose_source=tf:base_link tf_age=-1.000 local_target=(4.859,6.059,0.062) path_size=33 local_map_points=22395 trajectory_valid=true min_obstacle_distance=0.871 tracking_error=0.000 cmd_vel_nav=(0.272,0.112,0.468) replan_count=4 collision_count=0
[2026-07-06 10:43:06.584] [INFO] [SUMMARY] state=TRACKING current_pose=(3.500,5.500,0.000,0.000) pose_source=tf:base_link tf_age=-1.000 local_target=(4.859,6.059,0.062) path_size=33 local_map_points=22395 trajectory_valid=true min_obstacle_distance=0.871 tracking_error=0.000 cmd_vel_nav=(0.272,0.112,0.468) replan_count=4 collision_count=0
[2026-07-06 10:43:08.085] [INFO] [SUMMARY] state=TRACKING current_pose=(3.500,5.500,0.000,0.000) pose_source=tf:base_link tf_age=-1.000 local_target=(4.859,6.059,0.062) path_size=33 local_map_points=22395 trajectory_valid=true min_obstacle_distance=0.871 tracking_error=0.000 cmd_vel_nav=(0.272,0.112,0.468) replan_count=4 collision_count=0
[2026-07-06 10:43:09.585] [INFO] [SUMMARY] state=TRACKING current_pose=(3.500,5.500,0.000,0.000) pose_source=tf:base_link tf_age=-1.000 local_target=(4.859,6.059,0.062) path_size=33 local_map_points=22395 trajectory_valid=true min_obstacle_distance=0.871 tracking_error=0.000 cmd_vel_nav=(0.272,0.112,0.468) replan_count=4 collision_count=0
[2026-07-06 10:43:10.586] [INFO] [SUMMARY] state=TRACKING current_pose=(3.500,5.500,0.000,0.000) pose_source=tf:base_link tf_age=-1.000 local_target=(4.859,6.059,0.062) path_size=33 local_map_points=22395 trajectory_valid=true min_obstacle_distance=0.871 tracking_error=0.000 cmd_vel_nav=(0.272,0.112,0.468) replan_count=4 collision_count=0
[2026-07-06 10:43:12.086] [INFO] [SUMMARY] state=TRACKING current_pose=(3.500,5.500,0.000,0.000) pose_source=tf:base_link tf_age=-1.000 local_target=(4.859,6.059,0.062) path_size=33 local_map_points=22395 trajectory_valid=true min_obstacle_distance=0.871 tracking_error=0.000 cmd_vel_nav=(0.272,0.112,0.468) replan_count=4 collision_count=0
[2026-07-06 10:43:13.586] [INFO] [SUMMARY] state=TRACKING current_pose=(3.500,5.500,0.000,0.000) pose_source=tf:base_link tf_age=-1.000 local_target=(4.859,6.059,0.062) path_size=33 local_map_points=22395 trajectory_valid=true min_obstacle_distance=0.871 tracking_error=0.000 cmd_vel_nav=(0.272,0.112,0.468) replan_count=4 collision_count=0
[2026-07-06 10:43:14.587] [INFO] [SUMMARY] state=TRACKING current_pose=(3.500,5.500,0.000,0.000) pose_source=tf:base_link tf_age=-1.000 local_target=(4.859,6.059,0.062) path_size=33 local_map_points=22395 trajectory_valid=true min_obstacle_distance=0.871 tracking_error=0.000 cmd_vel_nav=(0.272,0.112,0.468) replan_count=4 collision_count=0
[2026-07-06 10:43:15.587] [INFO] [SUMMARY] state=TRACKING current_pose=(3.500,5.500,0.000,0.000) pose_source=tf:base_link tf_age=-1.000 local_target=(4.859,6.059,0.062) path_size=33 local_map_points=22395 trajectory_valid=true min_obstacle_distance=0.871 tracking_error=0.000 cmd_vel_nav=(0.272,0.112,0.468) replan_count=4 collision_count=0
[2026-07-06 10:43:16.587] [INFO] [SUMMARY] state=TRACKING current_pose=(3.500,5.500,0.000,0.000) pose_source=tf:base_link tf_age=-1.000 local_target=(4.859,6.059,0.062) path_size=33 local_map_points=22395 trajectory_valid=true min_obstacle_distance=0.871 tracking_error=0.000 cmd_vel_nav=(0.272,0.112,0.468) replan_count=4 collision_count=0
[2026-07-06 10:43:18.089] [INFO] [SUMMARY] state=TRACKING current_pose=(3.500,5.500,0.000,0.000) pose_source=tf:base_link tf_age=-1.000 local_target=(4.859,6.059,0.062) path_size=33 local_map_points=22395 trajectory_valid=true min_obstacle_distance=0.871 tracking_error=0.000 cmd_vel_nav=(0.272,0.112,0.468) replan_count=4 collision_count=0
[2026-07-06 10:43:19.088] [INFO] [SUMMARY] state=TRACKING current_pose=(3.500,5.500,0.000,0.000) pose_source=tf:base_link tf_age=-1.000 local_target=(4.859,6.059,0.062) path_size=33 local_map_points=22395 trajectory_valid=true min_obstacle_distance=0.871 tracking_error=0.000 cmd_vel_nav=(0.272,0.112,0.468) replan_count=4 collision_count=0
[2026-07-06 10:43:20.089] [INFO] [SUMMARY] state=TRACKING current_pose=(3.500,5.500,0.000,0.000) pose_source=tf:base_link tf_age=-1.000 local_target=(4.859,6.059,0.062) path_size=33 local_map_points=22395 trajectory_valid=true min_obstacle_distance=0.871 tracking_error=0.000 cmd_vel_nav=(0.272,0.112,0.468) replan_count=4 collision_count=0
[2026-07-06 10:43:21.589] [INFO] [SUMMARY] state=TRACKING current_pose=(3.500,5.500,0.000,0.000) pose_source=tf:base_link tf_age=-1.000 local_target=(4.859,6.059,0.062) path_size=33 local_map_points=22395 trajectory_valid=true min_obstacle_distance=0.871 tracking_error=0.000 cmd_vel_nav=(0.272,0.112,0.468) replan_count=4 collision_count=0
[2026-07-06 10:43:23.089] [INFO] [SUMMARY] state=TRACKING current_pose=(3.500,5.500,0.000,0.000) pose_source=tf:base_link tf_age=-1.000 local_target=(4.859,6.059,0.062) path_size=33 local_map_points=22395 trajectory_valid=true min_obstacle_distance=0.871 tracking_error=0.000 cmd_vel_nav=(0.272,0.112,0.468) replan_count=4 collision_count=0
[2026-07-06 10:43:24.089] [INFO] [SUMMARY] state=TRACKING current_pose=(3.500,5.500,0.000,0.000) pose_source=tf:base_link tf_age=-1.000 local_target=(4.859,6.059,0.062) path_size=33 local_map_points=22395 trajectory_valid=true min_obstacle_distance=0.871 tracking_error=0.000 cmd_vel_nav=(0.272,0.112,0.468) replan_count=4 collision_count=0
[2026-07-06 10:43:25.089] [INFO] [SUMMARY] state=TRACKING current_pose=(3.500,5.500,0.000,0.000) pose_source=tf:base_link tf_age=-1.000 local_target=(4.859,6.059,0.062) path_size=33 local_map_points=22395 trajectory_valid=true min_obstacle_distance=0.871 tracking_error=0.000 cmd_vel_nav=(0.272,0.112,0.468) replan_count=4 collision_count=0
[2026-07-06 10:43:26.577] [INFO] [SUMMARY] state=TRACKING current_pose=(3.500,5.500,0.000,0.000) pose_source=tf:base_link tf_age=-1.000 local_target=(4.859,6.059,0.062) path_size=33 local_map_points=22395 trajectory_valid=true min_obstacle_distance=0.871 tracking_error=0.000 cmd_vel_nav=(0.272,0.112,0.468) replan_count=4 collision_count=0
[2026-07-06 10:43:27.579] [INFO] [SUMMARY] state=TRACKING current_pose=(3.500,5.500,0.000,0.000) pose_source=tf:base_link tf_age=-1.000 local_target=(4.859,6.059,0.062) path_size=33 local_map_points=22395 trajectory_valid=true min_obstacle_distance=0.871 tracking_error=0.000 cmd_vel_nav=(0.272,0.112,0.468) replan_count=4 collision_count=0
[2026-07-06 10:43:28.581] [INFO] [SUMMARY] state=TRACKING current_pose=(3.500,5.500,0.000,0.000) pose_source=tf:base_link tf_age=-1.000 local_target=(4.859,6.059,0.062) path_size=33 local_map_points=22395 trajectory_valid=true min_obstacle_distance=0.871 tracking_error=0.000 cmd_vel_nav=(0.272,0.112,0.468) replan_count=4 collision_count=0
[2026-07-06 10:43:30.079] [INFO] [SUMMARY] state=TRACKING current_pose=(3.500,5.500,0.000,0.000) pose_source=tf:base_link tf_age=-1.000 local_target=(4.859,6.059,0.062) path_size=33 local_map_points=22395 trajectory_valid=true min_obstacle_distance=0.871 tracking_error=0.000 cmd_vel_nav=(0.272,0.112,0.468) replan_count=4 collision_count=0
[2026-07-06 10:43:31.089] [INFO] [SUMMARY] state=TRACKING current_pose=(3.500,5.500,0.000,0.000) pose_source=tf:base_link tf_age=-1.000 local_target=(4.859,6.059,0.062) path_size=33 local_map_points=22395 trajectory_valid=true min_obstacle_distance=0.871 tracking_error=0.000 cmd_vel_nav=(0.272,0.112,0.468) replan_count=4 collision_count=0
[2026-07-06 10:43:32.095] [INFO] [SUMMARY] state=TRACKING current_pose=(3.500,5.500,0.000,0.000) pose_source=tf:base_link tf_age=-1.000 local_target=(4.859,6.059,0.062) path_size=33 local_map_points=22395 trajectory_valid=true min_obstacle_distance=0.871 tracking_error=0.000 cmd_vel_nav=(0.272,0.112,0.468) replan_count=4 collision_count=0
[2026-07-06 10:43:33.579] [INFO] [SUMMARY] state=TRACKING current_pose=(3.500,5.500,0.000,0.000) pose_source=tf:base_link tf_age=-1.000 local_target=(4.859,6.059,0.062) path_size=33 local_map_points=22395 trajectory_valid=true min_obstacle_distance=0.871 tracking_error=0.000 cmd_vel_nav=(0.272,0.112,0.468) replan_count=4 collision_count=0
[2026-07-06 10:43:34.587] [INFO] [SUMMARY] state=TRACKING current_pose=(3.500,5.500,0.000,0.000) pose_source=tf:base_link tf_age=-1.000 local_target=(4.859,6.059,0.062) path_size=33 local_map_points=22395 trajectory_valid=true min_obstacle_distance=0.871 tracking_error=0.000 cmd_vel_nav=(0.272,0.112,0.468) replan_count=4 collision_count=0
[2026-07-06 10:43:36.091] [INFO] [SUMMARY] state=TRACKING current_pose=(3.500,5.500,0.000,0.000) pose_source=tf:base_link tf_age=-1.000 local_target=(4.859,6.059,0.062) path_size=33 local_map_points=22395 trajectory_valid=true min_obstacle_distance=0.871 tracking_error=0.000 cmd_vel_nav=(0.272,0.112,0.468) replan_count=4 collision_count=0
[2026-07-06 10:43:37.591] [INFO] [SUMMARY] state=TRACKING current_pose=(3.500,5.500,0.000,0.000) pose_source=tf:base_link tf_age=-1.000 local_target=(4.859,6.059,0.062) path_size=33 local_map_points=22395 trajectory_valid=true min_obstacle_distance=0.871 tracking_error=0.000 cmd_vel_nav=(0.272,0.112,0.468) replan_count=4 collision_count=0
[2026-07-06 10:43:38.595] [INFO] [SUMMARY] state=TRACKING current_pose=(3.500,5.500,0.000,0.000) pose_source=tf:base_link tf_age=-1.000 local_target=(4.859,6.059,0.062) path_size=33 local_map_points=22395 trajectory_valid=true min_obstacle_distance=0.871 tracking_error=0.000 cmd_vel_nav=(0.272,0.112,0.468) replan_count=4 collision_count=0
[2026-07-06 10:43:39.595] [INFO] [SUMMARY] state=TRACKING current_pose=(3.500,5.500,0.000,0.000) pose_source=tf:base_link tf_age=-1.000 local_target=(4.859,6.059,0.062) path_size=33 local_map_points=22395 trajectory_valid=true min_obstacle_distance=0.871 tracking_error=0.000 cmd_vel_nav=(0.272,0.112,0.468) replan_count=4 collision_count=0
[2026-07-06 10:43:41.093] [INFO] [SUMMARY] state=TRACKING current_pose=(3.500,5.500,0.000,0.000) pose_source=tf:base_link tf_age=-1.000 local_target=(4.859,6.059,0.062) path_size=33 local_map_points=22395 trajectory_valid=true min_obstacle_distance=0.871 tracking_error=0.000 cmd_vel_nav=(0.272,0.112,0.468) replan_count=4 collision_count=0
[2026-07-06 10:43:42.094] [INFO] [SUMMARY] state=TRACKING current_pose=(3.500,5.500,0.000,0.000) pose_source=tf:base_link tf_age=-1.000 local_target=(4.859,6.059,0.062) path_size=33 local_map_points=22395 trajectory_valid=true min_obstacle_distance=0.871 tracking_error=0.000 cmd_vel_nav=(0.272,0.112,0.468) replan_count=4 collision_count=0
[2026-07-06 10:43:43.094] [INFO] [SUMMARY] state=TRACKING current_pose=(3.500,5.500,0.000,0.000) pose_source=tf:base_link tf_age=-1.000 local_target=(4.859,6.059,0.062) path_size=33 local_map_points=22395 trajectory_valid=true min_obstacle_distance=0.871 tracking_error=0.000 cmd_vel_nav=(0.272,0.112,0.468) replan_count=4 collision_count=0
[2026-07-06 10:43:44.594] [INFO] [SUMMARY] state=TRACKING current_pose=(3.500,5.500,0.000,0.000) pose_source=tf:base_link tf_age=-1.000 local_target=(4.859,6.059,0.062) path_size=33 local_map_points=22395 trajectory_valid=true min_obstacle_distance=0.871 tracking_error=0.000 cmd_vel_nav=(0.272,0.112,0.468) replan_count=4 collision_count=0
[2026-07-06 10:43:45.594] [INFO] [SUMMARY] state=TRACKING current_pose=(3.500,5.500,0.000,0.000) pose_source=tf:base_link tf_age=-1.000 local_target=(4.859,6.059,0.062) path_size=33 local_map_points=22395 trajectory_valid=true min_obstacle_distance=0.871 tracking_error=0.000 cmd_vel_nav=(0.272,0.112,0.468) replan_count=4 collision_count=0
[2026-07-06 10:43:47.095] [INFO] [SUMMARY] state=TRACKING current_pose=(3.500,5.500,0.000,0.000) pose_source=tf:base_link tf_age=-1.000 local_target=(4.859,6.059,0.062) path_size=33 local_map_points=22395 trajectory_valid=true min_obstacle_distance=0.871 tracking_error=0.000 cmd_vel_nav=(0.272,0.112,0.468) replan_count=4 collision_count=0
[2026-07-06 10:43:48.590] [INFO] [SUMMARY] state=TRACKING current_pose=(3.500,5.500,0.000,0.000) pose_source=tf:base_link tf_age=-1.000 local_target=(4.859,6.059,0.062) path_size=33 local_map_points=22395 trajectory_valid=true min_obstacle_distance=0.871 tracking_error=0.000 cmd_vel_nav=(0.272,0.112,0.468) replan_count=4 collision_count=0
[2026-07-06 10:43:49.597] [INFO] [SUMMARY] state=TRACKING current_pose=(3.500,5.500,0.000,0.000) pose_source=tf:base_link tf_age=-1.000 local_target=(4.859,6.059,0.062) path_size=33 local_map_points=22395 trajectory_valid=true min_obstacle_distance=0.871 tracking_error=0.000 cmd_vel_nav=(0.272,0.112,0.468) replan_count=4 collision_count=0
[2026-07-06 10:43:51.098] [INFO] [SUMMARY] state=TRACKING current_pose=(3.500,5.500,0.000,0.000) pose_source=tf:base_link tf_age=-1.000 local_target=(4.859,6.059,0.062) path_size=33 local_map_points=22395 trajectory_valid=true min_obstacle_distance=0.871 tracking_error=0.000 cmd_vel_nav=(0.272,0.112,0.468) replan_count=4 collision_count=0
[2026-07-06 10:43:52.592] [INFO] [SUMMARY] state=TRACKING current_pose=(3.500,5.500,0.000,0.000) pose_source=tf:base_link tf_age=-1.000 local_target=(4.859,6.059,0.062) path_size=33 local_map_points=22395 trajectory_valid=true min_obstacle_distance=0.871 tracking_error=0.000 cmd_vel_nav=(0.272,0.112,0.468) replan_count=4 collision_count=0
[2026-07-06 10:43:53.600] [INFO] [SUMMARY] state=TRACKING current_pose=(3.500,5.500,0.000,0.000) pose_source=tf:base_link tf_age=-1.000 local_target=(4.859,6.059,0.062) path_size=33 local_map_points=22395 trajectory_valid=true min_obstacle_distance=0.871 tracking_error=0.000 cmd_vel_nav=(0.272,0.112,0.468) replan_count=4 collision_count=0
[2026-07-06 10:43:55.097] [INFO] [SUMMARY] state=TRACKING current_pose=(3.500,5.500,0.000,0.000) pose_source=tf:base_link tf_age=-1.000 local_target=(4.859,6.059,0.062) path_size=33 local_map_points=22395 trajectory_valid=true min_obstacle_distance=0.871 tracking_error=0.000 cmd_vel_nav=(0.272,0.112,0.468) replan_count=4 collision_count=0
[2026-07-06 10:43:56.598] [INFO] [SUMMARY] state=TRACKING current_pose=(3.500,5.500,0.000,0.000) pose_source=tf:base_link tf_age=-1.000 local_target=(4.859,6.059,0.062) path_size=33 local_map_points=22395 trajectory_valid=true min_obstacle_distance=0.871 tracking_error=0.000 cmd_vel_nav=(0.272,0.112,0.468) replan_count=4 collision_count=0
[2026-07-06 10:43:57.599] [INFO] [SUMMARY] state=TRACKING current_pose=(3.500,5.500,0.000,0.000) pose_source=tf:base_link tf_age=-1.000 local_target=(4.859,6.059,0.062) path_size=33 local_map_points=22395 trajectory_valid=true min_obstacle_distance=0.871 tracking_error=0.000 cmd_vel_nav=(0.272,0.112,0.468) replan_count=4 collision_count=0
[2026-07-06 10:43:58.615] [INFO] [SUMMARY] state=TRACKING current_pose=(3.500,5.500,0.000,0.000) pose_source=tf:base_link tf_age=-1.000 local_target=(4.859,6.059,0.062) path_size=33 local_map_points=22395 trajectory_valid=true min_obstacle_distance=0.871 tracking_error=0.000 cmd_vel_nav=(0.272,0.112,0.468) replan_count=4 collision_count=0
[2026-07-06 10:44:00.096] [INFO] [SUMMARY] state=TRACKING current_pose=(3.500,5.500,0.000,0.000) pose_source=tf:base_link tf_age=-1.000 local_target=(4.859,6.059,0.062) path_size=33 local_map_points=22395 trajectory_valid=true min_obstacle_distance=0.871 tracking_error=0.000 cmd_vel_nav=(0.272,0.112,0.468) replan_count=4 collision_count=0
[2026-07-06 10:44:01.100] [INFO] [SUMMARY] state=TRACKING current_pose=(3.500,5.500,0.000,0.000) pose_source=tf:base_link tf_age=-1.000 local_target=(4.859,6.059,0.062) path_size=33 local_map_points=22395 trajectory_valid=true min_obstacle_distance=0.871 tracking_error=0.000 cmd_vel_nav=(0.272,0.112,0.468) replan_count=4 collision_count=0
[2026-07-06 10:44:02.601] [INFO] [SUMMARY] state=TRACKING current_pose=(3.500,5.500,0.000,0.000) pose_source=tf:base_link tf_age=-1.000 local_target=(4.859,6.059,0.062) path_size=33 local_map_points=22395 trajectory_valid=true min_obstacle_distance=0.871 tracking_error=0.000 cmd_vel_nav=(0.272,0.112,0.468) replan_count=4 collision_count=0
[2026-07-06 10:44:04.096] [INFO] [SUMMARY] state=TRACKING current_pose=(3.500,5.500,0.000,0.000) pose_source=tf:base_link tf_age=-1.000 local_target=(4.859,6.059,0.062) path_size=33 local_map_points=22395 trajectory_valid=true min_obstacle_distance=0.871 tracking_error=0.000 cmd_vel_nav=(0.272,0.112,0.468) replan_count=4 collision_count=0
[2026-07-06 10:44:05.097] [INFO] [SUMMARY] state=TRACKING current_pose=(3.500,5.500,0.000,0.000) pose_source=tf:base_link tf_age=-1.000 local_target=(4.859,6.059,0.062) path_size=33 local_map_points=22395 trajectory_valid=true min_obstacle_distance=0.871 tracking_error=0.000 cmd_vel_nav=(0.272,0.112,0.468) replan_count=4 collision_count=0
[2026-07-06 10:44:06.099] [INFO] [SUMMARY] state=TRACKING current_pose=(3.500,5.500,0.000,0.000) pose_source=tf:base_link tf_age=-1.000 local_target=(4.859,6.059,0.062) path_size=33 local_map_points=22395 trajectory_valid=true min_obstacle_distance=0.871 tracking_error=0.000 cmd_vel_nav=(0.272,0.112,0.468) replan_count=4 collision_count=0
[2026-07-06 10:44:07.598] [INFO] [SUMMARY] state=TRACKING current_pose=(3.500,5.500,0.000,0.000) pose_source=tf:base_link tf_age=-1.000 local_target=(4.859,6.059,0.062) path_size=33 local_map_points=22395 trajectory_valid=true min_obstacle_distance=0.871 tracking_error=0.000 cmd_vel_nav=(0.272,0.112,0.468) replan_count=4 collision_count=0
[2026-07-06 10:44:08.599] [INFO] [SUMMARY] state=TRACKING current_pose=(3.500,5.500,0.000,0.000) pose_source=tf:base_link tf_age=-1.000 local_target=(4.859,6.059,0.062) path_size=33 local_map_points=22395 trajectory_valid=true min_obstacle_distance=0.871 tracking_error=0.000 cmd_vel_nav=(0.272,0.112,0.468) replan_count=4 collision_count=0
[2026-07-06 10:44:10.100] [INFO] [SUMMARY] state=TRACKING current_pose=(3.500,5.500,0.000,0.000) pose_source=tf:base_link tf_age=-1.000 local_target=(4.859,6.059,0.062) path_size=33 local_map_points=22395 trajectory_valid=true min_obstacle_distance=0.871 tracking_error=0.000 cmd_vel_nav=(0.272,0.112,0.468) replan_count=4 collision_count=0
[2026-07-06 10:44:11.101] [INFO] [SUMMARY] state=TRACKING current_pose=(3.500,5.500,0.000,0.000) pose_source=tf:base_link tf_age=-1.000 local_target=(4.859,6.059,0.062) path_size=33 local_map_points=22395 trajectory_valid=true min_obstacle_distance=0.871 tracking_error=0.000 cmd_vel_nav=(0.272,0.112,0.468) replan_count=4 collision_count=0
[2026-07-06 10:44:12.600] [INFO] [SUMMARY] state=TRACKING current_pose=(3.500,5.500,0.000,0.000) pose_source=tf:base_link tf_age=-1.000 local_target=(4.859,6.059,0.062) path_size=33 local_map_points=22395 trajectory_valid=true min_obstacle_distance=0.871 tracking_error=0.000 cmd_vel_nav=(0.272,0.112,0.468) replan_count=4 collision_count=0
[2026-07-06 10:44:14.095] [INFO] [SUMMARY] state=TRACKING current_pose=(3.500,5.500,0.000,0.000) pose_source=tf:base_link tf_age=-1.000 local_target=(4.859,6.059,0.062) path_size=33 local_map_points=22395 trajectory_valid=true min_obstacle_distance=0.871 tracking_error=0.000 cmd_vel_nav=(0.272,0.112,0.468) replan_count=4 collision_count=0
[2026-07-06 10:44:15.102] [INFO] [SUMMARY] state=TRACKING current_pose=(3.500,5.500,0.000,0.000) pose_source=tf:base_link tf_age=-1.000 local_target=(4.859,6.059,0.062) path_size=33 local_map_points=22395 trajectory_valid=true min_obstacle_distance=0.871 tracking_error=0.000 cmd_vel_nav=(0.272,0.112,0.468) replan_count=4 collision_count=0
[2026-07-06 10:44:16.601] [INFO] [SUMMARY] state=TRACKING current_pose=(3.500,5.500,0.000,0.000) pose_source=tf:base_link tf_age=-1.000 local_target=(4.859,6.059,0.062) path_size=33 local_map_points=22395 trajectory_valid=true min_obstacle_distance=0.871 tracking_error=0.000 cmd_vel_nav=(0.272,0.112,0.468) replan_count=4 collision_count=0
[2026-07-06 10:44:18.099] [INFO] [SUMMARY] state=TRACKING current_pose=(3.500,5.500,0.000,0.000) pose_source=tf:base_link tf_age=-1.000 local_target=(4.859,6.059,0.062) path_size=33 local_map_points=22395 trajectory_valid=true min_obstacle_distance=0.871 tracking_error=0.000 cmd_vel_nav=(0.272,0.112,0.468) replan_count=4 collision_count=0
[2026-07-06 10:44:19.102] [INFO] [SUMMARY] state=TRACKING current_pose=(3.500,5.500,0.000,0.000) pose_source=tf:base_link tf_age=-1.000 local_target=(4.859,6.059,0.062) path_size=33 local_map_points=22395 trajectory_valid=true min_obstacle_distance=0.871 tracking_error=0.000 cmd_vel_nav=(0.272,0.112,0.468) replan_count=4 collision_count=0
[2026-07-06 10:44:20.600] [INFO] [SUMMARY] state=TRACKING current_pose=(3.500,5.500,0.000,0.000) pose_source=tf:base_link tf_age=-1.000 local_target=(4.859,6.059,0.062) path_size=33 local_map_points=22395 trajectory_valid=true min_obstacle_distance=0.871 tracking_error=0.000 cmd_vel_nav=(0.272,0.112,0.468) replan_count=4 collision_count=0
[2026-07-06 10:44:22.101] [INFO] [SUMMARY] state=TRACKING current_pose=(3.500,5.500,0.000,0.000) pose_source=tf:base_link tf_age=-1.000 local_target=(4.859,6.059,0.062) path_size=33 local_map_points=22395 trajectory_valid=true min_obstacle_distance=0.871 tracking_error=0.000 cmd_vel_nav=(0.272,0.112,0.468) replan_count=4 collision_count=0
[2026-07-06 10:44:23.602] [INFO] [SUMMARY] state=TRACKING current_pose=(3.500,5.500,0.000,0.000) pose_source=tf:base_link tf_age=-1.000 local_target=(4.859,6.059,0.062) path_size=33 local_map_points=22395 trajectory_valid=true min_obstacle_distance=0.871 tracking_error=0.000 cmd_vel_nav=(0.272,0.112,0.468) replan_count=4 collision_count=0
[2026-07-06 10:44:25.104] [INFO] [SUMMARY] state=TRACKING current_pose=(3.500,5.500,0.000,0.000) pose_source=tf:base_link tf_age=-1.000 local_target=(4.859,6.059,0.062) path_size=33 local_map_points=22395 trajectory_valid=true min_obstacle_distance=0.871 tracking_error=0.000 cmd_vel_nav=(0.272,0.112,0.468) replan_count=4 collision_count=0
[2026-07-06 10:44:26.601] [INFO] [SUMMARY] state=TRACKING current_pose=(3.500,5.500,0.000,0.000) pose_source=tf:base_link tf_age=-1.000 local_target=(4.859,6.059,0.062) path_size=33 local_map_points=22395 trajectory_valid=true min_obstacle_distance=0.871 tracking_error=0.000 cmd_vel_nav=(0.272,0.112,0.468) replan_count=4 collision_count=0
[2026-07-06 10:44:28.104] [INFO] [SUMMARY] state=TRACKING current_pose=(3.500,5.500,0.000,0.000) pose_source=tf:base_link tf_age=-1.000 local_target=(4.859,6.059,0.062) path_size=33 local_map_points=22395 trajectory_valid=true min_obstacle_distance=0.871 tracking_error=0.000 cmd_vel_nav=(0.272,0.112,0.468) replan_count=4 collision_count=0
[2026-07-06 10:44:29.601] [INFO] [SUMMARY] state=TRACKING current_pose=(3.500,5.500,0.000,0.000) pose_source=tf:base_link tf_age=-1.000 local_target=(4.859,6.059,0.062) path_size=33 local_map_points=22395 trajectory_valid=true min_obstacle_distance=0.871 tracking_error=0.000 cmd_vel_nav=(0.272,0.112,0.468) replan_count=4 collision_count=0
[2026-07-06 10:44:30.603] [INFO] [SUMMARY] state=TRACKING current_pose=(3.500,5.500,0.000,0.000) pose_source=tf:base_link tf_age=-1.000 local_target=(4.859,6.059,0.062) path_size=33 local_map_points=22395 trajectory_valid=true min_obstacle_distance=0.871 tracking_error=0.000 cmd_vel_nav=(0.272,0.112,0.468) replan_count=4 collision_count=0
[2026-07-06 10:44:31.605] [INFO] [SUMMARY] state=TRACKING current_pose=(3.500,5.500,0.000,0.000) pose_source=tf:base_link tf_age=-1.000 local_target=(4.859,6.059,0.062) path_size=33 local_map_points=22395 trajectory_valid=true min_obstacle_distance=0.871 tracking_error=0.000 cmd_vel_nav=(0.272,0.112,0.468) replan_count=4 collision_count=0
[2026-07-06 10:44:33.102] [INFO] [SUMMARY] state=TRACKING current_pose=(3.500,5.500,0.000,0.000) pose_source=tf:base_link tf_age=-1.000 local_target=(4.859,6.059,0.062) path_size=33 local_map_points=22395 trajectory_valid=true min_obstacle_distance=0.871 tracking_error=0.000 cmd_vel_nav=(0.272,0.112,0.468) replan_count=4 collision_count=0
[2026-07-06 10:44:34.602] [INFO] [SUMMARY] state=TRACKING current_pose=(3.500,5.500,0.000,0.000) pose_source=tf:base_link tf_age=-1.000 local_target=(4.859,6.059,0.062) path_size=33 local_map_points=22395 trajectory_valid=true min_obstacle_distance=0.871 tracking_error=0.000 cmd_vel_nav=(0.272,0.112,0.468) replan_count=4 collision_count=0
[2026-07-06 10:44:35.603] [INFO] [SUMMARY] state=TRACKING current_pose=(3.500,5.500,0.000,0.000) pose_source=tf:base_link tf_age=-1.000 local_target=(4.859,6.059,0.062) path_size=33 local_map_points=22395 trajectory_valid=true min_obstacle_distance=0.871 tracking_error=0.000 cmd_vel_nav=(0.272,0.112,0.468) replan_count=4 collision_count=0
[2026-07-06 10:44:36.604] [INFO] [SUMMARY] state=TRACKING current_pose=(3.500,5.500,0.000,0.000) pose_source=tf:base_link tf_age=-1.000 local_target=(4.859,6.059,0.062) path_size=33 local_map_points=22395 trajectory_valid=true min_obstacle_distance=0.871 tracking_error=0.000 cmd_vel_nav=(0.272,0.112,0.468) replan_count=4 collision_count=0
[2026-07-06 10:44:38.093] [INFO] [SUMMARY] state=TRACKING current_pose=(3.500,5.500,0.000,0.000) pose_source=tf:base_link tf_age=-1.000 local_target=(4.859,6.059,0.062) path_size=33 local_map_points=22395 trajectory_valid=true min_obstacle_distance=0.871 tracking_error=0.000 cmd_vel_nav=(0.272,0.112,0.468) replan_count=4 collision_count=0
[2026-07-06 10:44:39.094] [INFO] [SUMMARY] state=TRACKING current_pose=(3.500,5.500,0.000,0.000) pose_source=tf:base_link tf_age=-1.000 local_target=(4.859,6.059,0.062) path_size=33 local_map_points=22395 trajectory_valid=true min_obstacle_distance=0.871 tracking_error=0.000 cmd_vel_nav=(0.272,0.112,0.468) replan_count=4 collision_count=0
[2026-07-06 10:44:40.604] [INFO] [SUMMARY] state=TRACKING current_pose=(3.500,5.500,0.000,0.000) pose_source=tf:base_link tf_age=-1.000 local_target=(4.859,6.059,0.062) path_size=33 local_map_points=22395 trajectory_valid=true min_obstacle_distance=0.871 tracking_error=0.000 cmd_vel_nav=(0.272,0.112,0.468) replan_count=4 collision_count=0
[2026-07-06 10:44:42.103] [INFO] [SUMMARY] state=TRACKING current_pose=(3.500,5.500,0.000,0.000) pose_source=tf:base_link tf_age=-1.000 local_target=(4.859,6.059,0.062) path_size=33 local_map_points=22395 trajectory_valid=true min_obstacle_distance=0.871 tracking_error=0.000 cmd_vel_nav=(0.272,0.112,0.468) replan_count=4 collision_count=0
[2026-07-06 10:44:43.103] [INFO] [SUMMARY] state=TRACKING current_pose=(3.500,5.500,0.000,0.000) pose_source=tf:base_link tf_age=-1.000 local_target=(4.859,6.059,0.062) path_size=33 local_map_points=22395 trajectory_valid=true min_obstacle_distance=0.871 tracking_error=0.000 cmd_vel_nav=(0.272,0.112,0.468) replan_count=4 collision_count=0
[2026-07-06 10:44:44.104] [INFO] [SUMMARY] state=TRACKING current_pose=(3.500,5.500,0.000,0.000) pose_source=tf:base_link tf_age=-1.000 local_target=(4.859,6.059,0.062) path_size=33 local_map_points=22395 trajectory_valid=true min_obstacle_distance=0.871 tracking_error=0.000 cmd_vel_nav=(0.272,0.112,0.468) replan_count=4 collision_count=0
[2026-07-06 10:44:45.109] [INFO] [SUMMARY] state=TRACKING current_pose=(3.500,5.500,0.000,0.000) pose_source=tf:base_link tf_age=-1.000 local_target=(4.859,6.059,0.062) path_size=33 local_map_points=22395 trajectory_valid=true min_obstacle_distance=0.871 tracking_error=0.000 cmd_vel_nav=(0.272,0.112,0.468) replan_count=4 collision_count=0
[2026-07-06 10:44:46.118] [INFO] [SUMMARY] state=TRACKING current_pose=(3.500,5.500,0.000,0.000) pose_source=tf:base_link tf_age=-1.000 local_target=(4.859,6.059,0.062) path_size=33 local_map_points=22395 trajectory_valid=true min_obstacle_distance=0.871 tracking_error=0.000 cmd_vel_nav=(0.272,0.112,0.468) replan_count=4 collision_count=0
[2026-07-06 10:44:47.601] [INFO] [SUMMARY] state=TRACKING current_pose=(3.500,5.500,0.000,0.000) pose_source=tf:base_link tf_age=-1.000 local_target=(4.859,6.059,0.062) path_size=33 local_map_points=22395 trajectory_valid=true min_obstacle_distance=0.871 tracking_error=0.000 cmd_vel_nav=(0.272,0.112,0.468) replan_count=4 collision_count=0
[2026-07-06 10:44:48.605] [INFO] [SUMMARY] state=TRACKING current_pose=(3.500,5.500,0.000,0.000) pose_source=tf:base_link tf_age=-1.000 local_target=(4.859,6.059,0.062) path_size=33 local_map_points=22395 trajectory_valid=true min_obstacle_distance=0.871 tracking_error=0.000 cmd_vel_nav=(0.272,0.112,0.468) replan_count=4 collision_count=0
[2026-07-06 10:44:50.104] [INFO] [SUMMARY] state=TRACKING current_pose=(3.500,5.500,0.000,0.000) pose_source=tf:base_link tf_age=-1.000 local_target=(4.859,6.059,0.062) path_size=33 local_map_points=22395 trajectory_valid=true min_obstacle_distance=0.871 tracking_error=0.000 cmd_vel_nav=(0.272,0.112,0.468) replan_count=4 collision_count=0
[2026-07-06 10:44:51.105] [INFO] [SUMMARY] state=TRACKING current_pose=(3.500,5.500,0.000,0.000) pose_source=tf:base_link tf_age=-1.000 local_target=(4.859,6.059,0.062) path_size=33 local_map_points=22395 trajectory_valid=true min_obstacle_distance=0.871 tracking_error=0.000 cmd_vel_nav=(0.272,0.112,0.468) replan_count=4 collision_count=0
[2026-07-06 10:44:52.105] [INFO] [SUMMARY] state=TRACKING current_pose=(3.500,5.500,0.000,0.000) pose_source=tf:base_link tf_age=-1.000 local_target=(4.859,6.059,0.062) path_size=33 local_map_points=22395 trajectory_valid=true min_obstacle_distance=0.871 tracking_error=0.000 cmd_vel_nav=(0.272,0.112,0.468) replan_count=4 collision_count=0
[2026-07-06 10:44:53.605] [INFO] [SUMMARY] state=TRACKING current_pose=(3.500,5.500,0.000,0.000) pose_source=tf:base_link tf_age=-1.000 local_target=(4.859,6.059,0.062) path_size=33 local_map_points=22395 trajectory_valid=true min_obstacle_distance=0.871 tracking_error=0.000 cmd_vel_nav=(0.272,0.112,0.468) replan_count=4 collision_count=0
[2026-07-06 10:44:55.106] [INFO] [SUMMARY] state=TRACKING current_pose=(3.500,5.500,0.000,0.000) pose_source=tf:base_link tf_age=-1.000 local_target=(4.859,6.059,0.062) path_size=33 local_map_points=22395 trajectory_valid=true min_obstacle_distance=0.871 tracking_error=0.000 cmd_vel_nav=(0.272,0.112,0.468) replan_count=4 collision_count=0
[2026-07-06 10:44:56.109] [INFO] [SUMMARY] state=TRACKING current_pose=(3.500,5.500,0.000,0.000) pose_source=tf:base_link tf_age=-1.000 local_target=(4.859,6.059,0.062) path_size=33 local_map_points=22395 trajectory_valid=true min_obstacle_distance=0.871 tracking_error=0.000 cmd_vel_nav=(0.272,0.112,0.468) replan_count=4 collision_count=0
[2026-07-06 10:44:57.606] [INFO] [SUMMARY] state=TRACKING current_pose=(3.500,5.500,0.000,0.000) pose_source=tf:base_link tf_age=-1.000 local_target=(4.859,6.059,0.062) path_size=33 local_map_points=22395 trajectory_valid=true min_obstacle_distance=0.871 tracking_error=0.000 cmd_vel_nav=(0.272,0.112,0.468) replan_count=4 collision_count=0
[2026-07-06 10:44:58.611] [INFO] [SUMMARY] state=TRACKING current_pose=(3.500,5.500,0.000,0.000) pose_source=tf:base_link tf_age=-1.000 local_target=(4.859,6.059,0.062) path_size=33 local_map_points=22395 trajectory_valid=true min_obstacle_distance=0.871 tracking_error=0.000 cmd_vel_nav=(0.272,0.112,0.468) replan_count=4 collision_count=0
[2026-07-06 10:45:00.098] [INFO] [SUMMARY] state=TRACKING current_pose=(3.500,5.500,0.000,0.000) pose_source=tf:base_link tf_age=-1.000 local_target=(4.859,6.059,0.062) path_size=33 local_map_points=22395 trajectory_valid=true min_obstacle_distance=0.871 tracking_error=0.000 cmd_vel_nav=(0.272,0.112,0.468) replan_count=4 collision_count=0
[2026-07-06 10:45:01.606] [INFO] [SUMMARY] state=TRACKING current_pose=(3.500,5.500,0.000,0.000) pose_source=tf:base_link tf_age=-1.000 local_target=(4.859,6.059,0.062) path_size=33 local_map_points=22395 trajectory_valid=true min_obstacle_distance=0.871 tracking_error=0.000 cmd_vel_nav=(0.272,0.112,0.468) replan_count=4 collision_count=0
[2026-07-06 10:45:03.096] [INFO] [SUMMARY] state=TRACKING current_pose=(3.500,5.500,0.000,0.000) pose_source=tf:base_link tf_age=-1.000 local_target=(4.859,6.059,0.062) path_size=33 local_map_points=22395 trajectory_valid=true min_obstacle_distance=0.871 tracking_error=0.000 cmd_vel_nav=(0.272,0.112,0.468) replan_count=4 collision_count=0
[2026-07-06 10:45:04.105] [INFO] [SUMMARY] state=TRACKING current_pose=(3.500,5.500,0.000,0.000) pose_source=tf:base_link tf_age=-1.000 local_target=(4.859,6.059,0.062) path_size=33 local_map_points=22395 trajectory_valid=true min_obstacle_distance=0.871 tracking_error=0.000 cmd_vel_nav=(0.272,0.112,0.468) replan_count=4 collision_count=0
[2026-07-06 10:45:05.106] [INFO] [SUMMARY] state=TRACKING current_pose=(3.500,5.500,0.000,0.000) pose_source=tf:base_link tf_age=-1.000 local_target=(4.859,6.059,0.062) path_size=33 local_map_points=22395 trajectory_valid=true min_obstacle_distance=0.871 tracking_error=0.000 cmd_vel_nav=(0.272,0.112,0.468) replan_count=4 collision_count=0
[2026-07-06 10:45:06.606] [INFO] [SUMMARY] state=TRACKING current_pose=(3.500,5.500,0.000,0.000) pose_source=tf:base_link tf_age=-1.000 local_target=(4.859,6.059,0.062) path_size=33 local_map_points=22395 trajectory_valid=true min_obstacle_distance=0.871 tracking_error=0.000 cmd_vel_nav=(0.272,0.112,0.468) replan_count=4 collision_count=0
[2026-07-06 10:45:07.610] [INFO] [SUMMARY] state=TRACKING current_pose=(3.500,5.500,0.000,0.000) pose_source=tf:base_link tf_age=-1.000 local_target=(4.859,6.059,0.062) path_size=33 local_map_points=22395 trajectory_valid=true min_obstacle_distance=0.871 tracking_error=0.000 cmd_vel_nav=(0.272,0.112,0.468) replan_count=4 collision_count=0
[2026-07-06 10:45:09.097] [INFO] [SUMMARY] state=TRACKING current_pose=(3.500,5.500,0.000,0.000) pose_source=tf:base_link tf_age=-1.000 local_target=(4.859,6.059,0.062) path_size=33 local_map_points=22395 trajectory_valid=true min_obstacle_distance=0.871 tracking_error=0.000 cmd_vel_nav=(0.272,0.112,0.468) replan_count=4 collision_count=0
[2026-07-06 10:45:10.098] [INFO] [SUMMARY] state=TRACKING current_pose=(3.500,5.500,0.000,0.000) pose_source=tf:base_link tf_age=-1.000 local_target=(4.859,6.059,0.062) path_size=33 local_map_points=22395 trajectory_valid=true min_obstacle_distance=0.871 tracking_error=0.000 cmd_vel_nav=(0.272,0.112,0.468) replan_count=4 collision_count=0
[2026-07-06 10:45:11.594] [INFO] [SUMMARY] state=TRACKING current_pose=(3.500,5.500,0.000,0.000) pose_source=tf:base_link tf_age=-1.000 local_target=(4.859,6.059,0.062) path_size=33 local_map_points=22395 trajectory_valid=true min_obstacle_distance=0.871 tracking_error=0.000 cmd_vel_nav=(0.272,0.112,0.468) replan_count=4 collision_count=0
[2026-07-06 10:45:12.602] [INFO] [SUMMARY] state=TRACKING current_pose=(3.500,5.500,0.000,0.000) pose_source=tf:base_link tf_age=-1.000 local_target=(4.859,6.059,0.062) path_size=33 local_map_points=22395 trajectory_valid=true min_obstacle_distance=0.871 tracking_error=0.000 cmd_vel_nav=(0.272,0.112,0.468) replan_count=4 collision_count=0
[2026-07-06 10:45:13.613] [INFO] [SUMMARY] state=TRACKING current_pose=(3.500,5.500,0.000,0.000) pose_source=tf:base_link tf_age=-1.000 local_target=(4.859,6.059,0.062) path_size=33 local_map_points=22395 trajectory_valid=true min_obstacle_distance=0.871 tracking_error=0.000 cmd_vel_nav=(0.272,0.112,0.468) replan_count=4 collision_count=0
[2026-07-06 10:45:15.108] [INFO] [SUMMARY] state=TRACKING current_pose=(3.500,5.500,0.000,0.000) pose_source=tf:base_link tf_age=-1.000 local_target=(4.859,6.059,0.062) path_size=33 local_map_points=22395 trajectory_valid=true min_obstacle_distance=0.871 tracking_error=0.000 cmd_vel_nav=(0.272,0.112,0.468) replan_count=4 collision_count=0
[2026-07-06 10:45:16.609] [INFO] [SUMMARY] state=TRACKING current_pose=(3.500,5.500,0.000,0.000) pose_source=tf:base_link tf_age=-1.000 local_target=(4.859,6.059,0.062) path_size=33 local_map_points=22395 trajectory_valid=true min_obstacle_distance=0.871 tracking_error=0.000 cmd_vel_nav=(0.272,0.112,0.468) replan_count=4 collision_count=0
[2026-07-06 10:45:17.612] [INFO] [SUMMARY] state=TRACKING current_pose=(3.500,5.500,0.000,0.000) pose_source=tf:base_link tf_age=-1.000 local_target=(4.859,6.059,0.062) path_size=33 local_map_points=22395 trajectory_valid=true min_obstacle_distance=0.871 tracking_error=0.000 cmd_vel_nav=(0.272,0.112,0.468) replan_count=4 collision_count=0
[2026-07-06 10:45:19.108] [INFO] [SUMMARY] state=TRACKING current_pose=(3.500,5.500,0.000,0.000) pose_source=tf:base_link tf_age=-1.000 local_target=(4.859,6.059,0.062) path_size=33 local_map_points=22395 trajectory_valid=true min_obstacle_distance=0.871 tracking_error=0.000 cmd_vel_nav=(0.272,0.112,0.468) replan_count=4 collision_count=0
[2026-07-06 10:45:20.606] [INFO] [SUMMARY] state=TRACKING current_pose=(3.500,5.500,0.000,0.000) pose_source=tf:base_link tf_age=-1.000 local_target=(4.859,6.059,0.062) path_size=33 local_map_points=22395 trajectory_valid=true min_obstacle_distance=0.871 tracking_error=0.000 cmd_vel_nav=(0.272,0.112,0.468) replan_count=4 collision_count=0
[2026-07-06 10:45:21.618] [INFO] [SUMMARY] state=TRACKING current_pose=(3.500,5.500,0.000,0.000) pose_source=tf:base_link tf_age=-1.000 local_target=(4.859,6.059,0.062) path_size=33 local_map_points=22395 trajectory_valid=true min_obstacle_distance=0.871 tracking_error=0.000 cmd_vel_nav=(0.272,0.112,0.468) replan_count=4 collision_count=0
[2026-07-06 10:45:23.105] [INFO] [SUMMARY] state=TRACKING current_pose=(3.500,5.500,0.000,0.000) pose_source=tf:base_link tf_age=-1.000 local_target=(4.859,6.059,0.062) path_size=33 local_map_points=22395 trajectory_valid=true min_obstacle_distance=0.871 tracking_error=0.000 cmd_vel_nav=(0.272,0.112,0.468) replan_count=4 collision_count=0
[2026-07-06 10:45:24.112] [INFO] [SUMMARY] state=TRACKING current_pose=(3.500,5.500,0.000,0.000) pose_source=tf:base_link tf_age=-1.000 local_target=(4.859,6.059,0.062) path_size=33 local_map_points=22395 trajectory_valid=true min_obstacle_distance=0.871 tracking_error=0.000 cmd_vel_nav=(0.272,0.112,0.468) replan_count=4 collision_count=0
[2026-07-06 10:45:25.597] [INFO] [SUMMARY] state=TRACKING current_pose=(3.500,5.500,0.000,0.000) pose_source=tf:base_link tf_age=-1.000 local_target=(4.859,6.059,0.062) path_size=33 local_map_points=22395 trajectory_valid=true min_obstacle_distance=0.871 tracking_error=0.000 cmd_vel_nav=(0.272,0.112,0.468) replan_count=4 collision_count=0
[2026-07-06 10:45:26.608] [INFO] [SUMMARY] state=TRACKING current_pose=(3.500,5.500,0.000,0.000) pose_source=tf:base_link tf_age=-1.000 local_target=(4.859,6.059,0.062) path_size=33 local_map_points=22395 trajectory_valid=true min_obstacle_distance=0.871 tracking_error=0.000 cmd_vel_nav=(0.272,0.112,0.468) replan_count=4 collision_count=0
[2026-07-06 10:45:28.103] [INFO] [SUMMARY] state=TRACKING current_pose=(3.500,5.500,0.000,0.000) pose_source=tf:base_link tf_age=-1.000 local_target=(4.859,6.059,0.062) path_size=33 local_map_points=22395 trajectory_valid=true min_obstacle_distance=0.871 tracking_error=0.000 cmd_vel_nav=(0.272,0.112,0.468) replan_count=4 collision_count=0
[2026-07-06 10:45:29.106] [INFO] [SUMMARY] state=TRACKING current_pose=(3.500,5.500,0.000,0.000) pose_source=tf:base_link tf_age=-1.000 local_target=(4.859,6.059,0.062) path_size=33 local_map_points=22395 trajectory_valid=true min_obstacle_distance=0.871 tracking_error=0.000 cmd_vel_nav=(0.272,0.112,0.468) replan_count=4 collision_count=0
[2026-07-06 10:45:30.108] [INFO] [SUMMARY] state=TRACKING current_pose=(3.500,5.500,0.000,0.000) pose_source=tf:base_link tf_age=-1.000 local_target=(4.859,6.059,0.062) path_size=33 local_map_points=22395 trajectory_valid=true min_obstacle_distance=0.871 tracking_error=0.000 cmd_vel_nav=(0.272,0.112,0.468) replan_count=4 collision_count=0
[2026-07-06 10:45:31.601] [INFO] [SUMMARY] state=TRACKING current_pose=(3.500,5.500,0.000,0.000) pose_source=tf:base_link tf_age=-1.000 local_target=(4.859,6.059,0.062) path_size=33 local_map_points=22395 trajectory_valid=true min_obstacle_distance=0.871 tracking_error=0.000 cmd_vel_nav=(0.272,0.112,0.468) replan_count=4 collision_count=0
[2026-07-06 10:45:32.607] [INFO] [SUMMARY] state=TRACKING current_pose=(3.500,5.500,0.000,0.000) pose_source=tf:base_link tf_age=-1.000 local_target=(4.859,6.059,0.062) path_size=33 local_map_points=22395 trajectory_valid=true min_obstacle_distance=0.871 tracking_error=0.000 cmd_vel_nav=(0.272,0.112,0.468) replan_count=4 collision_count=0
[2026-07-06 10:45:33.608] [INFO] [SUMMARY] state=TRACKING current_pose=(3.500,5.500,0.000,0.000) pose_source=tf:base_link tf_age=-1.000 local_target=(4.859,6.059,0.062) path_size=33 local_map_points=22395 trajectory_valid=true min_obstacle_distance=0.871 tracking_error=0.000 cmd_vel_nav=(0.272,0.112,0.468) replan_count=4 collision_count=0
[2026-07-06 10:45:35.107] [INFO] [SUMMARY] state=TRACKING current_pose=(3.500,5.500,0.000,0.000) pose_source=tf:base_link tf_age=-1.000 local_target=(4.859,6.059,0.062) path_size=33 local_map_points=22395 trajectory_valid=true min_obstacle_distance=0.871 tracking_error=0.000 cmd_vel_nav=(0.272,0.112,0.468) replan_count=4 collision_count=0
[2026-07-06 10:45:36.108] [INFO] [SUMMARY] state=TRACKING current_pose=(3.500,5.500,0.000,0.000) pose_source=tf:base_link tf_age=-1.000 local_target=(4.859,6.059,0.062) path_size=33 local_map_points=22395 trajectory_valid=true min_obstacle_distance=0.871 tracking_error=0.000 cmd_vel_nav=(0.272,0.112,0.468) replan_count=4 collision_count=0
[2026-07-06 10:45:37.114] [INFO] [SUMMARY] state=TRACKING current_pose=(3.500,5.500,0.000,0.000) pose_source=tf:base_link tf_age=-1.000 local_target=(4.859,6.059,0.062) path_size=33 local_map_points=22395 trajectory_valid=true min_obstacle_distance=0.871 tracking_error=0.000 cmd_vel_nav=(0.272,0.112,0.468) replan_count=4 collision_count=0
[2026-07-06 10:45:38.619] [INFO] [SUMMARY] state=TRACKING current_pose=(3.500,5.500,0.000,0.000) pose_source=tf:base_link tf_age=-1.000 local_target=(4.859,6.059,0.062) path_size=33 local_map_points=22395 trajectory_valid=true min_obstacle_distance=0.871 tracking_error=0.000 cmd_vel_nav=(0.272,0.112,0.468) replan_count=4 collision_count=0
[2026-07-06 10:45:40.102] [INFO] [SUMMARY] state=TRACKING current_pose=(3.500,5.500,0.000,0.000) pose_source=tf:base_link tf_age=-1.000 local_target=(4.859,6.059,0.062) path_size=33 local_map_points=22395 trajectory_valid=true min_obstacle_distance=0.871 tracking_error=0.000 cmd_vel_nav=(0.272,0.112,0.468) replan_count=4 collision_count=0
[2026-07-06 10:45:41.106] [INFO] [SUMMARY] state=TRACKING current_pose=(3.500,5.500,0.000,0.000) pose_source=tf:base_link tf_age=-1.000 local_target=(4.859,6.059,0.062) path_size=33 local_map_points=22395 trajectory_valid=true min_obstacle_distance=0.871 tracking_error=0.000 cmd_vel_nav=(0.272,0.112,0.468) replan_count=4 collision_count=0
[2026-07-06 10:45:42.606] [INFO] [SUMMARY] state=TRACKING current_pose=(3.500,5.500,0.000,0.000) pose_source=tf:base_link tf_age=-1.000 local_target=(4.859,6.059,0.062) path_size=33 local_map_points=22395 trajectory_valid=true min_obstacle_distance=0.871 tracking_error=0.000 cmd_vel_nav=(0.272,0.112,0.468) replan_count=4 collision_count=0
[2026-07-06 10:45:43.608] [INFO] [SUMMARY] state=TRACKING current_pose=(3.500,5.500,0.000,0.000) pose_source=tf:base_link tf_age=-1.000 local_target=(4.859,6.059,0.062) path_size=33 local_map_points=22395 trajectory_valid=true min_obstacle_distance=0.871 tracking_error=0.000 cmd_vel_nav=(0.272,0.112,0.468) replan_count=4 collision_count=0
[2026-07-06 10:45:44.611] [INFO] [SUMMARY] state=TRACKING current_pose=(3.500,5.500,0.000,0.000) pose_source=tf:base_link tf_age=-1.000 local_target=(4.859,6.059,0.062) path_size=33 local_map_points=22395 trajectory_valid=true min_obstacle_distance=0.871 tracking_error=0.000 cmd_vel_nav=(0.272,0.112,0.468) replan_count=4 collision_count=0
[2026-07-06 10:45:46.105] [INFO] [SUMMARY] state=TRACKING current_pose=(3.500,5.500,0.000,0.000) pose_source=tf:base_link tf_age=-1.000 local_target=(4.859,6.059,0.062) path_size=33 local_map_points=22395 trajectory_valid=true min_obstacle_distance=0.871 tracking_error=0.000 cmd_vel_nav=(0.272,0.112,0.468) replan_count=4 collision_count=0
[2026-07-06 10:45:47.604] [INFO] [SUMMARY] state=TRACKING current_pose=(3.500,5.500,0.000,0.000) pose_source=tf:base_link tf_age=-1.000 local_target=(4.859,6.059,0.062) path_size=33 local_map_points=22395 trajectory_valid=true min_obstacle_distance=0.871 tracking_error=0.000 cmd_vel_nav=(0.272,0.112,0.468) replan_count=4 collision_count=0
[2026-07-06 10:45:48.604] [INFO] [SUMMARY] state=TRACKING current_pose=(3.500,5.500,0.000,0.000) pose_source=tf:base_link tf_age=-1.000 local_target=(4.859,6.059,0.062) path_size=33 local_map_points=22395 trajectory_valid=true min_obstacle_distance=0.871 tracking_error=0.000 cmd_vel_nav=(0.272,0.112,0.468) replan_count=4 collision_count=0
[2026-07-06 10:45:50.102] [INFO] [SUMMARY] state=TRACKING current_pose=(3.500,5.500,0.000,0.000) pose_source=tf:base_link tf_age=-1.000 local_target=(4.859,6.059,0.062) path_size=33 local_map_points=22395 trajectory_valid=true min_obstacle_distance=0.871 tracking_error=0.000 cmd_vel_nav=(0.272,0.112,0.468) replan_count=4 collision_count=0
[2026-07-06 10:45:51.107] [INFO] [SUMMARY] state=TRACKING current_pose=(3.500,5.500,0.000,0.000) pose_source=tf:base_link tf_age=-1.000 local_target=(4.859,6.059,0.062) path_size=33 local_map_points=22395 trajectory_valid=true min_obstacle_distance=0.871 tracking_error=0.000 cmd_vel_nav=(0.272,0.112,0.468) replan_count=4 collision_count=0
[2026-07-06 10:45:52.604] [INFO] [SUMMARY] state=TRACKING current_pose=(3.500,5.500,0.000,0.000) pose_source=tf:base_link tf_age=-1.000 local_target=(4.859,6.059,0.062) path_size=33 local_map_points=22395 trajectory_valid=true min_obstacle_distance=0.871 tracking_error=0.000 cmd_vel_nav=(0.272,0.112,0.468) replan_count=4 collision_count=0
[2026-07-06 10:45:53.606] [INFO] [SUMMARY] state=TRACKING current_pose=(3.500,5.500,0.000,0.000) pose_source=tf:base_link tf_age=-1.000 local_target=(4.859,6.059,0.062) path_size=33 local_map_points=22395 trajectory_valid=true min_obstacle_distance=0.871 tracking_error=0.000 cmd_vel_nav=(0.272,0.112,0.468) replan_count=4 collision_count=0
[2026-07-06 10:45:55.104] [INFO] [SUMMARY] state=TRACKING current_pose=(3.500,5.500,0.000,0.000) pose_source=tf:base_link tf_age=-1.000 local_target=(4.859,6.059,0.062) path_size=33 local_map_points=22395 trajectory_valid=true min_obstacle_distance=0.871 tracking_error=0.000 cmd_vel_nav=(0.272,0.112,0.468) replan_count=4 collision_count=0
[2026-07-06 10:45:56.104] [INFO] [SUMMARY] state=TRACKING current_pose=(3.500,5.500,0.000,0.000) pose_source=tf:base_link tf_age=-1.000 local_target=(4.859,6.059,0.062) path_size=33 local_map_points=22395 trajectory_valid=true min_obstacle_distance=0.871 tracking_error=0.000 cmd_vel_nav=(0.272,0.112,0.468) replan_count=4 collision_count=0
[2026-07-06 10:45:57.604] [INFO] [SUMMARY] state=TRACKING current_pose=(3.500,5.500,0.000,0.000) pose_source=tf:base_link tf_age=-1.000 local_target=(4.859,6.059,0.062) path_size=33 local_map_points=22395 trajectory_valid=true min_obstacle_distance=0.871 tracking_error=0.000 cmd_vel_nav=(0.272,0.112,0.468) replan_count=4 collision_count=0
[2026-07-06 10:45:59.104] [INFO] [SUMMARY] state=TRACKING current_pose=(3.500,5.500,0.000,0.000) pose_source=tf:base_link tf_age=-1.000 local_target=(4.859,6.059,0.062) path_size=33 local_map_points=22395 trajectory_valid=true min_obstacle_distance=0.871 tracking_error=0.000 cmd_vel_nav=(0.272,0.112,0.468) replan_count=4 collision_count=0
[2026-07-06 10:46:00.603] [INFO] [SUMMARY] state=TRACKING current_pose=(3.500,5.500,0.000,0.000) pose_source=tf:base_link tf_age=-1.000 local_target=(4.859,6.059,0.062) path_size=33 local_map_points=22395 trajectory_valid=true min_obstacle_distance=0.871 tracking_error=0.000 cmd_vel_nav=(0.272,0.112,0.468) replan_count=4 collision_count=0
[2026-07-06 10:46:02.102] [INFO] [SUMMARY] state=TRACKING current_pose=(3.500,5.500,0.000,0.000) pose_source=tf:base_link tf_age=-1.000 local_target=(4.859,6.059,0.062) path_size=33 local_map_points=22395 trajectory_valid=true min_obstacle_distance=0.871 tracking_error=0.000 cmd_vel_nav=(0.272,0.112,0.468) replan_count=4 collision_count=0
[2026-07-06 10:46:03.602] [INFO] [SUMMARY] state=TRACKING current_pose=(3.500,5.500,0.000,0.000) pose_source=tf:base_link tf_age=-1.000 local_target=(4.859,6.059,0.062) path_size=33 local_map_points=22395 trajectory_valid=true min_obstacle_distance=0.871 tracking_error=0.000 cmd_vel_nav=(0.272,0.112,0.468) replan_count=4 collision_count=0
[2026-07-06 10:46:04.602] [INFO] [SUMMARY] state=TRACKING current_pose=(3.500,5.500,0.000,0.000) pose_source=tf:base_link tf_age=-1.000 local_target=(4.859,6.059,0.062) path_size=33 local_map_points=22395 trajectory_valid=true min_obstacle_distance=0.871 tracking_error=0.000 cmd_vel_nav=(0.272,0.112,0.468) replan_count=4 collision_count=0
[2026-07-06 10:46:05.605] [INFO] [SUMMARY] state=TRACKING current_pose=(3.500,5.500,0.000,0.000) pose_source=tf:base_link tf_age=-1.000 local_target=(4.859,6.059,0.062) path_size=33 local_map_points=22395 trajectory_valid=true min_obstacle_distance=0.871 tracking_error=0.000 cmd_vel_nav=(0.272,0.112,0.468) replan_count=4 collision_count=0
[2026-07-06 10:46:07.102] [INFO] [SUMMARY] state=TRACKING current_pose=(3.500,5.500,0.000,0.000) pose_source=tf:base_link tf_age=-1.000 local_target=(4.859,6.059,0.062) path_size=33 local_map_points=22395 trajectory_valid=true min_obstacle_distance=0.871 tracking_error=0.000 cmd_vel_nav=(0.272,0.112,0.468) replan_count=4 collision_count=0
[2026-07-06 10:46:08.600] [INFO] [SUMMARY] state=TRACKING current_pose=(3.500,5.500,0.000,0.000) pose_source=tf:base_link tf_age=-1.000 local_target=(4.859,6.059,0.062) path_size=33 local_map_points=22395 trajectory_valid=true min_obstacle_distance=0.871 tracking_error=0.000 cmd_vel_nav=(0.272,0.112,0.468) replan_count=4 collision_count=0
[2026-07-06 10:46:09.601] [INFO] [SUMMARY] state=TRACKING current_pose=(3.500,5.500,0.000,0.000) pose_source=tf:base_link tf_age=-1.000 local_target=(4.859,6.059,0.062) path_size=33 local_map_points=22395 trajectory_valid=true min_obstacle_distance=0.871 tracking_error=0.000 cmd_vel_nav=(0.272,0.112,0.468) replan_count=4 collision_count=0
[2026-07-06 10:46:10.606] [INFO] [SUMMARY] state=TRACKING current_pose=(3.500,5.500,0.000,0.000) pose_source=tf:base_link tf_age=-1.000 local_target=(4.859,6.059,0.062) path_size=33 local_map_points=22395 trajectory_valid=true min_obstacle_distance=0.871 tracking_error=0.000 cmd_vel_nav=(0.272,0.112,0.468) replan_count=4 collision_count=0
[2026-07-06 10:46:12.101] [INFO] [SUMMARY] state=TRACKING current_pose=(3.500,5.500,0.000,0.000) pose_source=tf:base_link tf_age=-1.000 local_target=(4.859,6.059,0.062) path_size=33 local_map_points=22395 trajectory_valid=true min_obstacle_distance=0.871 tracking_error=0.000 cmd_vel_nav=(0.272,0.112,0.468) replan_count=4 collision_count=0
[2026-07-06 10:46:13.101] [INFO] [SUMMARY] state=TRACKING current_pose=(3.500,5.500,0.000,0.000) pose_source=tf:base_link tf_age=-1.000 local_target=(4.859,6.059,0.062) path_size=33 local_map_points=22395 trajectory_valid=true min_obstacle_distance=0.871 tracking_error=0.000 cmd_vel_nav=(0.272,0.112,0.468) replan_count=4 collision_count=0
[2026-07-06 10:46:14.101] [INFO] [SUMMARY] state=TRACKING current_pose=(3.500,5.500,0.000,0.000) pose_source=tf:base_link tf_age=-1.000 local_target=(4.859,6.059,0.062) path_size=33 local_map_points=22395 trajectory_valid=true min_obstacle_distance=0.871 tracking_error=0.000 cmd_vel_nav=(0.272,0.112,0.468) replan_count=4 collision_count=0
[2026-07-06 10:46:15.101] [INFO] [SUMMARY] state=TRACKING current_pose=(3.500,5.500,0.000,0.000) pose_source=tf:base_link tf_age=-1.000 local_target=(4.859,6.059,0.062) path_size=33 local_map_points=22395 trajectory_valid=true min_obstacle_distance=0.871 tracking_error=0.000 cmd_vel_nav=(0.272,0.112,0.468) replan_count=4 collision_count=0
[2026-07-06 10:46:16.602] [INFO] [SUMMARY] state=TRACKING current_pose=(3.500,5.500,0.000,0.000) pose_source=tf:base_link tf_age=-1.000 local_target=(4.859,6.059,0.062) path_size=33 local_map_points=22395 trajectory_valid=true min_obstacle_distance=0.871 tracking_error=0.000 cmd_vel_nav=(0.272,0.112,0.468) replan_count=4 collision_count=0
[2026-07-06 10:46:18.101] [INFO] [SUMMARY] state=TRACKING current_pose=(3.500,5.500,0.000,0.000) pose_source=tf:base_link tf_age=-1.000 local_target=(4.859,6.059,0.062) path_size=33 local_map_points=22395 trajectory_valid=true min_obstacle_distance=0.871 tracking_error=0.000 cmd_vel_nav=(0.272,0.112,0.468) replan_count=4 collision_count=0
[2026-07-06 10:46:19.103] [INFO] [SUMMARY] state=TRACKING current_pose=(3.500,5.500,0.000,0.000) pose_source=tf:base_link tf_age=-1.000 local_target=(4.859,6.059,0.062) path_size=33 local_map_points=22395 trajectory_valid=true min_obstacle_distance=0.871 tracking_error=0.000 cmd_vel_nav=(0.272,0.112,0.468) replan_count=4 collision_count=0
[2026-07-06 10:46:20.600] [INFO] [SUMMARY] state=TRACKING current_pose=(3.500,5.500,0.000,0.000) pose_source=tf:base_link tf_age=-1.000 local_target=(4.859,6.059,0.062) path_size=33 local_map_points=22395 trajectory_valid=true min_obstacle_distance=0.871 tracking_error=0.000 cmd_vel_nav=(0.272,0.112,0.468) replan_count=4 collision_count=0
[2026-07-06 10:46:21.601] [INFO] [SUMMARY] state=TRACKING current_pose=(3.500,5.500,0.000,0.000) pose_source=tf:base_link tf_age=-1.000 local_target=(4.859,6.059,0.062) path_size=33 local_map_points=22395 trajectory_valid=true min_obstacle_distance=0.871 tracking_error=0.000 cmd_vel_nav=(0.272,0.112,0.468) replan_count=4 collision_count=0
[2026-07-06 10:46:23.099] [INFO] [SUMMARY] state=TRACKING current_pose=(3.500,5.500,0.000,0.000) pose_source=tf:base_link tf_age=-1.000 local_target=(4.859,6.059,0.062) path_size=33 local_map_points=22395 trajectory_valid=true min_obstacle_distance=0.871 tracking_error=0.000 cmd_vel_nav=(0.272,0.112,0.468) replan_count=4 collision_count=0
[2026-07-06 10:46:24.598] [INFO] [SUMMARY] state=TRACKING current_pose=(3.500,5.500,0.000,0.000) pose_source=tf:base_link tf_age=-1.000 local_target=(4.859,6.059,0.062) path_size=33 local_map_points=22395 trajectory_valid=true min_obstacle_distance=0.871 tracking_error=0.000 cmd_vel_nav=(0.272,0.112,0.468) replan_count=4 collision_count=0
[2026-07-06 10:46:25.601] [INFO] [SUMMARY] state=TRACKING current_pose=(3.500,5.500,0.000,0.000) pose_source=tf:base_link tf_age=-1.000 local_target=(4.859,6.059,0.062) path_size=33 local_map_points=22395 trajectory_valid=true min_obstacle_distance=0.871 tracking_error=0.000 cmd_vel_nav=(0.272,0.112,0.468) replan_count=4 collision_count=0
[2026-07-06 10:46:26.601] [INFO] [SUMMARY] state=TRACKING current_pose=(3.500,5.500,0.000,0.000) pose_source=tf:base_link tf_age=-1.000 local_target=(4.859,6.059,0.062) path_size=33 local_map_points=22395 trajectory_valid=true min_obstacle_distance=0.871 tracking_error=0.000 cmd_vel_nav=(0.272,0.112,0.468) replan_count=4 collision_count=0
[2026-07-06 10:46:28.100] [INFO] [SUMMARY] state=TRACKING current_pose=(3.500,5.500,0.000,0.000) pose_source=tf:base_link tf_age=-1.000 local_target=(4.859,6.059,0.062) path_size=33 local_map_points=22395 trajectory_valid=true min_obstacle_distance=0.871 tracking_error=0.000 cmd_vel_nav=(0.272,0.112,0.468) replan_count=4 collision_count=0
[2026-07-06 10:46:29.600] [INFO] [SUMMARY] state=TRACKING current_pose=(3.500,5.500,0.000,0.000) pose_source=tf:base_link tf_age=-1.000 local_target=(4.859,6.059,0.062) path_size=33 local_map_points=22395 trajectory_valid=true min_obstacle_distance=0.871 tracking_error=0.000 cmd_vel_nav=(0.272,0.112,0.468) replan_count=4 collision_count=0
[2026-07-06 10:46:31.104] [INFO] [SUMMARY] state=TRACKING current_pose=(3.500,5.500,0.000,0.000) pose_source=tf:base_link tf_age=-1.000 local_target=(4.859,6.059,0.062) path_size=33 local_map_points=22395 trajectory_valid=true min_obstacle_distance=0.871 tracking_error=0.000 cmd_vel_nav=(0.272,0.112,0.468) replan_count=4 collision_count=0
[2026-07-06 10:46:32.593] [INFO] [SUMMARY] state=TRACKING current_pose=(3.500,5.500,0.000,0.000) pose_source=tf:base_link tf_age=-1.000 local_target=(4.859,6.059,0.062) path_size=33 local_map_points=22395 trajectory_valid=true min_obstacle_distance=0.871 tracking_error=0.000 cmd_vel_nav=(0.272,0.112,0.468) replan_count=4 collision_count=0
[2026-07-06 10:46:33.598] [INFO] [SUMMARY] state=TRACKING current_pose=(3.500,5.500,0.000,0.000) pose_source=tf:base_link tf_age=-1.000 local_target=(4.859,6.059,0.062) path_size=33 local_map_points=22395 trajectory_valid=true min_obstacle_distance=0.871 tracking_error=0.000 cmd_vel_nav=(0.272,0.112,0.468) replan_count=4 collision_count=0
[2026-07-06 10:46:34.600] [INFO] [SUMMARY] state=TRACKING current_pose=(3.500,5.500,0.000,0.000) pose_source=tf:base_link tf_age=-1.000 local_target=(4.859,6.059,0.062) path_size=33 local_map_points=22395 trajectory_valid=true min_obstacle_distance=0.871 tracking_error=0.000 cmd_vel_nav=(0.272,0.112,0.468) replan_count=4 collision_count=0
[2026-07-06 10:46:35.600] [INFO] [SUMMARY] state=TRACKING current_pose=(3.500,5.500,0.000,0.000) pose_source=tf:base_link tf_age=-1.000 local_target=(4.859,6.059,0.062) path_size=33 local_map_points=22395 trajectory_valid=true min_obstacle_distance=0.871 tracking_error=0.000 cmd_vel_nav=(0.272,0.112,0.468) replan_count=4 collision_count=0
[2026-07-06 10:46:37.099] [INFO] [SUMMARY] state=TRACKING current_pose=(3.500,5.500,0.000,0.000) pose_source=tf:base_link tf_age=-1.000 local_target=(4.859,6.059,0.062) path_size=33 local_map_points=22395 trajectory_valid=true min_obstacle_distance=0.871 tracking_error=0.000 cmd_vel_nav=(0.272,0.112,0.468) replan_count=4 collision_count=0
[2026-07-06 10:46:38.599] [INFO] [SUMMARY] state=TRACKING current_pose=(3.500,5.500,0.000,0.000) pose_source=tf:base_link tf_age=-1.000 local_target=(4.859,6.059,0.062) path_size=33 local_map_points=22395 trajectory_valid=true min_obstacle_distance=0.871 tracking_error=0.000 cmd_vel_nav=(0.272,0.112,0.468) replan_count=4 collision_count=0
[2026-07-06 10:46:40.096] [INFO] [SUMMARY] state=TRACKING current_pose=(3.500,5.500,0.000,0.000) pose_source=tf:base_link tf_age=-1.000 local_target=(4.859,6.059,0.062) path_size=33 local_map_points=22395 trajectory_valid=true min_obstacle_distance=0.871 tracking_error=0.000 cmd_vel_nav=(0.272,0.112,0.468) replan_count=4 collision_count=0
[2026-07-06 10:46:41.098] [INFO] [SUMMARY] state=TRACKING current_pose=(3.500,5.500,0.000,0.000) pose_source=tf:base_link tf_age=-1.000 local_target=(4.859,6.059,0.062) path_size=33 local_map_points=22395 trajectory_valid=true min_obstacle_distance=0.871 tracking_error=0.000 cmd_vel_nav=(0.272,0.112,0.468) replan_count=4 collision_count=0
[2026-07-06 10:46:42.599] [INFO] [SUMMARY] state=TRACKING current_pose=(3.500,5.500,0.000,0.000) pose_source=tf:base_link tf_age=-1.000 local_target=(4.859,6.059,0.062) path_size=33 local_map_points=22395 trajectory_valid=true min_obstacle_distance=0.871 tracking_error=0.000 cmd_vel_nav=(0.272,0.112,0.468) replan_count=4 collision_count=0
[2026-07-06 10:46:44.097] [INFO] [SUMMARY] state=TRACKING current_pose=(3.500,5.500,0.000,0.000) pose_source=tf:base_link tf_age=-1.000 local_target=(4.859,6.059,0.062) path_size=33 local_map_points=22395 trajectory_valid=true min_obstacle_distance=0.871 tracking_error=0.000 cmd_vel_nav=(0.272,0.112,0.468) replan_count=4 collision_count=0
[2026-07-06 10:46:45.098] [INFO] [SUMMARY] state=TRACKING current_pose=(3.500,5.500,0.000,0.000) pose_source=tf:base_link tf_age=-1.000 local_target=(4.859,6.059,0.062) path_size=33 local_map_points=22395 trajectory_valid=true min_obstacle_distance=0.871 tracking_error=0.000 cmd_vel_nav=(0.272,0.112,0.468) replan_count=4 collision_count=0
[2026-07-06 10:46:46.106] [INFO] [SUMMARY] state=TRACKING current_pose=(3.500,5.500,0.000,0.000) pose_source=tf:base_link tf_age=-1.000 local_target=(4.859,6.059,0.062) path_size=33 local_map_points=22395 trajectory_valid=true min_obstacle_distance=0.871 tracking_error=0.000 cmd_vel_nav=(0.272,0.112,0.468) replan_count=4 collision_count=0
[2026-07-06 10:46:47.598] [INFO] [SUMMARY] state=TRACKING current_pose=(3.500,5.500,0.000,0.000) pose_source=tf:base_link tf_age=-1.000 local_target=(4.859,6.059,0.062) path_size=33 local_map_points=22395 trajectory_valid=true min_obstacle_distance=0.871 tracking_error=0.000 cmd_vel_nav=(0.272,0.112,0.468) replan_count=4 collision_count=0
[2026-07-06 10:46:48.600] [INFO] [SUMMARY] state=TRACKING current_pose=(3.500,5.500,0.000,0.000) pose_source=tf:base_link tf_age=-1.000 local_target=(4.859,6.059,0.062) path_size=33 local_map_points=22395 trajectory_valid=true min_obstacle_distance=0.871 tracking_error=0.000 cmd_vel_nav=(0.272,0.112,0.468) replan_count=4 collision_count=0
[2026-07-06 10:46:50.098] [INFO] [SUMMARY] state=TRACKING current_pose=(3.500,5.500,0.000,0.000) pose_source=tf:base_link tf_age=-1.000 local_target=(4.859,6.059,0.062) path_size=33 local_map_points=22395 trajectory_valid=true min_obstacle_distance=0.871 tracking_error=0.000 cmd_vel_nav=(0.272,0.112,0.468) replan_count=4 collision_count=0
[2026-07-06 10:46:51.598] [INFO] [SUMMARY] state=TRACKING current_pose=(3.500,5.500,0.000,0.000) pose_source=tf:base_link tf_age=-1.000 local_target=(4.859,6.059,0.062) path_size=33 local_map_points=22395 trajectory_valid=true min_obstacle_distance=0.871 tracking_error=0.000 cmd_vel_nav=(0.272,0.112,0.468) replan_count=4 collision_count=0
[2026-07-06 10:46:52.601] [INFO] [SUMMARY] state=TRACKING current_pose=(3.500,5.500,0.000,0.000) pose_source=tf:base_link tf_age=-1.000 local_target=(4.859,6.059,0.062) path_size=33 local_map_points=22395 trajectory_valid=true min_obstacle_distance=0.871 tracking_error=0.000 cmd_vel_nav=(0.272,0.112,0.468) replan_count=4 collision_count=0
[2026-07-06 10:46:54.097] [INFO] [SUMMARY] state=TRACKING current_pose=(3.500,5.500,0.000,0.000) pose_source=tf:base_link tf_age=-1.000 local_target=(4.859,6.059,0.062) path_size=33 local_map_points=22395 trajectory_valid=true min_obstacle_distance=0.871 tracking_error=0.000 cmd_vel_nav=(0.272,0.112,0.468) replan_count=4 collision_count=0
[2026-07-06 10:46:55.100] [INFO] [SUMMARY] state=TRACKING current_pose=(3.500,5.500,0.000,0.000) pose_source=tf:base_link tf_age=-1.000 local_target=(4.859,6.059,0.062) path_size=33 local_map_points=22395 trajectory_valid=true min_obstacle_distance=0.871 tracking_error=0.000 cmd_vel_nav=(0.272,0.112,0.468) replan_count=4 collision_count=0
[2026-07-06 10:46:56.100] [INFO] [SUMMARY] state=TRACKING current_pose=(3.500,5.500,0.000,0.000) pose_source=tf:base_link tf_age=-1.000 local_target=(4.859,6.059,0.062) path_size=33 local_map_points=22395 trajectory_valid=true min_obstacle_distance=0.871 tracking_error=0.000 cmd_vel_nav=(0.272,0.112,0.468) replan_count=4 collision_count=0
[2026-07-06 10:46:57.598] [INFO] [SUMMARY] state=TRACKING current_pose=(3.500,5.500,0.000,0.000) pose_source=tf:base_link tf_age=-1.000 local_target=(4.859,6.059,0.062) path_size=33 local_map_points=22395 trajectory_valid=true min_obstacle_distance=0.871 tracking_error=0.000 cmd_vel_nav=(0.272,0.112,0.468) replan_count=4 collision_count=0
[2026-07-06 10:46:59.097] [INFO] [SUMMARY] state=TRACKING current_pose=(3.500,5.500,0.000,0.000) pose_source=tf:base_link tf_age=-1.000 local_target=(4.859,6.059,0.062) path_size=33 local_map_points=22395 trajectory_valid=true min_obstacle_distance=0.871 tracking_error=0.000 cmd_vel_nav=(0.272,0.112,0.468) replan_count=4 collision_count=0
[2026-07-06 10:47:00.097] [INFO] [SUMMARY] state=TRACKING current_pose=(3.500,5.500,0.000,0.000) pose_source=tf:base_link tf_age=-1.000 local_target=(4.859,6.059,0.062) path_size=33 local_map_points=22395 trajectory_valid=true min_obstacle_distance=0.871 tracking_error=0.000 cmd_vel_nav=(0.272,0.112,0.468) replan_count=4 collision_count=0
[2026-07-06 10:47:01.099] [INFO] [SUMMARY] state=TRACKING current_pose=(3.500,5.500,0.000,0.000) pose_source=tf:base_link tf_age=-1.000 local_target=(4.859,6.059,0.062) path_size=33 local_map_points=22395 trajectory_valid=true min_obstacle_distance=0.871 tracking_error=0.000 cmd_vel_nav=(0.272,0.112,0.468) replan_count=4 collision_count=0
[2026-07-06 10:47:02.100] [INFO] [SUMMARY] state=TRACKING current_pose=(3.500,5.500,0.000,0.000) pose_source=tf:base_link tf_age=-1.000 local_target=(4.859,6.059,0.062) path_size=33 local_map_points=22395 trajectory_valid=true min_obstacle_distance=0.871 tracking_error=0.000 cmd_vel_nav=(0.272,0.112,0.468) replan_count=4 collision_count=0
[2026-07-06 10:47:03.597] [INFO] [SUMMARY] state=TRACKING current_pose=(3.500,5.500,0.000,0.000) pose_source=tf:base_link tf_age=-1.000 local_target=(4.859,6.059,0.062) path_size=33 local_map_points=22395 trajectory_valid=true min_obstacle_distance=0.871 tracking_error=0.000 cmd_vel_nav=(0.272,0.112,0.468) replan_count=4 collision_count=0
[2026-07-06 10:47:05.098] [INFO] [SUMMARY] state=TRACKING current_pose=(3.500,5.500,0.000,0.000) pose_source=tf:base_link tf_age=-1.000 local_target=(4.859,6.059,0.062) path_size=33 local_map_points=22395 trajectory_valid=true min_obstacle_distance=0.871 tracking_error=0.000 cmd_vel_nav=(0.272,0.112,0.468) replan_count=4 collision_count=0
[2026-07-06 10:47:06.600] [INFO] [SUMMARY] state=TRACKING current_pose=(3.500,5.500,0.000,0.000) pose_source=tf:base_link tf_age=-1.000 local_target=(4.859,6.059,0.062) path_size=33 local_map_points=22395 trajectory_valid=true min_obstacle_distance=0.871 tracking_error=0.000 cmd_vel_nav=(0.272,0.112,0.468) replan_count=4 collision_count=0
[2026-07-06 10:47:08.096] [INFO] [SUMMARY] state=TRACKING current_pose=(3.500,5.500,0.000,0.000) pose_source=tf:base_link tf_age=-1.000 local_target=(4.859,6.059,0.062) path_size=33 local_map_points=22395 trajectory_valid=true min_obstacle_distance=0.871 tracking_error=0.000 cmd_vel_nav=(0.272,0.112,0.468) replan_count=4 collision_count=0
[2026-07-06 10:47:09.596] [INFO] [SUMMARY] state=TRACKING current_pose=(3.500,5.500,0.000,0.000) pose_source=tf:base_link tf_age=-1.000 local_target=(4.859,6.059,0.062) path_size=33 local_map_points=22395 trajectory_valid=true min_obstacle_distance=0.871 tracking_error=0.000 cmd_vel_nav=(0.272,0.112,0.468) replan_count=4 collision_count=0
[2026-07-06 10:47:11.099] [INFO] [SUMMARY] state=TRACKING current_pose=(3.500,5.500,0.000,0.000) pose_source=tf:base_link tf_age=-1.000 local_target=(4.859,6.059,0.062) path_size=33 local_map_points=22395 trajectory_valid=true min_obstacle_distance=0.871 tracking_error=0.000 cmd_vel_nav=(0.272,0.112,0.468) replan_count=4 collision_count=0
[2026-07-06 10:47:12.595] [INFO] [SUMMARY] state=TRACKING current_pose=(3.500,5.500,0.000,0.000) pose_source=tf:base_link tf_age=-1.000 local_target=(4.859,6.059,0.062) path_size=33 local_map_points=22395 trajectory_valid=true min_obstacle_distance=0.871 tracking_error=0.000 cmd_vel_nav=(0.272,0.112,0.468) replan_count=4 collision_count=0
[2026-07-06 10:47:13.597] [INFO] [SUMMARY] state=TRACKING current_pose=(3.500,5.500,0.000,0.000) pose_source=tf:base_link tf_age=-1.000 local_target=(4.859,6.059,0.062) path_size=33 local_map_points=22395 trajectory_valid=true min_obstacle_distance=0.871 tracking_error=0.000 cmd_vel_nav=(0.272,0.112,0.468) replan_count=4 collision_count=0
[2026-07-06 10:47:14.603] [INFO] [SUMMARY] state=TRACKING current_pose=(3.500,5.500,0.000,0.000) pose_source=tf:base_link tf_age=-1.000 local_target=(4.859,6.059,0.062) path_size=33 local_map_points=22395 trajectory_valid=true min_obstacle_distance=0.871 tracking_error=0.000 cmd_vel_nav=(0.272,0.112,0.468) replan_count=4 collision_count=0
[2026-07-06 10:47:16.096] [INFO] [SUMMARY] state=TRACKING current_pose=(3.500,5.500,0.000,0.000) pose_source=tf:base_link tf_age=-1.000 local_target=(4.859,6.059,0.062) path_size=33 local_map_points=22395 trajectory_valid=true min_obstacle_distance=0.871 tracking_error=0.000 cmd_vel_nav=(0.272,0.112,0.468) replan_count=4 collision_count=0
[2026-07-06 10:47:17.594] [INFO] [SUMMARY] state=TRACKING current_pose=(3.500,5.500,0.000,0.000) pose_source=tf:base_link tf_age=-1.000 local_target=(4.859,6.059,0.062) path_size=33 local_map_points=22395 trajectory_valid=true min_obstacle_distance=0.871 tracking_error=0.000 cmd_vel_nav=(0.272,0.112,0.468) replan_count=4 collision_count=0
[2026-07-06 10:47:18.595] [INFO] [SUMMARY] state=TRACKING current_pose=(3.500,5.500,0.000,0.000) pose_source=tf:base_link tf_age=-1.000 local_target=(4.859,6.059,0.062) path_size=33 local_map_points=22395 trajectory_valid=true min_obstacle_distance=0.871 tracking_error=0.000 cmd_vel_nav=(0.272,0.112,0.468) replan_count=4 collision_count=0
[2026-07-06 10:47:20.095] [INFO] [SUMMARY] state=TRACKING current_pose=(3.500,5.500,0.000,0.000) pose_source=tf:base_link tf_age=-1.000 local_target=(4.859,6.059,0.062) path_size=33 local_map_points=22395 trajectory_valid=true min_obstacle_distance=0.871 tracking_error=0.000 cmd_vel_nav=(0.272,0.112,0.468) replan_count=4 collision_count=0
[2026-07-06 10:47:21.596] [INFO] [SUMMARY] state=TRACKING current_pose=(3.500,5.500,0.000,0.000) pose_source=tf:base_link tf_age=-1.000 local_target=(4.859,6.059,0.062) path_size=33 local_map_points=22395 trajectory_valid=true min_obstacle_distance=0.871 tracking_error=0.000 cmd_vel_nav=(0.272,0.112,0.468) replan_count=4 collision_count=0
[2026-07-06 10:47:23.088] [INFO] [SUMMARY] state=TRACKING current_pose=(3.500,5.500,0.000,0.000) pose_source=tf:base_link tf_age=-1.000 local_target=(4.859,6.059,0.062) path_size=33 local_map_points=22395 trajectory_valid=true min_obstacle_distance=0.871 tracking_error=0.000 cmd_vel_nav=(0.272,0.112,0.468) replan_count=4 collision_count=0
[2026-07-06 10:47:24.095] [INFO] [SUMMARY] state=TRACKING current_pose=(3.500,5.500,0.000,0.000) pose_source=tf:base_link tf_age=-1.000 local_target=(4.859,6.059,0.062) path_size=33 local_map_points=22395 trajectory_valid=true min_obstacle_distance=0.871 tracking_error=0.000 cmd_vel_nav=(0.272,0.112,0.468) replan_count=4 collision_count=0
[2026-07-06 10:47:25.098] [INFO] [SUMMARY] state=TRACKING current_pose=(3.500,5.500,0.000,0.000) pose_source=tf:base_link tf_age=-1.000 local_target=(4.859,6.059,0.062) path_size=33 local_map_points=22395 trajectory_valid=true min_obstacle_distance=0.871 tracking_error=0.000 cmd_vel_nav=(0.272,0.112,0.468) replan_count=4 collision_count=0
[2026-07-06 10:47:26.595] [INFO] [SUMMARY] state=TRACKING current_pose=(3.500,5.500,0.000,0.000) pose_source=tf:base_link tf_age=-1.000 local_target=(4.859,6.059,0.062) path_size=33 local_map_points=22395 trajectory_valid=true min_obstacle_distance=0.871 tracking_error=0.000 cmd_vel_nav=(0.272,0.112,0.468) replan_count=4 collision_count=0
[2026-07-06 10:47:28.095] [INFO] [SUMMARY] state=TRACKING current_pose=(3.500,5.500,0.000,0.000) pose_source=tf:base_link tf_age=-1.000 local_target=(4.859,6.059,0.062) path_size=33 local_map_points=22395 trajectory_valid=true min_obstacle_distance=0.871 tracking_error=0.000 cmd_vel_nav=(0.272,0.112,0.468) replan_count=4 collision_count=0
[2026-07-06 10:47:29.595] [INFO] [SUMMARY] state=TRACKING current_pose=(3.500,5.500,0.000,0.000) pose_source=tf:base_link tf_age=-1.000 local_target=(4.859,6.059,0.062) path_size=33 local_map_points=22395 trajectory_valid=true min_obstacle_distance=0.871 tracking_error=0.000 cmd_vel_nav=(0.272,0.112,0.468) replan_count=4 collision_count=0
[2026-07-06 10:47:31.095] [INFO] [SUMMARY] state=TRACKING current_pose=(3.500,5.500,0.000,0.000) pose_source=tf:base_link tf_age=-1.000 local_target=(4.859,6.059,0.062) path_size=33 local_map_points=22395 trajectory_valid=true min_obstacle_distance=0.871 tracking_error=0.000 cmd_vel_nav=(0.272,0.112,0.468) replan_count=4 collision_count=0
[2026-07-06 10:47:32.597] [INFO] [SUMMARY] state=TRACKING current_pose=(3.500,5.500,0.000,0.000) pose_source=tf:base_link tf_age=-1.000 local_target=(4.859,6.059,0.062) path_size=33 local_map_points=22395 trajectory_valid=true min_obstacle_distance=0.871 tracking_error=0.000 cmd_vel_nav=(0.272,0.112,0.468) replan_count=4 collision_count=0
[2026-07-06 10:47:34.094] [INFO] [SUMMARY] state=TRACKING current_pose=(3.500,5.500,0.000,0.000) pose_source=tf:base_link tf_age=-1.000 local_target=(4.859,6.059,0.062) path_size=33 local_map_points=22395 trajectory_valid=true min_obstacle_distance=0.871 tracking_error=0.000 cmd_vel_nav=(0.272,0.112,0.468) replan_count=4 collision_count=0
[2026-07-06 10:47:35.594] [INFO] [SUMMARY] state=TRACKING current_pose=(3.500,5.500,0.000,0.000) pose_source=tf:base_link tf_age=-1.000 local_target=(4.859,6.059,0.062) path_size=33 local_map_points=22395 trajectory_valid=true min_obstacle_distance=0.871 tracking_error=0.000 cmd_vel_nav=(0.272,0.112,0.468) replan_count=4 collision_count=0
[2026-07-06 10:47:37.092] [INFO] [SUMMARY] state=TRACKING current_pose=(3.500,5.500,0.000,0.000) pose_source=tf:base_link tf_age=-1.000 local_target=(4.859,6.059,0.062) path_size=33 local_map_points=22395 trajectory_valid=true min_obstacle_distance=0.871 tracking_error=0.000 cmd_vel_nav=(0.272,0.112,0.468) replan_count=4 collision_count=0
[2026-07-06 10:47:38.094] [INFO] [SUMMARY] state=TRACKING current_pose=(3.500,5.500,0.000,0.000) pose_source=tf:base_link tf_age=-1.000 local_target=(4.859,6.059,0.062) path_size=33 local_map_points=22395 trajectory_valid=true min_obstacle_distance=0.871 tracking_error=0.000 cmd_vel_nav=(0.272,0.112,0.468) replan_count=4 collision_count=0
[2026-07-06 10:47:39.595] [INFO] [SUMMARY] state=TRACKING current_pose=(3.500,5.500,0.000,0.000) pose_source=tf:base_link tf_age=-1.000 local_target=(4.859,6.059,0.062) path_size=33 local_map_points=22395 trajectory_valid=true min_obstacle_distance=0.871 tracking_error=0.000 cmd_vel_nav=(0.272,0.112,0.468) replan_count=4 collision_count=0
[2026-07-06 10:47:41.092] [INFO] [SUMMARY] state=TRACKING current_pose=(3.500,5.500,0.000,0.000) pose_source=tf:base_link tf_age=-1.000 local_target=(4.859,6.059,0.062) path_size=33 local_map_points=22395 trajectory_valid=true min_obstacle_distance=0.871 tracking_error=0.000 cmd_vel_nav=(0.272,0.112,0.468) replan_count=4 collision_count=0
[2026-07-06 10:47:42.095] [INFO] [SUMMARY] state=TRACKING current_pose=(3.500,5.500,0.000,0.000) pose_source=tf:base_link tf_age=-1.000 local_target=(4.859,6.059,0.062) path_size=33 local_map_points=22395 trajectory_valid=true min_obstacle_distance=0.871 tracking_error=0.000 cmd_vel_nav=(0.272,0.112,0.468) replan_count=4 collision_count=0
[2026-07-06 10:47:43.594] [INFO] [SUMMARY] state=TRACKING current_pose=(3.500,5.500,0.000,0.000) pose_source=tf:base_link tf_age=-1.000 local_target=(4.859,6.059,0.062) path_size=33 local_map_points=22395 trajectory_valid=true min_obstacle_distance=0.871 tracking_error=0.000 cmd_vel_nav=(0.272,0.112,0.468) replan_count=4 collision_count=0
[2026-07-06 10:47:44.594] [INFO] [SUMMARY] state=TRACKING current_pose=(3.500,5.500,0.000,0.000) pose_source=tf:base_link tf_age=-1.000 local_target=(4.859,6.059,0.062) path_size=33 local_map_points=22395 trajectory_valid=true min_obstacle_distance=0.871 tracking_error=0.000 cmd_vel_nav=(0.272,0.112,0.468) replan_count=4 collision_count=0
[2026-07-06 10:47:46.095] [INFO] [SUMMARY] state=TRACKING current_pose=(3.500,5.500,0.000,0.000) pose_source=tf:base_link tf_age=-1.000 local_target=(4.859,6.059,0.062) path_size=33 local_map_points=22395 trajectory_valid=true min_obstacle_distance=0.871 tracking_error=0.000 cmd_vel_nav=(0.272,0.112,0.468) replan_count=4 collision_count=0
[2026-07-06 10:47:47.592] [INFO] [SUMMARY] state=TRACKING current_pose=(3.500,5.500,0.000,0.000) pose_source=tf:base_link tf_age=-1.000 local_target=(4.859,6.059,0.062) path_size=33 local_map_points=22395 trajectory_valid=true min_obstacle_distance=0.871 tracking_error=0.000 cmd_vel_nav=(0.272,0.112,0.468) replan_count=4 collision_count=0
[2026-07-06 10:47:48.594] [INFO] [SUMMARY] state=TRACKING current_pose=(3.500,5.500,0.000,0.000) pose_source=tf:base_link tf_age=-1.000 local_target=(4.859,6.059,0.062) path_size=33 local_map_points=22395 trajectory_valid=true min_obstacle_distance=0.871 tracking_error=0.000 cmd_vel_nav=(0.272,0.112,0.468) replan_count=4 collision_count=0
[2026-07-06 10:47:49.597] [INFO] [SUMMARY] state=TRACKING current_pose=(3.500,5.500,0.000,0.000) pose_source=tf:base_link tf_age=-1.000 local_target=(4.859,6.059,0.062) path_size=33 local_map_points=22395 trajectory_valid=true min_obstacle_distance=0.871 tracking_error=0.000 cmd_vel_nav=(0.272,0.112,0.468) replan_count=4 collision_count=0
[2026-07-06 10:47:51.093] [INFO] [SUMMARY] state=TRACKING current_pose=(3.500,5.500,0.000,0.000) pose_source=tf:base_link tf_age=-1.000 local_target=(4.859,6.059,0.062) path_size=33 local_map_points=22395 trajectory_valid=true min_obstacle_distance=0.871 tracking_error=0.000 cmd_vel_nav=(0.272,0.112,0.468) replan_count=4 collision_count=0
[2026-07-06 10:47:52.094] [INFO] [SUMMARY] state=TRACKING current_pose=(3.500,5.500,0.000,0.000) pose_source=tf:base_link tf_age=-1.000 local_target=(4.859,6.059,0.062) path_size=33 local_map_points=22395 trajectory_valid=true min_obstacle_distance=0.871 tracking_error=0.000 cmd_vel_nav=(0.272,0.112,0.468) replan_count=4 collision_count=0
[2026-07-06 10:47:53.096] [INFO] [SUMMARY] state=TRACKING current_pose=(3.500,5.500,0.000,0.000) pose_source=tf:base_link tf_age=-1.000 local_target=(4.859,6.059,0.062) path_size=33 local_map_points=22395 trajectory_valid=true min_obstacle_distance=0.871 tracking_error=0.000 cmd_vel_nav=(0.272,0.112,0.468) replan_count=4 collision_count=0
[2026-07-06 10:47:54.593] [INFO] [SUMMARY] state=TRACKING current_pose=(3.500,5.500,0.000,0.000) pose_source=tf:base_link tf_age=-1.000 local_target=(4.859,6.059,0.062) path_size=33 local_map_points=22395 trajectory_valid=true min_obstacle_distance=0.871 tracking_error=0.000 cmd_vel_nav=(0.272,0.112,0.468) replan_count=4 collision_count=0
[2026-07-06 10:47:56.094] [INFO] [SUMMARY] state=TRACKING current_pose=(3.500,5.500,0.000,0.000) pose_source=tf:base_link tf_age=-1.000 local_target=(4.859,6.059,0.062) path_size=33 local_map_points=22395 trajectory_valid=true min_obstacle_distance=0.871 tracking_error=0.000 cmd_vel_nav=(0.272,0.112,0.468) replan_count=4 collision_count=0
[2026-07-06 10:47:57.597] [INFO] [SUMMARY] state=TRACKING current_pose=(3.500,5.500,0.000,0.000) pose_source=tf:base_link tf_age=-1.000 local_target=(4.859,6.059,0.062) path_size=33 local_map_points=22395 trajectory_valid=true min_obstacle_distance=0.871 tracking_error=0.000 cmd_vel_nav=(0.272,0.112,0.468) replan_count=4 collision_count=0
[2026-07-06 10:47:59.094] [INFO] [SUMMARY] state=TRACKING current_pose=(3.500,5.500,0.000,0.000) pose_source=tf:base_link tf_age=-1.000 local_target=(4.859,6.059,0.062) path_size=33 local_map_points=22395 trajectory_valid=true min_obstacle_distance=0.871 tracking_error=0.000 cmd_vel_nav=(0.272,0.112,0.468) replan_count=4 collision_count=0
[2026-07-06 10:48:00.594] [INFO] [SUMMARY] state=TRACKING current_pose=(3.500,5.500,0.000,0.000) pose_source=tf:base_link tf_age=-1.000 local_target=(4.859,6.059,0.062) path_size=33 local_map_points=22395 trajectory_valid=true min_obstacle_distance=0.871 tracking_error=0.000 cmd_vel_nav=(0.272,0.112,0.468) replan_count=4 collision_count=0
[2026-07-06 10:48:02.093] [INFO] [SUMMARY] state=TRACKING current_pose=(3.500,5.500,0.000,0.000) pose_source=tf:base_link tf_age=-1.000 local_target=(4.859,6.059,0.062) path_size=33 local_map_points=22395 trajectory_valid=true min_obstacle_distance=0.871 tracking_error=0.000 cmd_vel_nav=(0.272,0.112,0.468) replan_count=4 collision_count=0
[2026-07-06 10:48:03.594] [INFO] [SUMMARY] state=TRACKING current_pose=(3.500,5.500,0.000,0.000) pose_source=tf:base_link tf_age=-1.000 local_target=(4.859,6.059,0.062) path_size=33 local_map_points=22395 trajectory_valid=true min_obstacle_distance=0.871 tracking_error=0.000 cmd_vel_nav=(0.272,0.112,0.468) replan_count=4 collision_count=0
[2026-07-06 10:48:04.607] [INFO] [SUMMARY] state=TRACKING current_pose=(3.500,5.500,0.000,0.000) pose_source=tf:base_link tf_age=-1.000 local_target=(4.859,6.059,0.062) path_size=33 local_map_points=22395 trajectory_valid=true min_obstacle_distance=0.871 tracking_error=0.000 cmd_vel_nav=(0.272,0.112,0.468) replan_count=4 collision_count=0
[2026-07-06 10:48:06.093] [INFO] [SUMMARY] state=TRACKING current_pose=(3.500,5.500,0.000,0.000) pose_source=tf:base_link tf_age=-1.000 local_target=(4.859,6.059,0.062) path_size=33 local_map_points=22395 trajectory_valid=true min_obstacle_distance=0.871 tracking_error=0.000 cmd_vel_nav=(0.272,0.112,0.468) replan_count=4 collision_count=0
[2026-07-06 10:48:07.593] [INFO] [SUMMARY] state=TRACKING current_pose=(3.500,5.500,0.000,0.000) pose_source=tf:base_link tf_age=-1.000 local_target=(4.859,6.059,0.062) path_size=33 local_map_points=22395 trajectory_valid=true min_obstacle_distance=0.871 tracking_error=0.000 cmd_vel_nav=(0.272,0.112,0.468) replan_count=4 collision_count=0
[2026-07-06 10:48:08.594] [INFO] [SUMMARY] state=TRACKING current_pose=(3.500,5.500,0.000,0.000) pose_source=tf:base_link tf_age=-1.000 local_target=(4.859,6.059,0.062) path_size=33 local_map_points=22395 trajectory_valid=true min_obstacle_distance=0.871 tracking_error=0.000 cmd_vel_nav=(0.272,0.112,0.468) replan_count=4 collision_count=0
[2026-07-06 10:48:10.091] [INFO] [SUMMARY] state=TRACKING current_pose=(3.500,5.500,0.000,0.000) pose_source=tf:base_link tf_age=-1.000 local_target=(4.859,6.059,0.062) path_size=33 local_map_points=22395 trajectory_valid=true min_obstacle_distance=0.871 tracking_error=0.000 cmd_vel_nav=(0.272,0.112,0.468) replan_count=4 collision_count=0
[2026-07-06 10:48:11.093] [INFO] [SUMMARY] state=TRACKING current_pose=(3.500,5.500,0.000,0.000) pose_source=tf:base_link tf_age=-1.000 local_target=(4.859,6.059,0.062) path_size=33 local_map_points=22395 trajectory_valid=true min_obstacle_distance=0.871 tracking_error=0.000 cmd_vel_nav=(0.272,0.112,0.468) replan_count=4 collision_count=0
[2026-07-06 10:48:12.094] [INFO] [SUMMARY] state=TRACKING current_pose=(3.500,5.500,0.000,0.000) pose_source=tf:base_link tf_age=-1.000 local_target=(4.859,6.059,0.062) path_size=33 local_map_points=22395 trajectory_valid=true min_obstacle_distance=0.871 tracking_error=0.000 cmd_vel_nav=(0.272,0.112,0.468) replan_count=4 collision_count=0
[2026-07-06 10:48:13.593] [INFO] [SUMMARY] state=TRACKING current_pose=(3.500,5.500,0.000,0.000) pose_source=tf:base_link tf_age=-1.000 local_target=(4.859,6.059,0.062) path_size=33 local_map_points=22395 trajectory_valid=true min_obstacle_distance=0.871 tracking_error=0.000 cmd_vel_nav=(0.272,0.112,0.468) replan_count=4 collision_count=0
[2026-07-06 10:48:15.094] [INFO] [SUMMARY] state=TRACKING current_pose=(3.500,5.500,0.000,0.000) pose_source=tf:base_link tf_age=-1.000 local_target=(4.859,6.059,0.062) path_size=33 local_map_points=22395 trajectory_valid=true min_obstacle_distance=0.871 tracking_error=0.000 cmd_vel_nav=(0.272,0.112,0.468) replan_count=4 collision_count=0
[2026-07-06 10:48:16.594] [INFO] [SUMMARY] state=TRACKING current_pose=(3.500,5.500,0.000,0.000) pose_source=tf:base_link tf_age=-1.000 local_target=(4.859,6.059,0.062) path_size=33 local_map_points=22395 trajectory_valid=true min_obstacle_distance=0.871 tracking_error=0.000 cmd_vel_nav=(0.272,0.112,0.468) replan_count=4 collision_count=0
[2026-07-06 10:48:17.595] [INFO] [SUMMARY] state=TRACKING current_pose=(3.500,5.500,0.000,0.000) pose_source=tf:base_link tf_age=-1.000 local_target=(4.859,6.059,0.062) path_size=33 local_map_points=22395 trajectory_valid=true min_obstacle_distance=0.871 tracking_error=0.000 cmd_vel_nav=(0.272,0.112,0.468) replan_count=4 collision_count=0
[2026-07-06 10:48:19.089] [INFO] [SUMMARY] state=TRACKING current_pose=(3.500,5.500,0.000,0.000) pose_source=tf:base_link tf_age=-1.000 local_target=(4.859,6.059,0.062) path_size=33 local_map_points=22395 trajectory_valid=true min_obstacle_distance=0.871 tracking_error=0.000 cmd_vel_nav=(0.272,0.112,0.468) replan_count=4 collision_count=0
[2026-07-06 10:48:20.091] [INFO] [SUMMARY] state=TRACKING current_pose=(3.500,5.500,0.000,0.000) pose_source=tf:base_link tf_age=-1.000 local_target=(4.859,6.059,0.062) path_size=33 local_map_points=22395 trajectory_valid=true min_obstacle_distance=0.871 tracking_error=0.000 cmd_vel_nav=(0.272,0.112,0.468) replan_count=4 collision_count=0
[2026-07-06 10:48:21.094] [INFO] [SUMMARY] state=TRACKING current_pose=(3.500,5.500,0.000,0.000) pose_source=tf:base_link tf_age=-1.000 local_target=(4.859,6.059,0.062) path_size=33 local_map_points=22395 trajectory_valid=true min_obstacle_distance=0.871 tracking_error=0.000 cmd_vel_nav=(0.272,0.112,0.468) replan_count=4 collision_count=0
[2026-07-06 10:48:22.593] [INFO] [SUMMARY] state=TRACKING current_pose=(3.500,5.500,0.000,0.000) pose_source=tf:base_link tf_age=-1.000 local_target=(4.859,6.059,0.062) path_size=33 local_map_points=22395 trajectory_valid=true min_obstacle_distance=0.871 tracking_error=0.000 cmd_vel_nav=(0.272,0.112,0.468) replan_count=4 collision_count=0
[2026-07-06 10:48:24.094] [INFO] [SUMMARY] state=TRACKING current_pose=(3.500,5.500,0.000,0.000) pose_source=tf:base_link tf_age=-1.000 local_target=(4.859,6.059,0.062) path_size=33 local_map_points=22395 trajectory_valid=true min_obstacle_distance=0.871 tracking_error=0.000 cmd_vel_nav=(0.272,0.112,0.468) replan_count=4 collision_count=0
[2026-07-06 10:48:25.593] [INFO] [SUMMARY] state=TRACKING current_pose=(3.500,5.500,0.000,0.000) pose_source=tf:base_link tf_age=-1.000 local_target=(4.859,6.059,0.062) path_size=33 local_map_points=22395 trajectory_valid=true min_obstacle_distance=0.871 tracking_error=0.000 cmd_vel_nav=(0.272,0.112,0.468) replan_count=4 collision_count=0
[2026-07-06 10:48:27.091] [INFO] [SUMMARY] state=TRACKING current_pose=(3.500,5.500,0.000,0.000) pose_source=tf:base_link tf_age=-1.000 local_target=(4.859,6.059,0.062) path_size=33 local_map_points=22395 trajectory_valid=true min_obstacle_distance=0.871 tracking_error=0.000 cmd_vel_nav=(0.272,0.112,0.468) replan_count=4 collision_count=0
[2026-07-06 10:48:28.091] [INFO] [SUMMARY] state=TRACKING current_pose=(3.500,5.500,0.000,0.000) pose_source=tf:base_link tf_age=-1.000 local_target=(4.859,6.059,0.062) path_size=33 local_map_points=22395 trajectory_valid=true min_obstacle_distance=0.871 tracking_error=0.000 cmd_vel_nav=(0.272,0.112,0.468) replan_count=4 collision_count=0
[2026-07-06 10:48:29.592] [INFO] [SUMMARY] state=TRACKING current_pose=(3.500,5.500,0.000,0.000) pose_source=tf:base_link tf_age=-1.000 local_target=(4.859,6.059,0.062) path_size=33 local_map_points=22395 trajectory_valid=true min_obstacle_distance=0.871 tracking_error=0.000 cmd_vel_nav=(0.272,0.112,0.468) replan_count=4 collision_count=0
[2026-07-06 10:48:30.593] [INFO] [SUMMARY] state=TRACKING current_pose=(3.500,5.500,0.000,0.000) pose_source=tf:base_link tf_age=-1.000 local_target=(4.859,6.059,0.062) path_size=33 local_map_points=22395 trajectory_valid=true min_obstacle_distance=0.871 tracking_error=0.000 cmd_vel_nav=(0.272,0.112,0.468) replan_count=4 collision_count=0
[2026-07-06 10:48:32.094] [INFO] [SUMMARY] state=TRACKING current_pose=(3.500,5.500,0.000,0.000) pose_source=tf:base_link tf_age=-1.000 local_target=(4.859,6.059,0.062) path_size=33 local_map_points=22395 trajectory_valid=true min_obstacle_distance=0.871 tracking_error=0.000 cmd_vel_nav=(0.272,0.112,0.468) replan_count=4 collision_count=0
[2026-07-06 10:48:33.593] [INFO] [SUMMARY] state=TRACKING current_pose=(3.500,5.500,0.000,0.000) pose_source=tf:base_link tf_age=-1.000 local_target=(4.859,6.059,0.062) path_size=33 local_map_points=22395 trajectory_valid=true min_obstacle_distance=0.871 tracking_error=0.000 cmd_vel_nav=(0.272,0.112,0.468) replan_count=4 collision_count=0
[2026-07-06 10:48:35.092] [INFO] [SUMMARY] state=TRACKING current_pose=(3.500,5.500,0.000,0.000) pose_source=tf:base_link tf_age=-1.000 local_target=(4.859,6.059,0.062) path_size=33 local_map_points=22395 trajectory_valid=true min_obstacle_distance=0.871 tracking_error=0.000 cmd_vel_nav=(0.272,0.112,0.468) replan_count=4 collision_count=0
[2026-07-06 10:48:36.590] [INFO] [SUMMARY] state=TRACKING current_pose=(3.500,5.500,0.000,0.000) pose_source=tf:base_link tf_age=-1.000 local_target=(4.859,6.059,0.062) path_size=33 local_map_points=22395 trajectory_valid=true min_obstacle_distance=0.871 tracking_error=0.000 cmd_vel_nav=(0.272,0.112,0.468) replan_count=4 collision_count=0
[2026-07-06 10:48:38.092] [INFO] [SUMMARY] state=TRACKING current_pose=(3.500,5.500,0.000,0.000) pose_source=tf:base_link tf_age=-1.000 local_target=(4.859,6.059,0.062) path_size=33 local_map_points=22395 trajectory_valid=true min_obstacle_distance=0.871 tracking_error=0.000 cmd_vel_nav=(0.272,0.112,0.468) replan_count=4 collision_count=0
[2026-07-06 10:48:39.092] [INFO] [SUMMARY] state=TRACKING current_pose=(3.500,5.500,0.000,0.000) pose_source=tf:base_link tf_age=-1.000 local_target=(4.859,6.059,0.062) path_size=33 local_map_points=22395 trajectory_valid=true min_obstacle_distance=0.871 tracking_error=0.000 cmd_vel_nav=(0.272,0.112,0.468) replan_count=4 collision_count=0
[2026-07-06 10:48:40.093] [INFO] [SUMMARY] state=TRACKING current_pose=(3.500,5.500,0.000,0.000) pose_source=tf:base_link tf_age=-1.000 local_target=(4.859,6.059,0.062) path_size=33 local_map_points=22395 trajectory_valid=true min_obstacle_distance=0.871 tracking_error=0.000 cmd_vel_nav=(0.272,0.112,0.468) replan_count=4 collision_count=0
[2026-07-06 10:48:41.095] [INFO] [SUMMARY] state=TRACKING current_pose=(3.500,5.500,0.000,0.000) pose_source=tf:base_link tf_age=-1.000 local_target=(4.859,6.059,0.062) path_size=33 local_map_points=22395 trajectory_valid=true min_obstacle_distance=0.871 tracking_error=0.000 cmd_vel_nav=(0.272,0.112,0.468) replan_count=4 collision_count=0
[2026-07-06 10:48:42.599] [INFO] [SUMMARY] state=TRACKING current_pose=(3.500,5.500,0.000,0.000) pose_source=tf:base_link tf_age=-1.000 local_target=(4.859,6.059,0.062) path_size=33 local_map_points=22395 trajectory_valid=true min_obstacle_distance=0.871 tracking_error=0.000 cmd_vel_nav=(0.272,0.112,0.468) replan_count=4 collision_count=0
[2026-07-06 10:48:44.081] [INFO] [SUMMARY] state=TRACKING current_pose=(3.500,5.500,0.000,0.000) pose_source=tf:base_link tf_age=-1.000 local_target=(4.859,6.059,0.062) path_size=33 local_map_points=22395 trajectory_valid=true min_obstacle_distance=0.871 tracking_error=0.000 cmd_vel_nav=(0.272,0.112,0.468) replan_count=4 collision_count=0
[2026-07-06 10:48:45.092] [INFO] [SUMMARY] state=TRACKING current_pose=(3.500,5.500,0.000,0.000) pose_source=tf:base_link tf_age=-1.000 local_target=(4.859,6.059,0.062) path_size=33 local_map_points=22395 trajectory_valid=true min_obstacle_distance=0.871 tracking_error=0.000 cmd_vel_nav=(0.272,0.112,0.468) replan_count=4 collision_count=0
[2026-07-06 10:48:46.094] [INFO] [SUMMARY] state=TRACKING current_pose=(3.500,5.500,0.000,0.000) pose_source=tf:base_link tf_age=-1.000 local_target=(4.859,6.059,0.062) path_size=33 local_map_points=22395 trajectory_valid=true min_obstacle_distance=0.871 tracking_error=0.000 cmd_vel_nav=(0.272,0.112,0.468) replan_count=4 collision_count=0
[2026-07-06 10:48:47.592] [INFO] [SUMMARY] state=TRACKING current_pose=(3.500,5.500,0.000,0.000) pose_source=tf:base_link tf_age=-1.000 local_target=(4.859,6.059,0.062) path_size=33 local_map_points=22395 trajectory_valid=true min_obstacle_distance=0.871 tracking_error=0.000 cmd_vel_nav=(0.272,0.112,0.468) replan_count=4 collision_count=0
[2026-07-06 10:48:48.593] [INFO] [SUMMARY] state=TRACKING current_pose=(3.500,5.500,0.000,0.000) pose_source=tf:base_link tf_age=-1.000 local_target=(4.859,6.059,0.062) path_size=33 local_map_points=22395 trajectory_valid=true min_obstacle_distance=0.871 tracking_error=0.000 cmd_vel_nav=(0.272,0.112,0.468) replan_count=4 collision_count=0
[2026-07-06 10:48:50.088] [INFO] [SUMMARY] state=TRACKING current_pose=(3.500,5.500,0.000,0.000) pose_source=tf:base_link tf_age=-1.000 local_target=(4.859,6.059,0.062) path_size=33 local_map_points=22395 trajectory_valid=true min_obstacle_distance=0.871 tracking_error=0.000 cmd_vel_nav=(0.272,0.112,0.468) replan_count=4 collision_count=0
[2026-07-06 10:48:51.092] [INFO] [SUMMARY] state=TRACKING current_pose=(3.500,5.500,0.000,0.000) pose_source=tf:base_link tf_age=-1.000 local_target=(4.859,6.059,0.062) path_size=33 local_map_points=22395 trajectory_valid=true min_obstacle_distance=0.871 tracking_error=0.000 cmd_vel_nav=(0.272,0.112,0.468) replan_count=4 collision_count=0
[2026-07-06 10:48:52.603] [INFO] [SUMMARY] state=TRACKING current_pose=(3.500,5.500,0.000,0.000) pose_source=tf:base_link tf_age=-1.000 local_target=(4.859,6.059,0.062) path_size=33 local_map_points=22395 trajectory_valid=true min_obstacle_distance=0.871 tracking_error=0.000 cmd_vel_nav=(0.272,0.112,0.468) replan_count=4 collision_count=0
[2026-07-06 10:48:54.093] [INFO] [SUMMARY] state=TRACKING current_pose=(3.500,5.500,0.000,0.000) pose_source=tf:base_link tf_age=-1.000 local_target=(4.859,6.059,0.062) path_size=33 local_map_points=22395 trajectory_valid=true min_obstacle_distance=0.871 tracking_error=0.000 cmd_vel_nav=(0.272,0.112,0.468) replan_count=4 collision_count=0
[2026-07-06 10:48:55.591] [INFO] [SUMMARY] state=TRACKING current_pose=(3.500,5.500,0.000,0.000) pose_source=tf:base_link tf_age=-1.000 local_target=(4.859,6.059,0.062) path_size=33 local_map_points=22395 trajectory_valid=true min_obstacle_distance=0.871 tracking_error=0.000 cmd_vel_nav=(0.272,0.112,0.468) replan_count=4 collision_count=0
[2026-07-06 10:48:56.592] [INFO] [SUMMARY] state=TRACKING current_pose=(3.500,5.500,0.000,0.000) pose_source=tf:base_link tf_age=-1.000 local_target=(4.859,6.059,0.062) path_size=33 local_map_points=22395 trajectory_valid=true min_obstacle_distance=0.871 tracking_error=0.000 cmd_vel_nav=(0.272,0.112,0.468) replan_count=4 collision_count=0
[2026-07-06 10:48:58.091] [INFO] [SUMMARY] state=TRACKING current_pose=(3.500,5.500,0.000,0.000) pose_source=tf:base_link tf_age=-1.000 local_target=(4.859,6.059,0.062) path_size=33 local_map_points=22395 trajectory_valid=true min_obstacle_distance=0.871 tracking_error=0.000 cmd_vel_nav=(0.272,0.112,0.468) replan_count=4 collision_count=0
[2026-07-06 10:48:59.091] [INFO] [SUMMARY] state=TRACKING current_pose=(3.500,5.500,0.000,0.000) pose_source=tf:base_link tf_age=-1.000 local_target=(4.859,6.059,0.062) path_size=33 local_map_points=22395 trajectory_valid=true min_obstacle_distance=0.871 tracking_error=0.000 cmd_vel_nav=(0.272,0.112,0.468) replan_count=4 collision_count=0
[2026-07-06 10:49:00.594] [INFO] [SUMMARY] state=TRACKING current_pose=(3.500,5.500,0.000,0.000) pose_source=tf:base_link tf_age=-1.000 local_target=(4.859,6.059,0.062) path_size=33 local_map_points=22395 trajectory_valid=true min_obstacle_distance=0.871 tracking_error=0.000 cmd_vel_nav=(0.272,0.112,0.468) replan_count=4 collision_count=0
[2026-07-06 10:49:02.083] [INFO] [SUMMARY] state=TRACKING current_pose=(3.500,5.500,0.000,0.000) pose_source=tf:base_link tf_age=-1.000 local_target=(4.859,6.059,0.062) path_size=33 local_map_points=22395 trajectory_valid=true min_obstacle_distance=0.871 tracking_error=0.000 cmd_vel_nav=(0.272,0.112,0.468) replan_count=4 collision_count=0
[2026-07-06 10:49:03.591] [INFO] [SUMMARY] state=TRACKING current_pose=(3.500,5.500,0.000,0.000) pose_source=tf:base_link tf_age=-1.000 local_target=(4.859,6.059,0.062) path_size=33 local_map_points=22395 trajectory_valid=true min_obstacle_distance=0.871 tracking_error=0.000 cmd_vel_nav=(0.272,0.112,0.468) replan_count=4 collision_count=0
[2026-07-06 10:49:05.091] [INFO] [SUMMARY] state=TRACKING current_pose=(3.500,5.500,0.000,0.000) pose_source=tf:base_link tf_age=-1.000 local_target=(4.859,6.059,0.062) path_size=33 local_map_points=22395 trajectory_valid=true min_obstacle_distance=0.871 tracking_error=0.000 cmd_vel_nav=(0.272,0.112,0.468) replan_count=4 collision_count=0
[2026-07-06 10:49:06.092] [INFO] [SUMMARY] state=TRACKING current_pose=(3.500,5.500,0.000,0.000) pose_source=tf:base_link tf_age=-1.000 local_target=(4.859,6.059,0.062) path_size=33 local_map_points=22395 trajectory_valid=true min_obstacle_distance=0.871 tracking_error=0.000 cmd_vel_nav=(0.272,0.112,0.468) replan_count=4 collision_count=0
[2026-07-06 10:49:07.095] [INFO] [SUMMARY] state=TRACKING current_pose=(3.500,5.500,0.000,0.000) pose_source=tf:base_link tf_age=-1.000 local_target=(4.859,6.059,0.062) path_size=33 local_map_points=22395 trajectory_valid=true min_obstacle_distance=0.871 tracking_error=0.000 cmd_vel_nav=(0.272,0.112,0.468) replan_count=4 collision_count=0
[2026-07-06 10:49:08.591] [INFO] [SUMMARY] state=TRACKING current_pose=(3.500,5.500,0.000,0.000) pose_source=tf:base_link tf_age=-1.000 local_target=(4.859,6.059,0.062) path_size=33 local_map_points=22395 trajectory_valid=true min_obstacle_distance=0.871 tracking_error=0.000 cmd_vel_nav=(0.272,0.112,0.468) replan_count=4 collision_count=0
[2026-07-06 10:49:10.095] [INFO] [SUMMARY] state=TRACKING current_pose=(3.500,5.500,0.000,0.000) pose_source=tf:base_link tf_age=-1.000 local_target=(4.859,6.059,0.062) path_size=33 local_map_points=22395 trajectory_valid=true min_obstacle_distance=0.871 tracking_error=0.000 cmd_vel_nav=(0.272,0.112,0.468) replan_count=4 collision_count=0
[2026-07-06 10:49:11.095] [INFO] [SUMMARY] state=TRACKING current_pose=(3.500,5.500,0.000,0.000) pose_source=tf:base_link tf_age=-1.000 local_target=(4.859,6.059,0.062) path_size=33 local_map_points=22395 trajectory_valid=true min_obstacle_distance=0.871 tracking_error=0.000 cmd_vel_nav=(0.272,0.112,0.468) replan_count=4 collision_count=0
[2026-07-06 10:49:12.590] [INFO] [SUMMARY] state=TRACKING current_pose=(3.500,5.500,0.000,0.000) pose_source=tf:base_link tf_age=-1.000 local_target=(4.859,6.059,0.062) path_size=33 local_map_points=22395 trajectory_valid=true min_obstacle_distance=0.871 tracking_error=0.000 cmd_vel_nav=(0.272,0.112,0.468) replan_count=4 collision_count=0
[2026-07-06 10:49:14.098] [INFO] [SUMMARY] state=TRACKING current_pose=(3.500,5.500,0.000,0.000) pose_source=tf:base_link tf_age=-1.000 local_target=(4.859,6.059,0.062) path_size=33 local_map_points=22395 trajectory_valid=true min_obstacle_distance=0.871 tracking_error=0.000 cmd_vel_nav=(0.272,0.112,0.468) replan_count=4 collision_count=0
[2026-07-06 10:49:15.590] [INFO] [SUMMARY] state=TRACKING current_pose=(3.500,5.500,0.000,0.000) pose_source=tf:base_link tf_age=-1.000 local_target=(4.859,6.059,0.062) path_size=33 local_map_points=22395 trajectory_valid=true min_obstacle_distance=0.871 tracking_error=0.000 cmd_vel_nav=(0.272,0.112,0.468) replan_count=4 collision_count=0
[2026-07-06 10:49:17.090] [INFO] [SUMMARY] state=TRACKING current_pose=(3.500,5.500,0.000,0.000) pose_source=tf:base_link tf_age=-1.000 local_target=(4.859,6.059,0.062) path_size=33 local_map_points=22395 trajectory_valid=true min_obstacle_distance=0.871 tracking_error=0.000 cmd_vel_nav=(0.272,0.112,0.468) replan_count=4 collision_count=0
[2026-07-06 10:49:18.591] [INFO] [SUMMARY] state=TRACKING current_pose=(3.500,5.500,0.000,0.000) pose_source=tf:base_link tf_age=-1.000 local_target=(4.859,6.059,0.062) path_size=33 local_map_points=22395 trajectory_valid=true min_obstacle_distance=0.871 tracking_error=0.000 cmd_vel_nav=(0.272,0.112,0.468) replan_count=4 collision_count=0
[2026-07-06 10:49:19.592] [INFO] [SUMMARY] state=TRACKING current_pose=(3.500,5.500,0.000,0.000) pose_source=tf:base_link tf_age=-1.000 local_target=(4.859,6.059,0.062) path_size=33 local_map_points=22395 trajectory_valid=true min_obstacle_distance=0.871 tracking_error=0.000 cmd_vel_nav=(0.272,0.112,0.468) replan_count=4 collision_count=0
[2026-07-06 10:49:21.091] [INFO] [SUMMARY] state=TRACKING current_pose=(3.500,5.500,0.000,0.000) pose_source=tf:base_link tf_age=-1.000 local_target=(4.859,6.059,0.062) path_size=33 local_map_points=22395 trajectory_valid=true min_obstacle_distance=0.871 tracking_error=0.000 cmd_vel_nav=(0.272,0.112,0.468) replan_count=4 collision_count=0
[2026-07-06 10:49:22.092] [INFO] [SUMMARY] state=TRACKING current_pose=(3.500,5.500,0.000,0.000) pose_source=tf:base_link tf_age=-1.000 local_target=(4.859,6.059,0.062) path_size=33 local_map_points=22395 trajectory_valid=true min_obstacle_distance=0.871 tracking_error=0.000 cmd_vel_nav=(0.272,0.112,0.468) replan_count=4 collision_count=0
[2026-07-06 10:49:23.092] [INFO] [SUMMARY] state=TRACKING current_pose=(3.500,5.500,0.000,0.000) pose_source=tf:base_link tf_age=-1.000 local_target=(4.859,6.059,0.062) path_size=33 local_map_points=22395 trajectory_valid=true min_obstacle_distance=0.871 tracking_error=0.000 cmd_vel_nav=(0.272,0.112,0.468) replan_count=4 collision_count=0
[2026-07-06 10:49:24.592] [INFO] [SUMMARY] state=TRACKING current_pose=(3.500,5.500,0.000,0.000) pose_source=tf:base_link tf_age=-1.000 local_target=(4.859,6.059,0.062) path_size=33 local_map_points=22395 trajectory_valid=true min_obstacle_distance=0.871 tracking_error=0.000 cmd_vel_nav=(0.272,0.112,0.468) replan_count=4 collision_count=0
[2026-07-06 10:49:26.091] [INFO] [SUMMARY] state=TRACKING current_pose=(3.500,5.500,0.000,0.000) pose_source=tf:base_link tf_age=-1.000 local_target=(4.859,6.059,0.062) path_size=33 local_map_points=22395 trajectory_valid=true min_obstacle_distance=0.871 tracking_error=0.000 cmd_vel_nav=(0.272,0.112,0.468) replan_count=4 collision_count=0
[2026-07-06 10:49:27.091] [INFO] [SUMMARY] state=TRACKING current_pose=(3.500,5.500,0.000,0.000) pose_source=tf:base_link tf_age=-1.000 local_target=(4.859,6.059,0.062) path_size=33 local_map_points=22395 trajectory_valid=true min_obstacle_distance=0.871 tracking_error=0.000 cmd_vel_nav=(0.272,0.112,0.468) replan_count=4 collision_count=0
[2026-07-06 10:49:28.586] [INFO] [SUMMARY] state=TRACKING current_pose=(3.500,5.500,0.000,0.000) pose_source=tf:base_link tf_age=-1.000 local_target=(4.859,6.059,0.062) path_size=33 local_map_points=22395 trajectory_valid=true min_obstacle_distance=0.871 tracking_error=0.000 cmd_vel_nav=(0.272,0.112,0.468) replan_count=4 collision_count=0
[2026-07-06 10:49:30.088] [INFO] [SUMMARY] state=TRACKING current_pose=(3.500,5.500,0.000,0.000) pose_source=tf:base_link tf_age=-1.000 local_target=(4.859,6.059,0.062) path_size=33 local_map_points=22395 trajectory_valid=true min_obstacle_distance=0.871 tracking_error=0.000 cmd_vel_nav=(0.272,0.112,0.468) replan_count=4 collision_count=0
[2026-07-06 10:49:31.091] [INFO] [SUMMARY] state=TRACKING current_pose=(3.500,5.500,0.000,0.000) pose_source=tf:base_link tf_age=-1.000 local_target=(4.859,6.059,0.062) path_size=33 local_map_points=22395 trajectory_valid=true min_obstacle_distance=0.871 tracking_error=0.000 cmd_vel_nav=(0.272,0.112,0.468) replan_count=4 collision_count=0
[2026-07-06 10:49:32.591] [INFO] [SUMMARY] state=TRACKING current_pose=(3.500,5.500,0.000,0.000) pose_source=tf:base_link tf_age=-1.000 local_target=(4.859,6.059,0.062) path_size=33 local_map_points=22395 trajectory_valid=true min_obstacle_distance=0.871 tracking_error=0.000 cmd_vel_nav=(0.272,0.112,0.468) replan_count=4 collision_count=0
[2026-07-06 10:49:34.091] [INFO] [SUMMARY] state=TRACKING current_pose=(3.500,5.500,0.000,0.000) pose_source=tf:base_link tf_age=-1.000 local_target=(4.859,6.059,0.062) path_size=33 local_map_points=22395 trajectory_valid=true min_obstacle_distance=0.871 tracking_error=0.000 cmd_vel_nav=(0.272,0.112,0.468) replan_count=4 collision_count=0
[2026-07-06 10:49:35.091] [INFO] [SUMMARY] state=TRACKING current_pose=(3.500,5.500,0.000,0.000) pose_source=tf:base_link tf_age=-1.000 local_target=(4.859,6.059,0.062) path_size=33 local_map_points=22395 trajectory_valid=true min_obstacle_distance=0.871 tracking_error=0.000 cmd_vel_nav=(0.272,0.112,0.468) replan_count=4 collision_count=0
[2026-07-06 10:49:36.091] [INFO] [SUMMARY] state=TRACKING current_pose=(3.500,5.500,0.000,0.000) pose_source=tf:base_link tf_age=-1.000 local_target=(4.859,6.059,0.062) path_size=33 local_map_points=22395 trajectory_valid=true min_obstacle_distance=0.871 tracking_error=0.000 cmd_vel_nav=(0.272,0.112,0.468) replan_count=4 collision_count=0
[2026-07-06 10:49:37.592] [INFO] [SUMMARY] state=TRACKING current_pose=(3.500,5.500,0.000,0.000) pose_source=tf:base_link tf_age=-1.000 local_target=(4.859,6.059,0.062) path_size=33 local_map_points=22395 trajectory_valid=true min_obstacle_distance=0.871 tracking_error=0.000 cmd_vel_nav=(0.272,0.112,0.468) replan_count=4 collision_count=0
[2026-07-06 10:49:39.091] [INFO] [SUMMARY] state=TRACKING current_pose=(3.500,5.500,0.000,0.000) pose_source=tf:base_link tf_age=-1.000 local_target=(4.859,6.059,0.062) path_size=33 local_map_points=22395 trajectory_valid=true min_obstacle_distance=0.871 tracking_error=0.000 cmd_vel_nav=(0.272,0.112,0.468) replan_count=4 collision_count=0
[2026-07-06 10:49:40.579] [INFO] [SUMMARY] state=TRACKING current_pose=(3.500,5.500,0.000,0.000) pose_source=tf:base_link tf_age=-1.000 local_target=(4.859,6.059,0.062) path_size=33 local_map_points=22395 trajectory_valid=true min_obstacle_distance=0.871 tracking_error=0.000 cmd_vel_nav=(0.272,0.112,0.468) replan_count=4 collision_count=0
[2026-07-06 10:49:42.079] [INFO] [SUMMARY] state=TRACKING current_pose=(3.500,5.500,0.000,0.000) pose_source=tf:base_link tf_age=-1.000 local_target=(4.859,6.059,0.062) path_size=33 local_map_points=22395 trajectory_valid=true min_obstacle_distance=0.871 tracking_error=0.000 cmd_vel_nav=(0.272,0.112,0.468) replan_count=4 collision_count=0
[2026-07-06 10:49:43.080] [INFO] [SUMMARY] state=TRACKING current_pose=(3.500,5.500,0.000,0.000) pose_source=tf:base_link tf_age=-1.000 local_target=(4.859,6.059,0.062) path_size=33 local_map_points=22395 trajectory_valid=true min_obstacle_distance=0.871 tracking_error=0.000 cmd_vel_nav=(0.272,0.112,0.468) replan_count=4 collision_count=0
[2026-07-06 10:49:44.092] [INFO] [SUMMARY] state=TRACKING current_pose=(3.500,5.500,0.000,0.000) pose_source=tf:base_link tf_age=-1.000 local_target=(4.859,6.059,0.062) path_size=33 local_map_points=22395 trajectory_valid=true min_obstacle_distance=0.871 tracking_error=0.000 cmd_vel_nav=(0.272,0.112,0.468) replan_count=4 collision_count=0
[2026-07-06 10:49:45.589] [INFO] [SUMMARY] state=TRACKING current_pose=(3.500,5.500,0.000,0.000) pose_source=tf:base_link tf_age=-1.000 local_target=(4.859,6.059,0.062) path_size=33 local_map_points=22395 trajectory_valid=true min_obstacle_distance=0.871 tracking_error=0.000 cmd_vel_nav=(0.272,0.112,0.468) replan_count=4 collision_count=0
[2026-07-06 10:49:46.591] [INFO] [SUMMARY] state=TRACKING current_pose=(3.500,5.500,0.000,0.000) pose_source=tf:base_link tf_age=-1.000 local_target=(4.859,6.059,0.062) path_size=33 local_map_points=22395 trajectory_valid=true min_obstacle_distance=0.871 tracking_error=0.000 cmd_vel_nav=(0.272,0.112,0.468) replan_count=4 collision_count=0
[2026-07-06 10:49:47.592] [INFO] [SUMMARY] state=TRACKING current_pose=(3.500,5.500,0.000,0.000) pose_source=tf:base_link tf_age=-1.000 local_target=(4.859,6.059,0.062) path_size=33 local_map_points=22395 trajectory_valid=true min_obstacle_distance=0.871 tracking_error=0.000 cmd_vel_nav=(0.272,0.112,0.468) replan_count=4 collision_count=0
[2026-07-06 10:49:49.089] [INFO] [SUMMARY] state=TRACKING current_pose=(3.500,5.500,0.000,0.000) pose_source=tf:base_link tf_age=-1.000 local_target=(4.859,6.059,0.062) path_size=33 local_map_points=22395 trajectory_valid=true min_obstacle_distance=0.871 tracking_error=0.000 cmd_vel_nav=(0.272,0.112,0.468) replan_count=4 collision_count=0
[2026-07-06 10:49:50.591] [INFO] [SUMMARY] state=TRACKING current_pose=(3.500,5.500,0.000,0.000) pose_source=tf:base_link tf_age=-1.000 local_target=(4.859,6.059,0.062) path_size=33 local_map_points=22395 trajectory_valid=true min_obstacle_distance=0.871 tracking_error=0.000 cmd_vel_nav=(0.272,0.112,0.468) replan_count=4 collision_count=0
[2026-07-06 10:49:52.090] [INFO] [SUMMARY] state=TRACKING current_pose=(3.500,5.500,0.000,0.000) pose_source=tf:base_link tf_age=-1.000 local_target=(4.859,6.059,0.062) path_size=33 local_map_points=22395 trajectory_valid=true min_obstacle_distance=0.871 tracking_error=0.000 cmd_vel_nav=(0.272,0.112,0.468) replan_count=4 collision_count=0
[2026-07-06 10:49:53.585] [INFO] [SUMMARY] state=TRACKING current_pose=(3.500,5.500,0.000,0.000) pose_source=tf:base_link tf_age=-1.000 local_target=(4.859,6.059,0.062) path_size=33 local_map_points=22395 trajectory_valid=true min_obstacle_distance=0.871 tracking_error=0.000 cmd_vel_nav=(0.272,0.112,0.468) replan_count=4 collision_count=0
[2026-07-06 10:49:55.091] [INFO] [SUMMARY] state=TRACKING current_pose=(3.500,5.500,0.000,0.000) pose_source=tf:base_link tf_age=-1.000 local_target=(4.859,6.059,0.062) path_size=33 local_map_points=22395 trajectory_valid=true min_obstacle_distance=0.871 tracking_error=0.000 cmd_vel_nav=(0.272,0.112,0.468) replan_count=4 collision_count=0
[2026-07-06 10:49:56.583] [INFO] [SUMMARY] state=TRACKING current_pose=(3.500,5.500,0.000,0.000) pose_source=tf:base_link tf_age=-1.000 local_target=(4.859,6.059,0.062) path_size=33 local_map_points=22395 trajectory_valid=true min_obstacle_distance=0.871 tracking_error=0.000 cmd_vel_nav=(0.272,0.112,0.468) replan_count=4 collision_count=0
[2026-07-06 10:49:57.590] [INFO] [SUMMARY] state=TRACKING current_pose=(3.500,5.500,0.000,0.000) pose_source=tf:base_link tf_age=-1.000 local_target=(4.859,6.059,0.062) path_size=33 local_map_points=22395 trajectory_valid=true min_obstacle_distance=0.871 tracking_error=0.000 cmd_vel_nav=(0.272,0.112,0.468) replan_count=4 collision_count=0
[2026-07-06 10:49:58.590] [INFO] [SUMMARY] state=TRACKING current_pose=(3.500,5.500,0.000,0.000) pose_source=tf:base_link tf_age=-1.000 local_target=(4.859,6.059,0.062) path_size=33 local_map_points=22395 trajectory_valid=true min_obstacle_distance=0.871 tracking_error=0.000 cmd_vel_nav=(0.272,0.112,0.468) replan_count=4 collision_count=0
[2026-07-06 10:49:59.591] [INFO] [SUMMARY] state=TRACKING current_pose=(3.500,5.500,0.000,0.000) pose_source=tf:base_link tf_age=-1.000 local_target=(4.859,6.059,0.062) path_size=33 local_map_points=22395 trajectory_valid=true min_obstacle_distance=0.871 tracking_error=0.000 cmd_vel_nav=(0.272,0.112,0.468) replan_count=4 collision_count=0
[2026-07-06 10:50:00.592] [INFO] [SUMMARY] state=TRACKING current_pose=(3.500,5.500,0.000,0.000) pose_source=tf:base_link tf_age=-1.000 local_target=(4.859,6.059,0.062) path_size=33 local_map_points=22395 trajectory_valid=true min_obstacle_distance=0.871 tracking_error=0.000 cmd_vel_nav=(0.272,0.112,0.468) replan_count=4 collision_count=0
[2026-07-06 10:50:02.090] [INFO] [SUMMARY] state=TRACKING current_pose=(3.500,5.500,0.000,0.000) pose_source=tf:base_link tf_age=-1.000 local_target=(4.859,6.059,0.062) path_size=33 local_map_points=22395 trajectory_valid=true min_obstacle_distance=0.871 tracking_error=0.000 cmd_vel_nav=(0.272,0.112,0.468) replan_count=4 collision_count=0
[2026-07-06 10:50:03.093] [INFO] [SUMMARY] state=TRACKING current_pose=(3.500,5.500,0.000,0.000) pose_source=tf:base_link tf_age=-1.000 local_target=(4.859,6.059,0.062) path_size=33 local_map_points=22395 trajectory_valid=true min_obstacle_distance=0.871 tracking_error=0.000 cmd_vel_nav=(0.272,0.112,0.468) replan_count=4 collision_count=0
[2026-07-06 10:50:04.592] [INFO] [SUMMARY] state=TRACKING current_pose=(3.500,5.500,0.000,0.000) pose_source=tf:base_link tf_age=-1.000 local_target=(4.859,6.059,0.062) path_size=33 local_map_points=22395 trajectory_valid=true min_obstacle_distance=0.871 tracking_error=0.000 cmd_vel_nav=(0.272,0.112,0.468) replan_count=4 collision_count=0
[2026-07-06 10:50:06.088] [INFO] [SUMMARY] state=TRACKING current_pose=(3.500,5.500,0.000,0.000) pose_source=tf:base_link tf_age=-1.000 local_target=(4.859,6.059,0.062) path_size=33 local_map_points=22395 trajectory_valid=true min_obstacle_distance=0.871 tracking_error=0.000 cmd_vel_nav=(0.272,0.112,0.468) replan_count=4 collision_count=0
[2026-07-06 10:50:07.089] [INFO] [SUMMARY] state=TRACKING current_pose=(3.500,5.500,0.000,0.000) pose_source=tf:base_link tf_age=-1.000 local_target=(4.859,6.059,0.062) path_size=33 local_map_points=22395 trajectory_valid=true min_obstacle_distance=0.871 tracking_error=0.000 cmd_vel_nav=(0.272,0.112,0.468) replan_count=4 collision_count=0
[2026-07-06 10:50:08.591] [INFO] [SUMMARY] state=TRACKING current_pose=(3.500,5.500,0.000,0.000) pose_source=tf:base_link tf_age=-1.000 local_target=(4.859,6.059,0.062) path_size=33 local_map_points=22395 trajectory_valid=true min_obstacle_distance=0.871 tracking_error=0.000 cmd_vel_nav=(0.272,0.112,0.468) replan_count=4 collision_count=0
[2026-07-06 10:50:10.093] [INFO] [SUMMARY] state=TRACKING current_pose=(3.500,5.500,0.000,0.000) pose_source=tf:base_link tf_age=-1.000 local_target=(4.859,6.059,0.062) path_size=33 local_map_points=22395 trajectory_valid=true min_obstacle_distance=0.871 tracking_error=0.000 cmd_vel_nav=(0.272,0.112,0.468) replan_count=4 collision_count=0
[2026-07-06 10:50:11.592] [INFO] [SUMMARY] state=TRACKING current_pose=(3.500,5.500,0.000,0.000) pose_source=tf:base_link tf_age=-1.000 local_target=(4.859,6.059,0.062) path_size=33 local_map_points=22395 trajectory_valid=true min_obstacle_distance=0.871 tracking_error=0.000 cmd_vel_nav=(0.272,0.112,0.468) replan_count=4 collision_count=0
[2026-07-06 10:50:13.092] [INFO] [SUMMARY] state=TRACKING current_pose=(3.500,5.500,0.000,0.000) pose_source=tf:base_link tf_age=-1.000 local_target=(4.859,6.059,0.062) path_size=33 local_map_points=22395 trajectory_valid=true min_obstacle_distance=0.871 tracking_error=0.000 cmd_vel_nav=(0.272,0.112,0.468) replan_count=4 collision_count=0
[2026-07-06 10:50:14.594] [INFO] [SUMMARY] state=TRACKING current_pose=(3.500,5.500,0.000,0.000) pose_source=tf:base_link tf_age=-1.000 local_target=(4.859,6.059,0.062) path_size=33 local_map_points=22395 trajectory_valid=true min_obstacle_distance=0.871 tracking_error=0.000 cmd_vel_nav=(0.272,0.112,0.468) replan_count=4 collision_count=0
[2026-07-06 10:50:16.091] [INFO] [SUMMARY] state=TRACKING current_pose=(3.500,5.500,0.000,0.000) pose_source=tf:base_link tf_age=-1.000 local_target=(4.859,6.059,0.062) path_size=33 local_map_points=22395 trajectory_valid=true min_obstacle_distance=0.871 tracking_error=0.000 cmd_vel_nav=(0.272,0.112,0.468) replan_count=4 collision_count=0
[2026-07-06 10:50:17.591] [INFO] [SUMMARY] state=TRACKING current_pose=(3.500,5.500,0.000,0.000) pose_source=tf:base_link tf_age=-1.000 local_target=(4.859,6.059,0.062) path_size=33 local_map_points=22395 trajectory_valid=true min_obstacle_distance=0.871 tracking_error=0.000 cmd_vel_nav=(0.272,0.112,0.468) replan_count=4 collision_count=0
[2026-07-06 10:50:19.092] [INFO] [SUMMARY] state=TRACKING current_pose=(3.500,5.500,0.000,0.000) pose_source=tf:base_link tf_age=-1.000 local_target=(4.859,6.059,0.062) path_size=33 local_map_points=22395 trajectory_valid=true min_obstacle_distance=0.871 tracking_error=0.000 cmd_vel_nav=(0.272,0.112,0.468) replan_count=4 collision_count=0
[2026-07-06 10:50:20.591] [INFO] [SUMMARY] state=TRACKING current_pose=(3.500,5.500,0.000,0.000) pose_source=tf:base_link tf_age=-1.000 local_target=(4.859,6.059,0.062) path_size=33 local_map_points=22395 trajectory_valid=true min_obstacle_distance=0.871 tracking_error=0.000 cmd_vel_nav=(0.272,0.112,0.468) replan_count=4 collision_count=0
[2026-07-06 10:50:21.591] [INFO] [SUMMARY] state=TRACKING current_pose=(3.500,5.500,0.000,0.000) pose_source=tf:base_link tf_age=-1.000 local_target=(4.859,6.059,0.062) path_size=33 local_map_points=22395 trajectory_valid=true min_obstacle_distance=0.871 tracking_error=0.000 cmd_vel_nav=(0.272,0.112,0.468) replan_count=4 collision_count=0
[2026-07-06 10:50:23.091] [INFO] [SUMMARY] state=TRACKING current_pose=(3.500,5.500,0.000,0.000) pose_source=tf:base_link tf_age=-1.000 local_target=(4.859,6.059,0.062) path_size=33 local_map_points=22395 trajectory_valid=true min_obstacle_distance=0.871 tracking_error=0.000 cmd_vel_nav=(0.272,0.112,0.468) replan_count=4 collision_count=0
[2026-07-06 10:50:24.591] [INFO] [SUMMARY] state=TRACKING current_pose=(3.500,5.500,0.000,0.000) pose_source=tf:base_link tf_age=-1.000 local_target=(4.859,6.059,0.062) path_size=33 local_map_points=22395 trajectory_valid=true min_obstacle_distance=0.871 tracking_error=0.000 cmd_vel_nav=(0.272,0.112,0.468) replan_count=4 collision_count=0
[2026-07-06 10:50:25.591] [INFO] [SUMMARY] state=TRACKING current_pose=(3.500,5.500,0.000,0.000) pose_source=tf:base_link tf_age=-1.000 local_target=(4.859,6.059,0.062) path_size=33 local_map_points=22395 trajectory_valid=true min_obstacle_distance=0.871 tracking_error=0.000 cmd_vel_nav=(0.272,0.112,0.468) replan_count=4 collision_count=0
[2026-07-06 10:50:27.095] [INFO] [SUMMARY] state=TRACKING current_pose=(3.500,5.500,0.000,0.000) pose_source=tf:base_link tf_age=-1.000 local_target=(4.859,6.059,0.062) path_size=33 local_map_points=22395 trajectory_valid=true min_obstacle_distance=0.871 tracking_error=0.000 cmd_vel_nav=(0.272,0.112,0.468) replan_count=4 collision_count=0
[2026-07-06 10:50:28.589] [INFO] [SUMMARY] state=TRACKING current_pose=(3.500,5.500,0.000,0.000) pose_source=tf:base_link tf_age=-1.000 local_target=(4.859,6.059,0.062) path_size=33 local_map_points=22395 trajectory_valid=true min_obstacle_distance=0.871 tracking_error=0.000 cmd_vel_nav=(0.272,0.112,0.468) replan_count=4 collision_count=0
[2026-07-06 10:50:29.593] [INFO] [SUMMARY] state=TRACKING current_pose=(3.500,5.500,0.000,0.000) pose_source=tf:base_link tf_age=-1.000 local_target=(4.859,6.059,0.062) path_size=33 local_map_points=22395 trajectory_valid=true min_obstacle_distance=0.871 tracking_error=0.000 cmd_vel_nav=(0.272,0.112,0.468) replan_count=4 collision_count=0
[2026-07-06 10:50:31.091] [INFO] [SUMMARY] state=TRACKING current_pose=(3.500,5.500,0.000,0.000) pose_source=tf:base_link tf_age=-1.000 local_target=(4.859,6.059,0.062) path_size=33 local_map_points=22395 trajectory_valid=true min_obstacle_distance=0.871 tracking_error=0.000 cmd_vel_nav=(0.272,0.112,0.468) replan_count=4 collision_count=0
[2026-07-06 10:50:32.591] [INFO] [SUMMARY] state=TRACKING current_pose=(3.500,5.500,0.000,0.000) pose_source=tf:base_link tf_age=-1.000 local_target=(4.859,6.059,0.062) path_size=33 local_map_points=22395 trajectory_valid=true min_obstacle_distance=0.871 tracking_error=0.000 cmd_vel_nav=(0.272,0.112,0.468) replan_count=4 collision_count=0
[2026-07-06 10:50:34.080] [INFO] [SUMMARY] state=TRACKING current_pose=(3.500,5.500,0.000,0.000) pose_source=tf:base_link tf_age=-1.000 local_target=(4.859,6.059,0.062) path_size=33 local_map_points=22395 trajectory_valid=true min_obstacle_distance=0.871 tracking_error=0.000 cmd_vel_nav=(0.272,0.112,0.468) replan_count=4 collision_count=0
[2026-07-06 10:50:35.090] [INFO] [SUMMARY] state=TRACKING current_pose=(3.500,5.500,0.000,0.000) pose_source=tf:base_link tf_age=-1.000 local_target=(4.859,6.059,0.062) path_size=33 local_map_points=22395 trajectory_valid=true min_obstacle_distance=0.871 tracking_error=0.000 cmd_vel_nav=(0.272,0.112,0.468) replan_count=4 collision_count=0
[2026-07-06 10:50:36.091] [INFO] [SUMMARY] state=TRACKING current_pose=(3.500,5.500,0.000,0.000) pose_source=tf:base_link tf_age=-1.000 local_target=(4.859,6.059,0.062) path_size=33 local_map_points=22395 trajectory_valid=true min_obstacle_distance=0.871 tracking_error=0.000 cmd_vel_nav=(0.272,0.112,0.468) replan_count=4 collision_count=0
[2026-07-06 10:50:37.590] [INFO] [SUMMARY] state=TRACKING current_pose=(3.500,5.500,0.000,0.000) pose_source=tf:base_link tf_age=-1.000 local_target=(4.859,6.059,0.062) path_size=33 local_map_points=22395 trajectory_valid=true min_obstacle_distance=0.871 tracking_error=0.000 cmd_vel_nav=(0.272,0.112,0.468) replan_count=4 collision_count=0
[2026-07-06 10:50:38.592] [INFO] [SUMMARY] state=TRACKING current_pose=(3.500,5.500,0.000,0.000) pose_source=tf:base_link tf_age=-1.000 local_target=(4.859,6.059,0.062) path_size=33 local_map_points=22395 trajectory_valid=true min_obstacle_distance=0.871 tracking_error=0.000 cmd_vel_nav=(0.272,0.112,0.468) replan_count=4 collision_count=0
[2026-07-06 10:50:40.092] [INFO] [SUMMARY] state=TRACKING current_pose=(3.500,5.500,0.000,0.000) pose_source=tf:base_link tf_age=-1.000 local_target=(4.859,6.059,0.062) path_size=33 local_map_points=22395 trajectory_valid=true min_obstacle_distance=0.871 tracking_error=0.000 cmd_vel_nav=(0.272,0.112,0.468) replan_count=4 collision_count=0
[2026-07-06 10:50:41.589] [INFO] [SUMMARY] state=TRACKING current_pose=(3.500,5.500,0.000,0.000) pose_source=tf:base_link tf_age=-1.000 local_target=(4.859,6.059,0.062) path_size=33 local_map_points=22395 trajectory_valid=true min_obstacle_distance=0.871 tracking_error=0.000 cmd_vel_nav=(0.272,0.112,0.468) replan_count=4 collision_count=0
[2026-07-06 10:50:43.090] [INFO] [SUMMARY] state=TRACKING current_pose=(3.500,5.500,0.000,0.000) pose_source=tf:base_link tf_age=-1.000 local_target=(4.859,6.059,0.062) path_size=33 local_map_points=22395 trajectory_valid=true min_obstacle_distance=0.871 tracking_error=0.000 cmd_vel_nav=(0.272,0.112,0.468) replan_count=4 collision_count=0
[2026-07-06 10:50:44.091] [INFO] [SUMMARY] state=TRACKING current_pose=(3.500,5.500,0.000,0.000) pose_source=tf:base_link tf_age=-1.000 local_target=(4.859,6.059,0.062) path_size=33 local_map_points=22395 trajectory_valid=true min_obstacle_distance=0.871 tracking_error=0.000 cmd_vel_nav=(0.272,0.112,0.468) replan_count=4 collision_count=0
[2026-07-06 10:50:45.593] [INFO] [SUMMARY] state=TRACKING current_pose=(3.500,5.500,0.000,0.000) pose_source=tf:base_link tf_age=-1.000 local_target=(4.859,6.059,0.062) path_size=33 local_map_points=22395 trajectory_valid=true min_obstacle_distance=0.871 tracking_error=0.000 cmd_vel_nav=(0.272,0.112,0.468) replan_count=4 collision_count=0
[2026-07-06 10:50:47.087] [INFO] [SUMMARY] state=TRACKING current_pose=(3.500,5.500,0.000,0.000) pose_source=tf:base_link tf_age=-1.000 local_target=(4.859,6.059,0.062) path_size=33 local_map_points=22395 trajectory_valid=true min_obstacle_distance=0.871 tracking_error=0.000 cmd_vel_nav=(0.272,0.112,0.468) replan_count=4 collision_count=0
[2026-07-06 10:50:48.089] [INFO] [SUMMARY] state=TRACKING current_pose=(3.500,5.500,0.000,0.000) pose_source=tf:base_link tf_age=-1.000 local_target=(4.859,6.059,0.062) path_size=33 local_map_points=22395 trajectory_valid=true min_obstacle_distance=0.871 tracking_error=0.000 cmd_vel_nav=(0.272,0.112,0.468) replan_count=4 collision_count=0
[2026-07-06 10:50:49.593] [INFO] [SUMMARY] state=TRACKING current_pose=(3.500,5.500,0.000,0.000) pose_source=tf:base_link tf_age=-1.000 local_target=(4.859,6.059,0.062) path_size=33 local_map_points=22395 trajectory_valid=true min_obstacle_distance=0.871 tracking_error=0.000 cmd_vel_nav=(0.272,0.112,0.468) replan_count=4 collision_count=0
[2026-07-06 10:50:51.083] [INFO] [SUMMARY] state=TRACKING current_pose=(3.500,5.500,0.000,0.000) pose_source=tf:base_link tf_age=-1.000 local_target=(4.859,6.059,0.062) path_size=33 local_map_points=22395 trajectory_valid=true min_obstacle_distance=0.871 tracking_error=0.000 cmd_vel_nav=(0.272,0.112,0.468) replan_count=4 collision_count=0
[2026-07-06 10:50:52.088] [INFO] [SUMMARY] state=TRACKING current_pose=(3.500,5.500,0.000,0.000) pose_source=tf:base_link tf_age=-1.000 local_target=(4.859,6.059,0.062) path_size=33 local_map_points=22395 trajectory_valid=true min_obstacle_distance=0.871 tracking_error=0.000 cmd_vel_nav=(0.272,0.112,0.468) replan_count=4 collision_count=0
[2026-07-06 10:50:53.089] [INFO] [SUMMARY] state=TRACKING current_pose=(3.500,5.500,0.000,0.000) pose_source=tf:base_link tf_age=-1.000 local_target=(4.859,6.059,0.062) path_size=33 local_map_points=22395 trajectory_valid=true min_obstacle_distance=0.871 tracking_error=0.000 cmd_vel_nav=(0.272,0.112,0.468) replan_count=4 collision_count=0
[2026-07-06 10:50:54.092] [INFO] [SUMMARY] state=TRACKING current_pose=(3.500,5.500,0.000,0.000) pose_source=tf:base_link tf_age=-1.000 local_target=(4.859,6.059,0.062) path_size=33 local_map_points=22395 trajectory_valid=true min_obstacle_distance=0.871 tracking_error=0.000 cmd_vel_nav=(0.272,0.112,0.468) replan_count=4 collision_count=0
[2026-07-06 10:50:55.590] [INFO] [SUMMARY] state=TRACKING current_pose=(3.500,5.500,0.000,0.000) pose_source=tf:base_link tf_age=-1.000 local_target=(4.859,6.059,0.062) path_size=33 local_map_points=22395 trajectory_valid=true min_obstacle_distance=0.871 tracking_error=0.000 cmd_vel_nav=(0.272,0.112,0.468) replan_count=4 collision_count=0
[2026-07-06 10:50:56.591] [INFO] [SUMMARY] state=TRACKING current_pose=(3.500,5.500,0.000,0.000) pose_source=tf:base_link tf_age=-1.000 local_target=(4.859,6.059,0.062) path_size=33 local_map_points=22395 trajectory_valid=true min_obstacle_distance=0.871 tracking_error=0.000 cmd_vel_nav=(0.272,0.112,0.468) replan_count=4 collision_count=0
[2026-07-06 10:50:57.591] [INFO] [SUMMARY] state=TRACKING current_pose=(3.500,5.500,0.000,0.000) pose_source=tf:base_link tf_age=-1.000 local_target=(4.859,6.059,0.062) path_size=33 local_map_points=22395 trajectory_valid=true min_obstacle_distance=0.871 tracking_error=0.000 cmd_vel_nav=(0.272,0.112,0.468) replan_count=4 collision_count=0
[2026-07-06 10:50:59.089] [INFO] [SUMMARY] state=TRACKING current_pose=(3.500,5.500,0.000,0.000) pose_source=tf:base_link tf_age=-1.000 local_target=(4.859,6.059,0.062) path_size=33 local_map_points=22395 trajectory_valid=true min_obstacle_distance=0.871 tracking_error=0.000 cmd_vel_nav=(0.272,0.112,0.468) replan_count=4 collision_count=0
[2026-07-06 10:51:00.591] [INFO] [SUMMARY] state=TRACKING current_pose=(3.500,5.500,0.000,0.000) pose_source=tf:base_link tf_age=-1.000 local_target=(4.859,6.059,0.062) path_size=33 local_map_points=22395 trajectory_valid=true min_obstacle_distance=0.871 tracking_error=0.000 cmd_vel_nav=(0.272,0.112,0.468) replan_count=4 collision_count=0
[2026-07-06 10:51:02.091] [INFO] [SUMMARY] state=TRACKING current_pose=(3.500,5.500,0.000,0.000) pose_source=tf:base_link tf_age=-1.000 local_target=(4.859,6.059,0.062) path_size=33 local_map_points=22395 trajectory_valid=true min_obstacle_distance=0.871 tracking_error=0.000 cmd_vel_nav=(0.272,0.112,0.468) replan_count=4 collision_count=0
[2026-07-06 10:51:03.586] [INFO] [SUMMARY] state=TRACKING current_pose=(3.500,5.500,0.000,0.000) pose_source=tf:base_link tf_age=-1.000 local_target=(4.859,6.059,0.062) path_size=33 local_map_points=22395 trajectory_valid=true min_obstacle_distance=0.871 tracking_error=0.000 cmd_vel_nav=(0.272,0.112,0.468) replan_count=4 collision_count=0
[2026-07-06 10:51:04.593] [INFO] [SUMMARY] state=TRACKING current_pose=(3.500,5.500,0.000,0.000) pose_source=tf:base_link tf_age=-1.000 local_target=(4.859,6.059,0.062) path_size=33 local_map_points=22395 trajectory_valid=true min_obstacle_distance=0.871 tracking_error=0.000 cmd_vel_nav=(0.272,0.112,0.468) replan_count=4 collision_count=0
[2026-07-06 10:51:06.091] [INFO] [SUMMARY] state=TRACKING current_pose=(3.500,5.500,0.000,0.000) pose_source=tf:base_link tf_age=-1.000 local_target=(4.859,6.059,0.062) path_size=33 local_map_points=22395 trajectory_valid=true min_obstacle_distance=0.871 tracking_error=0.000 cmd_vel_nav=(0.272,0.112,0.468) replan_count=4 collision_count=0
[2026-07-06 10:51:07.100] [INFO] [SUMMARY] state=TRACKING current_pose=(3.500,5.500,0.000,0.000) pose_source=tf:base_link tf_age=-1.000 local_target=(4.859,6.059,0.062) path_size=33 local_map_points=22395 trajectory_valid=true min_obstacle_distance=0.871 tracking_error=0.000 cmd_vel_nav=(0.272,0.112,0.468) replan_count=4 collision_count=0
[2026-07-06 10:51:08.592] [INFO] [SUMMARY] state=TRACKING current_pose=(3.500,5.500,0.000,0.000) pose_source=tf:base_link tf_age=-1.000 local_target=(4.859,6.059,0.062) path_size=33 local_map_points=22395 trajectory_valid=true min_obstacle_distance=0.871 tracking_error=0.000 cmd_vel_nav=(0.272,0.112,0.468) replan_count=4 collision_count=0
[2026-07-06 10:51:09.594] [INFO] [SUMMARY] state=TRACKING current_pose=(3.500,5.500,0.000,0.000) pose_source=tf:base_link tf_age=-1.000 local_target=(4.859,6.059,0.062) path_size=33 local_map_points=22395 trajectory_valid=true min_obstacle_distance=0.871 tracking_error=0.000 cmd_vel_nav=(0.272,0.112,0.468) replan_count=4 collision_count=0
[2026-07-06 10:51:11.091] [INFO] [SUMMARY] state=TRACKING current_pose=(3.500,5.500,0.000,0.000) pose_source=tf:base_link tf_age=-1.000 local_target=(4.859,6.059,0.062) path_size=33 local_map_points=22395 trajectory_valid=true min_obstacle_distance=0.871 tracking_error=0.000 cmd_vel_nav=(0.272,0.112,0.468) replan_count=4 collision_count=0
[2026-07-06 10:51:12.580] [INFO] [SUMMARY] state=TRACKING current_pose=(3.500,5.500,0.000,0.000) pose_source=tf:base_link tf_age=-1.000 local_target=(4.859,6.059,0.062) path_size=33 local_map_points=22395 trajectory_valid=true min_obstacle_distance=0.871 tracking_error=0.000 cmd_vel_nav=(0.272,0.112,0.468) replan_count=4 collision_count=0
[2026-07-06 10:51:13.591] [INFO] [SUMMARY] state=TRACKING current_pose=(3.500,5.500,0.000,0.000) pose_source=tf:base_link tf_age=-1.000 local_target=(4.859,6.059,0.062) path_size=33 local_map_points=22395 trajectory_valid=true min_obstacle_distance=0.871 tracking_error=0.000 cmd_vel_nav=(0.272,0.112,0.468) replan_count=4 collision_count=0
[2026-07-06 10:51:14.591] [INFO] [SUMMARY] state=TRACKING current_pose=(3.500,5.500,0.000,0.000) pose_source=tf:base_link tf_age=-1.000 local_target=(4.859,6.059,0.062) path_size=33 local_map_points=22395 trajectory_valid=true min_obstacle_distance=0.871 tracking_error=0.000 cmd_vel_nav=(0.272,0.112,0.468) replan_count=4 collision_count=0
[2026-07-06 10:51:15.592] [INFO] [SUMMARY] state=TRACKING current_pose=(3.500,5.500,0.000,0.000) pose_source=tf:base_link tf_age=-1.000 local_target=(4.859,6.059,0.062) path_size=33 local_map_points=22395 trajectory_valid=true min_obstacle_distance=0.871 tracking_error=0.000 cmd_vel_nav=(0.272,0.112,0.468) replan_count=4 collision_count=0
[2026-07-06 10:51:16.592] [INFO] [SUMMARY] state=TRACKING current_pose=(3.500,5.500,0.000,0.000) pose_source=tf:base_link tf_age=-1.000 local_target=(4.859,6.059,0.062) path_size=33 local_map_points=22395 trajectory_valid=true min_obstacle_distance=0.871 tracking_error=0.000 cmd_vel_nav=(0.272,0.112,0.468) replan_count=4 collision_count=0
[2026-07-06 10:51:18.092] [INFO] [SUMMARY] state=TRACKING current_pose=(3.500,5.500,0.000,0.000) pose_source=tf:base_link tf_age=-1.000 local_target=(4.859,6.059,0.062) path_size=33 local_map_points=22395 trajectory_valid=true min_obstacle_distance=0.871 tracking_error=0.000 cmd_vel_nav=(0.272,0.112,0.468) replan_count=4 collision_count=0
[2026-07-06 10:51:19.591] [INFO] [SUMMARY] state=TRACKING current_pose=(3.500,5.500,0.000,0.000) pose_source=tf:base_link tf_age=-1.000 local_target=(4.859,6.059,0.062) path_size=33 local_map_points=22395 trajectory_valid=true min_obstacle_distance=0.871 tracking_error=0.000 cmd_vel_nav=(0.272,0.112,0.468) replan_count=4 collision_count=0
[2026-07-06 10:51:21.091] [INFO] [SUMMARY] state=TRACKING current_pose=(3.500,5.500,0.000,0.000) pose_source=tf:base_link tf_age=-1.000 local_target=(4.859,6.059,0.062) path_size=33 local_map_points=22395 trajectory_valid=true min_obstacle_distance=0.871 tracking_error=0.000 cmd_vel_nav=(0.272,0.112,0.468) replan_count=4 collision_count=0
[2026-07-06 10:51:22.592] [INFO] [SUMMARY] state=TRACKING current_pose=(3.500,5.500,0.000,0.000) pose_source=tf:base_link tf_age=-1.000 local_target=(4.859,6.059,0.062) path_size=33 local_map_points=22395 trajectory_valid=true min_obstacle_distance=0.871 tracking_error=0.000 cmd_vel_nav=(0.272,0.112,0.468) replan_count=4 collision_count=0
[2026-07-06 10:51:24.092] [INFO] [SUMMARY] state=TRACKING current_pose=(3.500,5.500,0.000,0.000) pose_source=tf:base_link tf_age=-1.000 local_target=(4.859,6.059,0.062) path_size=33 local_map_points=22395 trajectory_valid=true min_obstacle_distance=0.871 tracking_error=0.000 cmd_vel_nav=(0.272,0.112,0.468) replan_count=4 collision_count=0
[2026-07-06 10:51:25.591] [INFO] [SUMMARY] state=TRACKING current_pose=(3.500,5.500,0.000,0.000) pose_source=tf:base_link tf_age=-1.000 local_target=(4.859,6.059,0.062) path_size=33 local_map_points=22395 trajectory_valid=true min_obstacle_distance=0.871 tracking_error=0.000 cmd_vel_nav=(0.272,0.112,0.468) replan_count=4 collision_count=0
[2026-07-06 10:51:27.091] [INFO] [SUMMARY] state=TRACKING current_pose=(3.500,5.500,0.000,0.000) pose_source=tf:base_link tf_age=-1.000 local_target=(4.859,6.059,0.062) path_size=33 local_map_points=22395 trajectory_valid=true min_obstacle_distance=0.871 tracking_error=0.000 cmd_vel_nav=(0.272,0.112,0.468) replan_count=4 collision_count=0
[2026-07-06 10:51:28.592] [INFO] [SUMMARY] state=TRACKING current_pose=(3.500,5.500,0.000,0.000) pose_source=tf:base_link tf_age=-1.000 local_target=(4.859,6.059,0.062) path_size=33 local_map_points=22395 trajectory_valid=true min_obstacle_distance=0.871 tracking_error=0.000 cmd_vel_nav=(0.272,0.112,0.468) replan_count=4 collision_count=0
[2026-07-06 10:51:30.088] [INFO] [SUMMARY] state=TRACKING current_pose=(3.500,5.500,0.000,0.000) pose_source=tf:base_link tf_age=-1.000 local_target=(4.859,6.059,0.062) path_size=33 local_map_points=22395 trajectory_valid=true min_obstacle_distance=0.871 tracking_error=0.000 cmd_vel_nav=(0.272,0.112,0.468) replan_count=4 collision_count=0
[2026-07-06 10:51:31.092] [INFO] [SUMMARY] state=TRACKING current_pose=(3.500,5.500,0.000,0.000) pose_source=tf:base_link tf_age=-1.000 local_target=(4.859,6.059,0.062) path_size=33 local_map_points=22395 trajectory_valid=true min_obstacle_distance=0.871 tracking_error=0.000 cmd_vel_nav=(0.272,0.112,0.468) replan_count=4 collision_count=0
[2026-07-06 10:51:32.591] [INFO] [SUMMARY] state=TRACKING current_pose=(3.500,5.500,0.000,0.000) pose_source=tf:base_link tf_age=-1.000 local_target=(4.859,6.059,0.062) path_size=33 local_map_points=22395 trajectory_valid=true min_obstacle_distance=0.871 tracking_error=0.000 cmd_vel_nav=(0.272,0.112,0.468) replan_count=4 collision_count=0
[2026-07-06 10:51:34.092] [INFO] [SUMMARY] state=TRACKING current_pose=(3.500,5.500,0.000,0.000) pose_source=tf:base_link tf_age=-1.000 local_target=(4.859,6.059,0.062) path_size=33 local_map_points=22395 trajectory_valid=true min_obstacle_distance=0.871 tracking_error=0.000 cmd_vel_nav=(0.272,0.112,0.468) replan_count=4 collision_count=0
[2026-07-06 10:51:35.594] [INFO] [SUMMARY] state=TRACKING current_pose=(3.500,5.500,0.000,0.000) pose_source=tf:base_link tf_age=-1.000 local_target=(4.859,6.059,0.062) path_size=33 local_map_points=22395 trajectory_valid=true min_obstacle_distance=0.871 tracking_error=0.000 cmd_vel_nav=(0.272,0.112,0.468) replan_count=4 collision_count=0
[2026-07-06 10:51:37.087] [INFO] [SUMMARY] state=TRACKING current_pose=(3.500,5.500,0.000,0.000) pose_source=tf:base_link tf_age=-1.000 local_target=(4.859,6.059,0.062) path_size=33 local_map_points=22395 trajectory_valid=true min_obstacle_distance=0.871 tracking_error=0.000 cmd_vel_nav=(0.272,0.112,0.468) replan_count=4 collision_count=0
[2026-07-06 10:51:38.087] [INFO] [SUMMARY] state=TRACKING current_pose=(3.500,5.500,0.000,0.000) pose_source=tf:base_link tf_age=-1.000 local_target=(4.859,6.059,0.062) path_size=33 local_map_points=22395 trajectory_valid=true min_obstacle_distance=0.871 tracking_error=0.000 cmd_vel_nav=(0.272,0.112,0.468) replan_count=4 collision_count=0
[2026-07-06 10:51:39.587] [INFO] [SUMMARY] state=TRACKING current_pose=(3.500,5.500,0.000,0.000) pose_source=tf:base_link tf_age=-1.000 local_target=(4.859,6.059,0.062) path_size=33 local_map_points=22395 trajectory_valid=true min_obstacle_distance=0.871 tracking_error=0.000 cmd_vel_nav=(0.272,0.112,0.468) replan_count=4 collision_count=0
[2026-07-06 10:51:40.587] [INFO] [SUMMARY] state=TRACKING current_pose=(3.500,5.500,0.000,0.000) pose_source=tf:base_link tf_age=-1.000 local_target=(4.859,6.059,0.062) path_size=33 local_map_points=22395 trajectory_valid=true min_obstacle_distance=0.871 tracking_error=0.000 cmd_vel_nav=(0.272,0.112,0.468) replan_count=4 collision_count=0
[2026-07-06 10:51:41.587] [INFO] [SUMMARY] state=TRACKING current_pose=(3.500,5.500,0.000,0.000) pose_source=tf:base_link tf_age=-1.000 local_target=(4.859,6.059,0.062) path_size=33 local_map_points=22395 trajectory_valid=true min_obstacle_distance=0.871 tracking_error=0.000 cmd_vel_nav=(0.272,0.112,0.468) replan_count=4 collision_count=0
[2026-07-06 10:51:43.088] [INFO] [SUMMARY] state=TRACKING current_pose=(3.500,5.500,0.000,0.000) pose_source=tf:base_link tf_age=-1.000 local_target=(4.859,6.059,0.062) path_size=33 local_map_points=22395 trajectory_valid=true min_obstacle_distance=0.871 tracking_error=0.000 cmd_vel_nav=(0.272,0.112,0.468) replan_count=4 collision_count=0
[2026-07-06 10:51:44.091] [INFO] [SUMMARY] state=TRACKING current_pose=(3.500,5.500,0.000,0.000) pose_source=tf:base_link tf_age=-1.000 local_target=(4.859,6.059,0.062) path_size=33 local_map_points=22395 trajectory_valid=true min_obstacle_distance=0.871 tracking_error=0.000 cmd_vel_nav=(0.272,0.112,0.468) replan_count=4 collision_count=0
[2026-07-06 10:51:45.591] [INFO] [SUMMARY] state=TRACKING current_pose=(3.500,5.500,0.000,0.000) pose_source=tf:base_link tf_age=-1.000 local_target=(4.859,6.059,0.062) path_size=33 local_map_points=22395 trajectory_valid=true min_obstacle_distance=0.871 tracking_error=0.000 cmd_vel_nav=(0.272,0.112,0.468) replan_count=4 collision_count=0
[2026-07-06 10:51:46.591] [INFO] [SUMMARY] state=TRACKING current_pose=(3.500,5.500,0.000,0.000) pose_source=tf:base_link tf_age=-1.000 local_target=(4.859,6.059,0.062) path_size=33 local_map_points=22395 trajectory_valid=true min_obstacle_distance=0.871 tracking_error=0.000 cmd_vel_nav=(0.272,0.112,0.468) replan_count=4 collision_count=0
[2026-07-06 10:51:47.592] [INFO] [SUMMARY] state=TRACKING current_pose=(3.500,5.500,0.000,0.000) pose_source=tf:base_link tf_age=-1.000 local_target=(4.859,6.059,0.062) path_size=33 local_map_points=22395 trajectory_valid=true min_obstacle_distance=0.871 tracking_error=0.000 cmd_vel_nav=(0.272,0.112,0.468) replan_count=4 collision_count=0
[2026-07-06 10:51:48.592] [INFO] [SUMMARY] state=TRACKING current_pose=(3.500,5.500,0.000,0.000) pose_source=tf:base_link tf_age=-1.000 local_target=(4.859,6.059,0.062) path_size=33 local_map_points=22395 trajectory_valid=true min_obstacle_distance=0.871 tracking_error=0.000 cmd_vel_nav=(0.272,0.112,0.468) replan_count=4 collision_count=0
[2026-07-06 10:51:50.092] [INFO] [SUMMARY] state=TRACKING current_pose=(3.500,5.500,0.000,0.000) pose_source=tf:base_link tf_age=-1.000 local_target=(4.859,6.059,0.062) path_size=33 local_map_points=22395 trajectory_valid=true min_obstacle_distance=0.871 tracking_error=0.000 cmd_vel_nav=(0.272,0.112,0.468) replan_count=4 collision_count=0
[2026-07-06 10:51:51.592] [INFO] [SUMMARY] state=TRACKING current_pose=(3.500,5.500,0.000,0.000) pose_source=tf:base_link tf_age=-1.000 local_target=(4.859,6.059,0.062) path_size=33 local_map_points=22395 trajectory_valid=true min_obstacle_distance=0.871 tracking_error=0.000 cmd_vel_nav=(0.272,0.112,0.468) replan_count=4 collision_count=0
[2026-07-06 10:51:53.092] [INFO] [SUMMARY] state=TRACKING current_pose=(3.500,5.500,0.000,0.000) pose_source=tf:base_link tf_age=-1.000 local_target=(4.859,6.059,0.062) path_size=33 local_map_points=22395 trajectory_valid=true min_obstacle_distance=0.871 tracking_error=0.000 cmd_vel_nav=(0.272,0.112,0.468) replan_count=4 collision_count=0
[2026-07-06 10:51:54.594] [INFO] [SUMMARY] state=TRACKING current_pose=(3.500,5.500,0.000,0.000) pose_source=tf:base_link tf_age=-1.000 local_target=(4.859,6.059,0.062) path_size=33 local_map_points=22395 trajectory_valid=true min_obstacle_distance=0.871 tracking_error=0.000 cmd_vel_nav=(0.272,0.112,0.468) replan_count=4 collision_count=0
[2026-07-06 10:51:56.088] [INFO] [SUMMARY] state=TRACKING current_pose=(3.500,5.500,0.000,0.000) pose_source=tf:base_link tf_age=-1.000 local_target=(4.859,6.059,0.062) path_size=33 local_map_points=22395 trajectory_valid=true min_obstacle_distance=0.871 tracking_error=0.000 cmd_vel_nav=(0.272,0.112,0.468) replan_count=4 collision_count=0
[2026-07-06 10:51:57.091] [INFO] [SUMMARY] state=TRACKING current_pose=(3.500,5.500,0.000,0.000) pose_source=tf:base_link tf_age=-1.000 local_target=(4.859,6.059,0.062) path_size=33 local_map_points=22395 trajectory_valid=true min_obstacle_distance=0.871 tracking_error=0.000 cmd_vel_nav=(0.272,0.112,0.468) replan_count=4 collision_count=0
[2026-07-06 10:51:58.591] [INFO] [SUMMARY] state=TRACKING current_pose=(3.500,5.500,0.000,0.000) pose_source=tf:base_link tf_age=-1.000 local_target=(4.859,6.059,0.062) path_size=33 local_map_points=22395 trajectory_valid=true min_obstacle_distance=0.871 tracking_error=0.000 cmd_vel_nav=(0.272,0.112,0.468) replan_count=4 collision_count=0
[2026-07-06 10:51:59.592] [INFO] [SUMMARY] state=TRACKING current_pose=(3.500,5.500,0.000,0.000) pose_source=tf:base_link tf_age=-1.000 local_target=(4.859,6.059,0.062) path_size=33 local_map_points=22395 trajectory_valid=true min_obstacle_distance=0.871 tracking_error=0.000 cmd_vel_nav=(0.272,0.112,0.468) replan_count=4 collision_count=0
[2026-07-06 10:52:01.090] [INFO] [SUMMARY] state=TRACKING current_pose=(3.500,5.500,0.000,0.000) pose_source=tf:base_link tf_age=-1.000 local_target=(4.859,6.059,0.062) path_size=33 local_map_points=22395 trajectory_valid=true min_obstacle_distance=0.871 tracking_error=0.000 cmd_vel_nav=(0.272,0.112,0.468) replan_count=4 collision_count=0
[2026-07-06 10:52:02.591] [INFO] [SUMMARY] state=TRACKING current_pose=(3.500,5.500,0.000,0.000) pose_source=tf:base_link tf_age=-1.000 local_target=(4.859,6.059,0.062) path_size=33 local_map_points=22395 trajectory_valid=true min_obstacle_distance=0.871 tracking_error=0.000 cmd_vel_nav=(0.272,0.112,0.468) replan_count=4 collision_count=0
[2026-07-06 10:52:03.592] [INFO] [SUMMARY] state=TRACKING current_pose=(3.500,5.500,0.000,0.000) pose_source=tf:base_link tf_age=-1.000 local_target=(4.859,6.059,0.062) path_size=33 local_map_points=22395 trajectory_valid=true min_obstacle_distance=0.871 tracking_error=0.000 cmd_vel_nav=(0.272,0.112,0.468) replan_count=4 collision_count=0
[2026-07-06 10:52:05.090] [INFO] [SUMMARY] state=TRACKING current_pose=(3.500,5.500,0.000,0.000) pose_source=tf:base_link tf_age=-1.000 local_target=(4.859,6.059,0.062) path_size=33 local_map_points=22395 trajectory_valid=true min_obstacle_distance=0.871 tracking_error=0.000 cmd_vel_nav=(0.272,0.112,0.468) replan_count=4 collision_count=0
[2026-07-06 10:52:06.091] [INFO] [SUMMARY] state=TRACKING current_pose=(3.500,5.500,0.000,0.000) pose_source=tf:base_link tf_age=-1.000 local_target=(4.859,6.059,0.062) path_size=33 local_map_points=22395 trajectory_valid=true min_obstacle_distance=0.871 tracking_error=0.000 cmd_vel_nav=(0.272,0.112,0.468) replan_count=4 collision_count=0
[2026-07-06 10:52:07.091] [INFO] [SUMMARY] state=TRACKING current_pose=(3.500,5.500,0.000,0.000) pose_source=tf:base_link tf_age=-1.000 local_target=(4.859,6.059,0.062) path_size=33 local_map_points=22395 trajectory_valid=true min_obstacle_distance=0.871 tracking_error=0.000 cmd_vel_nav=(0.272,0.112,0.468) replan_count=4 collision_count=0
[2026-07-06 10:52:08.092] [INFO] [SUMMARY] state=TRACKING current_pose=(3.500,5.500,0.000,0.000) pose_source=tf:base_link tf_age=-1.000 local_target=(4.859,6.059,0.062) path_size=33 local_map_points=22395 trajectory_valid=true min_obstacle_distance=0.871 tracking_error=0.000 cmd_vel_nav=(0.272,0.112,0.468) replan_count=4 collision_count=0
[2026-07-06 10:52:09.599] [INFO] [SUMMARY] state=TRACKING current_pose=(3.500,5.500,0.000,0.000) pose_source=tf:base_link tf_age=-1.000 local_target=(4.859,6.059,0.062) path_size=33 local_map_points=22395 trajectory_valid=true min_obstacle_distance=0.871 tracking_error=0.000 cmd_vel_nav=(0.272,0.112,0.468) replan_count=4 collision_count=0
[2026-07-06 10:52:11.091] [INFO] [SUMMARY] state=TRACKING current_pose=(3.500,5.500,0.000,0.000) pose_source=tf:base_link tf_age=-1.000 local_target=(4.859,6.059,0.062) path_size=33 local_map_points=22395 trajectory_valid=true min_obstacle_distance=0.871 tracking_error=0.000 cmd_vel_nav=(0.272,0.112,0.468) replan_count=4 collision_count=0
[2026-07-06 10:52:12.093] [INFO] [SUMMARY] state=TRACKING current_pose=(3.500,5.500,0.000,0.000) pose_source=tf:base_link tf_age=-1.000 local_target=(4.859,6.059,0.062) path_size=33 local_map_points=22395 trajectory_valid=true min_obstacle_distance=0.871 tracking_error=0.000 cmd_vel_nav=(0.272,0.112,0.468) replan_count=4 collision_count=0
[2026-07-06 10:52:13.593] [INFO] [SUMMARY] state=TRACKING current_pose=(3.500,5.500,0.000,0.000) pose_source=tf:base_link tf_age=-1.000 local_target=(4.859,6.059,0.062) path_size=33 local_map_points=22395 trajectory_valid=true min_obstacle_distance=0.871 tracking_error=0.000 cmd_vel_nav=(0.272,0.112,0.468) replan_count=4 collision_count=0
[2026-07-06 10:52:15.088] [INFO] [SUMMARY] state=TRACKING current_pose=(3.500,5.500,0.000,0.000) pose_source=tf:base_link tf_age=-1.000 local_target=(4.859,6.059,0.062) path_size=33 local_map_points=22395 trajectory_valid=true min_obstacle_distance=0.871 tracking_error=0.000 cmd_vel_nav=(0.272,0.112,0.468) replan_count=4 collision_count=0
[2026-07-06 10:52:16.093] [INFO] [SUMMARY] state=TRACKING current_pose=(3.500,5.500,0.000,0.000) pose_source=tf:base_link tf_age=-1.000 local_target=(4.859,6.059,0.062) path_size=33 local_map_points=22395 trajectory_valid=true min_obstacle_distance=0.871 tracking_error=0.000 cmd_vel_nav=(0.272,0.112,0.468) replan_count=4 collision_count=0
[2026-07-06 10:52:17.591] [INFO] [SUMMARY] state=TRACKING current_pose=(3.500,5.500,0.000,0.000) pose_source=tf:base_link tf_age=-1.000 local_target=(4.859,6.059,0.062) path_size=33 local_map_points=22395 trajectory_valid=true min_obstacle_distance=0.871 tracking_error=0.000 cmd_vel_nav=(0.272,0.112,0.468) replan_count=4 collision_count=0
[2026-07-06 10:52:18.591] [INFO] [SUMMARY] state=TRACKING current_pose=(3.500,5.500,0.000,0.000) pose_source=tf:base_link tf_age=-1.000 local_target=(4.859,6.059,0.062) path_size=33 local_map_points=22395 trajectory_valid=true min_obstacle_distance=0.871 tracking_error=0.000 cmd_vel_nav=(0.272,0.112,0.468) replan_count=4 collision_count=0
[2026-07-06 10:52:20.091] [INFO] [SUMMARY] state=TRACKING current_pose=(3.500,5.500,0.000,0.000) pose_source=tf:base_link tf_age=-1.000 local_target=(4.859,6.059,0.062) path_size=33 local_map_points=22395 trajectory_valid=true min_obstacle_distance=0.871 tracking_error=0.000 cmd_vel_nav=(0.272,0.112,0.468) replan_count=4 collision_count=0
[2026-07-06 10:52:21.092] [INFO] [SUMMARY] state=TRACKING current_pose=(3.500,5.500,0.000,0.000) pose_source=tf:base_link tf_age=-1.000 local_target=(4.859,6.059,0.062) path_size=33 local_map_points=22395 trajectory_valid=true min_obstacle_distance=0.871 tracking_error=0.000 cmd_vel_nav=(0.272,0.112,0.468) replan_count=4 collision_count=0
[2026-07-06 10:52:22.592] [INFO] [SUMMARY] state=TRACKING current_pose=(3.500,5.500,0.000,0.000) pose_source=tf:base_link tf_age=-1.000 local_target=(4.859,6.059,0.062) path_size=33 local_map_points=22395 trajectory_valid=true min_obstacle_distance=0.871 tracking_error=0.000 cmd_vel_nav=(0.272,0.112,0.468) replan_count=4 collision_count=0
[2026-07-06 10:52:23.593] [INFO] [SUMMARY] state=TRACKING current_pose=(3.500,5.500,0.000,0.000) pose_source=tf:base_link tf_age=-1.000 local_target=(4.859,6.059,0.062) path_size=33 local_map_points=22395 trajectory_valid=true min_obstacle_distance=0.871 tracking_error=0.000 cmd_vel_nav=(0.272,0.112,0.468) replan_count=4 collision_count=0
[2026-07-06 10:52:25.085] [INFO] [SUMMARY] state=TRACKING current_pose=(3.500,5.500,0.000,0.000) pose_source=tf:base_link tf_age=-1.000 local_target=(4.859,6.059,0.062) path_size=33 local_map_points=22395 trajectory_valid=true min_obstacle_distance=0.871 tracking_error=0.000 cmd_vel_nav=(0.272,0.112,0.468) replan_count=4 collision_count=0
[2026-07-06 10:52:26.093] [INFO] [SUMMARY] state=TRACKING current_pose=(3.500,5.500,0.000,0.000) pose_source=tf:base_link tf_age=-1.000 local_target=(4.859,6.059,0.062) path_size=33 local_map_points=22395 trajectory_valid=true min_obstacle_distance=0.871 tracking_error=0.000 cmd_vel_nav=(0.272,0.112,0.468) replan_count=4 collision_count=0
[2026-07-06 10:52:27.585] [INFO] [SUMMARY] state=TRACKING current_pose=(3.500,5.500,0.000,0.000) pose_source=tf:base_link tf_age=-1.000 local_target=(4.859,6.059,0.062) path_size=33 local_map_points=22395 trajectory_valid=true min_obstacle_distance=0.871 tracking_error=0.000 cmd_vel_nav=(0.272,0.112,0.468) replan_count=4 collision_count=0
[2026-07-06 10:52:28.592] [INFO] [SUMMARY] state=TRACKING current_pose=(3.500,5.500,0.000,0.000) pose_source=tf:base_link tf_age=-1.000 local_target=(4.859,6.059,0.062) path_size=33 local_map_points=22395 trajectory_valid=true min_obstacle_distance=0.871 tracking_error=0.000 cmd_vel_nav=(0.272,0.112,0.468) replan_count=4 collision_count=0
[2026-07-06 10:52:29.592] [INFO] [SUMMARY] state=TRACKING current_pose=(3.500,5.500,0.000,0.000) pose_source=tf:base_link tf_age=-1.000 local_target=(4.859,6.059,0.062) path_size=33 local_map_points=22395 trajectory_valid=true min_obstacle_distance=0.871 tracking_error=0.000 cmd_vel_nav=(0.272,0.112,0.468) replan_count=4 collision_count=0
[2026-07-06 10:52:30.592] [INFO] [SUMMARY] state=TRACKING current_pose=(3.500,5.500,0.000,0.000) pose_source=tf:base_link tf_age=-1.000 local_target=(4.859,6.059,0.062) path_size=33 local_map_points=22395 trajectory_valid=true min_obstacle_distance=0.871 tracking_error=0.000 cmd_vel_nav=(0.272,0.112,0.468) replan_count=4 collision_count=0
[2026-07-06 10:52:32.081] [INFO] [SUMMARY] state=TRACKING current_pose=(3.500,5.500,0.000,0.000) pose_source=tf:base_link tf_age=-1.000 local_target=(4.859,6.059,0.062) path_size=33 local_map_points=22395 trajectory_valid=true min_obstacle_distance=0.871 tracking_error=0.000 cmd_vel_nav=(0.272,0.112,0.468) replan_count=4 collision_count=0
[2026-07-06 10:52:33.092] [INFO] [SUMMARY] state=TRACKING current_pose=(3.500,5.500,0.000,0.000) pose_source=tf:base_link tf_age=-1.000 local_target=(4.859,6.059,0.062) path_size=33 local_map_points=22395 trajectory_valid=true min_obstacle_distance=0.871 tracking_error=0.000 cmd_vel_nav=(0.272,0.112,0.468) replan_count=4 collision_count=0
[2026-07-06 10:52:34.592] [INFO] [SUMMARY] state=TRACKING current_pose=(3.500,5.500,0.000,0.000) pose_source=tf:base_link tf_age=-1.000 local_target=(4.859,6.059,0.062) path_size=33 local_map_points=22395 trajectory_valid=true min_obstacle_distance=0.871 tracking_error=0.000 cmd_vel_nav=(0.272,0.112,0.468) replan_count=4 collision_count=0
[2026-07-06 10:52:36.087] [INFO] [SUMMARY] state=TRACKING current_pose=(3.500,5.500,0.000,0.000) pose_source=tf:base_link tf_age=-1.000 local_target=(4.859,6.059,0.062) path_size=33 local_map_points=22395 trajectory_valid=true min_obstacle_distance=0.871 tracking_error=0.000 cmd_vel_nav=(0.272,0.112,0.468) replan_count=4 collision_count=0
[2026-07-06 10:52:37.092] [INFO] [SUMMARY] state=TRACKING current_pose=(3.500,5.500,0.000,0.000) pose_source=tf:base_link tf_age=-1.000 local_target=(4.859,6.059,0.062) path_size=33 local_map_points=22395 trajectory_valid=true min_obstacle_distance=0.871 tracking_error=0.000 cmd_vel_nav=(0.272,0.112,0.468) replan_count=4 collision_count=0
[2026-07-06 10:52:38.591] [INFO] [SUMMARY] state=TRACKING current_pose=(3.500,5.500,0.000,0.000) pose_source=tf:base_link tf_age=-1.000 local_target=(4.859,6.059,0.062) path_size=33 local_map_points=22395 trajectory_valid=true min_obstacle_distance=0.871 tracking_error=0.000 cmd_vel_nav=(0.272,0.112,0.468) replan_count=4 collision_count=0
[2026-07-06 10:52:40.091] [INFO] [SUMMARY] state=TRACKING current_pose=(3.500,5.500,0.000,0.000) pose_source=tf:base_link tf_age=-1.000 local_target=(4.859,6.059,0.062) path_size=33 local_map_points=22395 trajectory_valid=true min_obstacle_distance=0.871 tracking_error=0.000 cmd_vel_nav=(0.272,0.112,0.468) replan_count=4 collision_count=0
[2026-07-06 10:52:41.092] [INFO] [SUMMARY] state=TRACKING current_pose=(3.500,5.500,0.000,0.000) pose_source=tf:base_link tf_age=-1.000 local_target=(4.859,6.059,0.062) path_size=33 local_map_points=22395 trajectory_valid=true min_obstacle_distance=0.871 tracking_error=0.000 cmd_vel_nav=(0.272,0.112,0.468) replan_count=4 collision_count=0
[2026-07-06 10:52:42.092] [INFO] [SUMMARY] state=TRACKING current_pose=(3.500,5.500,0.000,0.000) pose_source=tf:base_link tf_age=-1.000 local_target=(4.859,6.059,0.062) path_size=33 local_map_points=22395 trajectory_valid=true min_obstacle_distance=0.871 tracking_error=0.000 cmd_vel_nav=(0.272,0.112,0.468) replan_count=4 collision_count=0
[2026-07-06 10:52:43.593] [INFO] [SUMMARY] state=TRACKING current_pose=(3.500,5.500,0.000,0.000) pose_source=tf:base_link tf_age=-1.000 local_target=(4.859,6.059,0.062) path_size=33 local_map_points=22395 trajectory_valid=true min_obstacle_distance=0.871 tracking_error=0.000 cmd_vel_nav=(0.272,0.112,0.468) replan_count=4 collision_count=0
[2026-07-06 10:52:45.093] [INFO] [SUMMARY] state=TRACKING current_pose=(3.500,5.500,0.000,0.000) pose_source=tf:base_link tf_age=-1.000 local_target=(4.859,6.059,0.062) path_size=33 local_map_points=22395 trajectory_valid=true min_obstacle_distance=0.871 tracking_error=0.000 cmd_vel_nav=(0.272,0.112,0.468) replan_count=4 collision_count=0
[2026-07-06 10:52:46.095] [INFO] [SUMMARY] state=TRACKING current_pose=(3.500,5.500,0.000,0.000) pose_source=tf:base_link tf_age=-1.000 local_target=(4.859,6.059,0.062) path_size=33 local_map_points=22395 trajectory_valid=true min_obstacle_distance=0.871 tracking_error=0.000 cmd_vel_nav=(0.272,0.112,0.468) replan_count=4 collision_count=0
[2026-07-06 10:52:47.592] [INFO] [SUMMARY] state=TRACKING current_pose=(3.500,5.500,0.000,0.000) pose_source=tf:base_link tf_age=-1.000 local_target=(4.859,6.059,0.062) path_size=33 local_map_points=22395 trajectory_valid=true min_obstacle_distance=0.871 tracking_error=0.000 cmd_vel_nav=(0.272,0.112,0.468) replan_count=4 collision_count=0
[2026-07-06 10:52:49.089] [INFO] [SUMMARY] state=TRACKING current_pose=(3.500,5.500,0.000,0.000) pose_source=tf:base_link tf_age=-1.000 local_target=(4.859,6.059,0.062) path_size=33 local_map_points=22395 trajectory_valid=true min_obstacle_distance=0.871 tracking_error=0.000 cmd_vel_nav=(0.272,0.112,0.468) replan_count=4 collision_count=0
[2026-07-06 10:52:50.092] [INFO] [SUMMARY] state=TRACKING current_pose=(3.500,5.500,0.000,0.000) pose_source=tf:base_link tf_age=-1.000 local_target=(4.859,6.059,0.062) path_size=33 local_map_points=22395 trajectory_valid=true min_obstacle_distance=0.871 tracking_error=0.000 cmd_vel_nav=(0.272,0.112,0.468) replan_count=4 collision_count=0
[2026-07-06 10:52:51.592] [INFO] [SUMMARY] state=TRACKING current_pose=(3.500,5.500,0.000,0.000) pose_source=tf:base_link tf_age=-1.000 local_target=(4.859,6.059,0.062) path_size=33 local_map_points=22395 trajectory_valid=true min_obstacle_distance=0.871 tracking_error=0.000 cmd_vel_nav=(0.272,0.112,0.468) replan_count=4 collision_count=0
[2026-07-06 10:52:52.593] [INFO] [SUMMARY] state=TRACKING current_pose=(3.500,5.500,0.000,0.000) pose_source=tf:base_link tf_age=-1.000 local_target=(4.859,6.059,0.062) path_size=33 local_map_points=22395 trajectory_valid=true min_obstacle_distance=0.871 tracking_error=0.000 cmd_vel_nav=(0.272,0.112,0.468) replan_count=4 collision_count=0
[2026-07-06 10:52:53.593] [INFO] [SUMMARY] state=TRACKING current_pose=(3.500,5.500,0.000,0.000) pose_source=tf:base_link tf_age=-1.000 local_target=(4.859,6.059,0.062) path_size=33 local_map_points=22395 trajectory_valid=true min_obstacle_distance=0.871 tracking_error=0.000 cmd_vel_nav=(0.272,0.112,0.468) replan_count=4 collision_count=0
[2026-07-06 10:52:55.092] [INFO] [SUMMARY] state=TRACKING current_pose=(3.500,5.500,0.000,0.000) pose_source=tf:base_link tf_age=-1.000 local_target=(4.859,6.059,0.062) path_size=33 local_map_points=22395 trajectory_valid=true min_obstacle_distance=0.871 tracking_error=0.000 cmd_vel_nav=(0.272,0.112,0.468) replan_count=4 collision_count=0
[2026-07-06 10:52:56.094] [INFO] [SUMMARY] state=TRACKING current_pose=(3.500,5.500,0.000,0.000) pose_source=tf:base_link tf_age=-1.000 local_target=(4.859,6.059,0.062) path_size=33 local_map_points=22395 trajectory_valid=true min_obstacle_distance=0.871 tracking_error=0.000 cmd_vel_nav=(0.272,0.112,0.468) replan_count=4 collision_count=0
[2026-07-06 10:52:57.591] [INFO] [SUMMARY] state=TRACKING current_pose=(3.500,5.500,0.000,0.000) pose_source=tf:base_link tf_age=-1.000 local_target=(4.859,6.059,0.062) path_size=33 local_map_points=22395 trajectory_valid=true min_obstacle_distance=0.871 tracking_error=0.000 cmd_vel_nav=(0.272,0.112,0.468) replan_count=4 collision_count=0
[2026-07-06 10:52:58.596] [INFO] [SUMMARY] state=TRACKING current_pose=(3.500,5.500,0.000,0.000) pose_source=tf:base_link tf_age=-1.000 local_target=(4.859,6.059,0.062) path_size=33 local_map_points=22395 trajectory_valid=true min_obstacle_distance=0.871 tracking_error=0.000 cmd_vel_nav=(0.272,0.112,0.468) replan_count=4 collision_count=0
[2026-07-06 10:53:00.091] [INFO] [SUMMARY] state=TRACKING current_pose=(3.500,5.500,0.000,0.000) pose_source=tf:base_link tf_age=-1.000 local_target=(4.859,6.059,0.062) path_size=33 local_map_points=22395 trajectory_valid=true min_obstacle_distance=0.871 tracking_error=0.000 cmd_vel_nav=(0.272,0.112,0.468) replan_count=4 collision_count=0
[2026-07-06 10:53:01.092] [INFO] [SUMMARY] state=TRACKING current_pose=(3.500,5.500,0.000,0.000) pose_source=tf:base_link tf_age=-1.000 local_target=(4.859,6.059,0.062) path_size=33 local_map_points=22395 trajectory_valid=true min_obstacle_distance=0.871 tracking_error=0.000 cmd_vel_nav=(0.272,0.112,0.468) replan_count=4 collision_count=0
[2026-07-06 10:53:02.093] [INFO] [SUMMARY] state=TRACKING current_pose=(3.500,5.500,0.000,0.000) pose_source=tf:base_link tf_age=-1.000 local_target=(4.859,6.059,0.062) path_size=33 local_map_points=22395 trajectory_valid=true min_obstacle_distance=0.871 tracking_error=0.000 cmd_vel_nav=(0.272,0.112,0.468) replan_count=4 collision_count=0
[2026-07-06 10:53:03.093] [INFO] [SUMMARY] state=TRACKING current_pose=(3.500,5.500,0.000,0.000) pose_source=tf:base_link tf_age=-1.000 local_target=(4.859,6.059,0.062) path_size=33 local_map_points=22395 trajectory_valid=true min_obstacle_distance=0.871 tracking_error=0.000 cmd_vel_nav=(0.272,0.112,0.468) replan_count=4 collision_count=0
[2026-07-06 10:53:04.593] [INFO] [SUMMARY] state=TRACKING current_pose=(3.500,5.500,0.000,0.000) pose_source=tf:base_link tf_age=-1.000 local_target=(4.859,6.059,0.062) path_size=33 local_map_points=22395 trajectory_valid=true min_obstacle_distance=0.871 tracking_error=0.000 cmd_vel_nav=(0.272,0.112,0.468) replan_count=4 collision_count=0
[2026-07-06 10:53:06.090] [INFO] [SUMMARY] state=TRACKING current_pose=(3.500,5.500,0.000,0.000) pose_source=tf:base_link tf_age=-1.000 local_target=(4.859,6.059,0.062) path_size=33 local_map_points=22395 trajectory_valid=true min_obstacle_distance=0.871 tracking_error=0.000 cmd_vel_nav=(0.272,0.112,0.468) replan_count=4 collision_count=0
[2026-07-06 10:53:07.595] [INFO] [SUMMARY] state=TRACKING current_pose=(3.500,5.500,0.000,0.000) pose_source=tf:base_link tf_age=-1.000 local_target=(4.859,6.059,0.062) path_size=33 local_map_points=22395 trajectory_valid=true min_obstacle_distance=0.871 tracking_error=0.000 cmd_vel_nav=(0.272,0.112,0.468) replan_count=4 collision_count=0
[2026-07-06 10:53:09.080] [INFO] [SUMMARY] state=TRACKING current_pose=(3.500,5.500,0.000,0.000) pose_source=tf:base_link tf_age=-1.000 local_target=(4.859,6.059,0.062) path_size=33 local_map_points=22395 trajectory_valid=true min_obstacle_distance=0.871 tracking_error=0.000 cmd_vel_nav=(0.272,0.112,0.468) replan_count=4 collision_count=0
[2026-07-06 10:53:10.090] [INFO] [SUMMARY] state=TRACKING current_pose=(3.500,5.500,0.000,0.000) pose_source=tf:base_link tf_age=-1.000 local_target=(4.859,6.059,0.062) path_size=33 local_map_points=22395 trajectory_valid=true min_obstacle_distance=0.871 tracking_error=0.000 cmd_vel_nav=(0.272,0.112,0.468) replan_count=4 collision_count=0
[2026-07-06 10:53:11.092] [INFO] [SUMMARY] state=TRACKING current_pose=(3.500,5.500,0.000,0.000) pose_source=tf:base_link tf_age=-1.000 local_target=(4.859,6.059,0.062) path_size=33 local_map_points=22395 trajectory_valid=true min_obstacle_distance=0.871 tracking_error=0.000 cmd_vel_nav=(0.272,0.112,0.468) replan_count=4 collision_count=0
[2026-07-06 10:53:12.593] [INFO] [SUMMARY] state=TRACKING current_pose=(3.500,5.500,0.000,0.000) pose_source=tf:base_link tf_age=-1.000 local_target=(4.859,6.059,0.062) path_size=33 local_map_points=22395 trajectory_valid=true min_obstacle_distance=0.871 tracking_error=0.000 cmd_vel_nav=(0.272,0.112,0.468) replan_count=4 collision_count=0
[2026-07-06 10:53:14.091] [INFO] [SUMMARY] state=TRACKING current_pose=(3.500,5.500,0.000,0.000) pose_source=tf:base_link tf_age=-1.000 local_target=(4.859,6.059,0.062) path_size=33 local_map_points=22395 trajectory_valid=true min_obstacle_distance=0.871 tracking_error=0.000 cmd_vel_nav=(0.272,0.112,0.468) replan_count=4 collision_count=0
[2026-07-06 10:53:15.092] [INFO] [SUMMARY] state=TRACKING current_pose=(3.500,5.500,0.000,0.000) pose_source=tf:base_link tf_age=-1.000 local_target=(4.859,6.059,0.062) path_size=33 local_map_points=22395 trajectory_valid=true min_obstacle_distance=0.871 tracking_error=0.000 cmd_vel_nav=(0.272,0.112,0.468) replan_count=4 collision_count=0
[2026-07-06 10:53:16.092] [INFO] [SUMMARY] state=TRACKING current_pose=(3.500,5.500,0.000,0.000) pose_source=tf:base_link tf_age=-1.000 local_target=(4.859,6.059,0.062) path_size=33 local_map_points=22395 trajectory_valid=true min_obstacle_distance=0.871 tracking_error=0.000 cmd_vel_nav=(0.272,0.112,0.468) replan_count=4 collision_count=0
[2026-07-06 10:53:17.592] [INFO] [SUMMARY] state=TRACKING current_pose=(3.500,5.500,0.000,0.000) pose_source=tf:base_link tf_age=-1.000 local_target=(4.859,6.059,0.062) path_size=33 local_map_points=22395 trajectory_valid=true min_obstacle_distance=0.871 tracking_error=0.000 cmd_vel_nav=(0.272,0.112,0.468) replan_count=4 collision_count=0
[2026-07-06 10:53:18.593] [INFO] [SUMMARY] state=TRACKING current_pose=(3.500,5.500,0.000,0.000) pose_source=tf:base_link tf_age=-1.000 local_target=(4.859,6.059,0.062) path_size=33 local_map_points=22395 trajectory_valid=true min_obstacle_distance=0.871 tracking_error=0.000 cmd_vel_nav=(0.272,0.112,0.468) replan_count=4 collision_count=0
[2026-07-06 10:53:19.593] [INFO] [SUMMARY] state=TRACKING current_pose=(3.500,5.500,0.000,0.000) pose_source=tf:base_link tf_age=-1.000 local_target=(4.859,6.059,0.062) path_size=33 local_map_points=22395 trajectory_valid=true min_obstacle_distance=0.871 tracking_error=0.000 cmd_vel_nav=(0.272,0.112,0.468) replan_count=4 collision_count=0
[2026-07-06 10:53:21.088] [INFO] [SUMMARY] state=TRACKING current_pose=(3.500,5.500,0.000,0.000) pose_source=tf:base_link tf_age=-1.000 local_target=(4.859,6.059,0.062) path_size=33 local_map_points=22395 trajectory_valid=true min_obstacle_distance=0.871 tracking_error=0.000 cmd_vel_nav=(0.272,0.112,0.468) replan_count=4 collision_count=0
[2026-07-06 10:53:22.093] [INFO] [SUMMARY] state=TRACKING current_pose=(3.500,5.500,0.000,0.000) pose_source=tf:base_link tf_age=-1.000 local_target=(4.859,6.059,0.062) path_size=33 local_map_points=22395 trajectory_valid=true min_obstacle_distance=0.871 tracking_error=0.000 cmd_vel_nav=(0.272,0.112,0.468) replan_count=4 collision_count=0
[2026-07-06 10:53:23.592] [INFO] [SUMMARY] state=TRACKING current_pose=(3.500,5.500,0.000,0.000) pose_source=tf:base_link tf_age=-1.000 local_target=(4.859,6.059,0.062) path_size=33 local_map_points=22395 trajectory_valid=true min_obstacle_distance=0.871 tracking_error=0.000 cmd_vel_nav=(0.272,0.112,0.468) replan_count=4 collision_count=0
[2026-07-06 10:53:25.093] [INFO] [SUMMARY] state=TRACKING current_pose=(3.500,5.500,0.000,0.000) pose_source=tf:base_link tf_age=-1.000 local_target=(4.859,6.059,0.062) path_size=33 local_map_points=22395 trajectory_valid=true min_obstacle_distance=0.871 tracking_error=0.000 cmd_vel_nav=(0.272,0.112,0.468) replan_count=4 collision_count=0
[2026-07-06 10:53:26.093] [INFO] [SUMMARY] state=TRACKING current_pose=(3.500,5.500,0.000,0.000) pose_source=tf:base_link tf_age=-1.000 local_target=(4.859,6.059,0.062) path_size=33 local_map_points=22395 trajectory_valid=true min_obstacle_distance=0.871 tracking_error=0.000 cmd_vel_nav=(0.272,0.112,0.468) replan_count=4 collision_count=0
[2026-07-06 10:53:27.093] [INFO] [SUMMARY] state=TRACKING current_pose=(3.500,5.500,0.000,0.000) pose_source=tf:base_link tf_age=-1.000 local_target=(4.859,6.059,0.062) path_size=33 local_map_points=22395 trajectory_valid=true min_obstacle_distance=0.871 tracking_error=0.000 cmd_vel_nav=(0.272,0.112,0.468) replan_count=4 collision_count=0
[2026-07-06 10:53:28.095] [INFO] [SUMMARY] state=TRACKING current_pose=(3.500,5.500,0.000,0.000) pose_source=tf:base_link tf_age=-1.000 local_target=(4.859,6.059,0.062) path_size=33 local_map_points=22395 trajectory_valid=true min_obstacle_distance=0.871 tracking_error=0.000 cmd_vel_nav=(0.272,0.112,0.468) replan_count=4 collision_count=0
[2026-07-06 10:53:29.596] [INFO] [SUMMARY] state=TRACKING current_pose=(3.500,5.500,0.000,0.000) pose_source=tf:base_link tf_age=-1.000 local_target=(4.859,6.059,0.062) path_size=33 local_map_points=22395 trajectory_valid=true min_obstacle_distance=0.871 tracking_error=0.000 cmd_vel_nav=(0.272,0.112,0.468) replan_count=4 collision_count=0
[2026-07-06 10:53:31.093] [INFO] [SUMMARY] state=TRACKING current_pose=(3.500,5.500,0.000,0.000) pose_source=tf:base_link tf_age=-1.000 local_target=(4.859,6.059,0.062) path_size=33 local_map_points=22395 trajectory_valid=true min_obstacle_distance=0.871 tracking_error=0.000 cmd_vel_nav=(0.272,0.112,0.468) replan_count=4 collision_count=0
[2026-07-06 10:53:32.588] [INFO] [SUMMARY] state=TRACKING current_pose=(3.500,5.500,0.000,0.000) pose_source=tf:base_link tf_age=-1.000 local_target=(4.859,6.059,0.062) path_size=33 local_map_points=22395 trajectory_valid=true min_obstacle_distance=0.871 tracking_error=0.000 cmd_vel_nav=(0.272,0.112,0.468) replan_count=4 collision_count=0
[2026-07-06 10:53:33.608] [INFO] [SUMMARY] state=TRACKING current_pose=(3.500,5.500,0.000,0.000) pose_source=tf:base_link tf_age=-1.000 local_target=(4.859,6.059,0.062) path_size=33 local_map_points=22395 trajectory_valid=true min_obstacle_distance=0.871 tracking_error=0.000 cmd_vel_nav=(0.272,0.112,0.468) replan_count=4 collision_count=0
[2026-07-06 10:53:35.095] [INFO] [SUMMARY] state=TRACKING current_pose=(3.500,5.500,0.000,0.000) pose_source=tf:base_link tf_age=-1.000 local_target=(4.859,6.059,0.062) path_size=33 local_map_points=22395 trajectory_valid=true min_obstacle_distance=0.871 tracking_error=0.000 cmd_vel_nav=(0.272,0.112,0.468) replan_count=4 collision_count=0
[2026-07-06 10:53:36.592] [INFO] [SUMMARY] state=TRACKING current_pose=(3.500,5.500,0.000,0.000) pose_source=tf:base_link tf_age=-1.000 local_target=(4.859,6.059,0.062) path_size=33 local_map_points=22395 trajectory_valid=true min_obstacle_distance=0.871 tracking_error=0.000 cmd_vel_nav=(0.272,0.112,0.468) replan_count=4 collision_count=0
[2026-07-06 10:53:37.592] [INFO] [SUMMARY] state=TRACKING current_pose=(3.500,5.500,0.000,0.000) pose_source=tf:base_link tf_age=-1.000 local_target=(4.859,6.059,0.062) path_size=33 local_map_points=22395 trajectory_valid=true min_obstacle_distance=0.871 tracking_error=0.000 cmd_vel_nav=(0.272,0.112,0.468) replan_count=4 collision_count=0
[2026-07-06 10:53:39.094] [INFO] [SUMMARY] state=TRACKING current_pose=(3.500,5.500,0.000,0.000) pose_source=tf:base_link tf_age=-1.000 local_target=(4.859,6.059,0.062) path_size=33 local_map_points=22395 trajectory_valid=true min_obstacle_distance=0.871 tracking_error=0.000 cmd_vel_nav=(0.272,0.112,0.468) replan_count=4 collision_count=0
[2026-07-06 10:53:40.583] [INFO] [SUMMARY] state=TRACKING current_pose=(3.500,5.500,0.000,0.000) pose_source=tf:base_link tf_age=-1.000 local_target=(4.859,6.059,0.062) path_size=33 local_map_points=22395 trajectory_valid=true min_obstacle_distance=0.871 tracking_error=0.000 cmd_vel_nav=(0.272,0.112,0.468) replan_count=4 collision_count=0
[2026-07-06 10:53:41.596] [INFO] [SUMMARY] state=TRACKING current_pose=(3.500,5.500,0.000,0.000) pose_source=tf:base_link tf_age=-1.000 local_target=(4.859,6.059,0.062) path_size=33 local_map_points=22395 trajectory_valid=true min_obstacle_distance=0.871 tracking_error=0.000 cmd_vel_nav=(0.272,0.112,0.468) replan_count=4 collision_count=0
[2026-07-06 10:53:42.598] [INFO] [SUMMARY] state=TRACKING current_pose=(3.500,5.500,0.000,0.000) pose_source=tf:base_link tf_age=-1.000 local_target=(4.859,6.059,0.062) path_size=33 local_map_points=22395 trajectory_valid=true min_obstacle_distance=0.871 tracking_error=0.000 cmd_vel_nav=(0.272,0.112,0.468) replan_count=4 collision_count=0
[2026-07-06 10:53:44.086] [INFO] [SUMMARY] state=TRACKING current_pose=(3.500,5.500,0.000,0.000) pose_source=tf:base_link tf_age=-1.000 local_target=(4.859,6.059,0.062) path_size=33 local_map_points=22395 trajectory_valid=true min_obstacle_distance=0.871 tracking_error=0.000 cmd_vel_nav=(0.272,0.112,0.468) replan_count=4 collision_count=0
[2026-07-06 10:53:45.581] [INFO] [SUMMARY] state=TRACKING current_pose=(3.500,5.500,0.000,0.000) pose_source=tf:base_link tf_age=-1.000 local_target=(4.859,6.059,0.062) path_size=33 local_map_points=22395 trajectory_valid=true min_obstacle_distance=0.871 tracking_error=0.000 cmd_vel_nav=(0.272,0.112,0.468) replan_count=4 collision_count=0
[2026-07-06 10:53:46.581] [INFO] [SUMMARY] state=TRACKING current_pose=(3.500,5.500,0.000,0.000) pose_source=tf:base_link tf_age=-1.000 local_target=(4.859,6.059,0.062) path_size=33 local_map_points=22395 trajectory_valid=true min_obstacle_distance=0.871 tracking_error=0.000 cmd_vel_nav=(0.272,0.112,0.468) replan_count=4 collision_count=0
[2026-07-06 10:53:47.584] [INFO] [SUMMARY] state=TRACKING current_pose=(3.500,5.500,0.000,0.000) pose_source=tf:base_link tf_age=-1.000 local_target=(4.859,6.059,0.062) path_size=33 local_map_points=22395 trajectory_valid=true min_obstacle_distance=0.871 tracking_error=0.000 cmd_vel_nav=(0.272,0.112,0.468) replan_count=4 collision_count=0
[2026-07-06 10:53:49.083] [INFO] [SUMMARY] state=TRACKING current_pose=(3.500,5.500,0.000,0.000) pose_source=tf:base_link tf_age=-1.000 local_target=(4.859,6.059,0.062) path_size=33 local_map_points=22395 trajectory_valid=true min_obstacle_distance=0.871 tracking_error=0.000 cmd_vel_nav=(0.272,0.112,0.468) replan_count=4 collision_count=0
