            0.300423 -0.00956942 0.000668903  0.00568356 -0.000143902 -0.000346617 -0.000663094 0 0 0   -0.011 -0.02329  0.04412 -0.00221703 -0.00312335 -0.00687701  0.0119834 0.00493314  0.0172234 0 0 0 -0.401441 -0.201293  -9.79871 
            0.400776  -0.188183 -0.0334785  0.0464837 0.00413128 0.00257546 -0.0167609 -1.64725e-06 -9.19296e-07  3.63647e-07    -0.011  -0.02329 0.0441199 -0.00395807  0.00460097  -0.0139227  0.0119834 0.00493317  0.0172234 -9.08451e-08 -3.76125e-08  2.92201e-07 -0.401441 -0.201293  -9.79871 
            0.500724  -0.144147 0.00112836  0.0949853 -0.000133058   0.00279032   -0.0134706 -3.28602e-06  2.77003e-05 -2.25631e-07 -0.0109999   -0.02329  0.0441198 -0.0232348  0.0035234 0.00518056  0.0118507 0.00481762  0.0170666  4.79475e-06  1.65055e-07 -5.89467e-06 -0.401446 -0.201293  -9.79871 
            0.601725 -0.00016896   0.0561619   0.0712363  0.00382936  0.00405368 -0.00418591 -0.00084308 -0.00142027  6.0807e-05     -0.011 -0.0232888  0.0441201 0.000163963  0.00424716   0.0339914  0.0113178 0.00463097   0.017168 -0.000271735  0.000142313 -0.000465085 -0.401198 -0.201438  -9.79872 
             0.70081  0.0125341  0.0013222 0.00788876     0.00465   0.0147836 -0.00494624    0.0113684   0.00176811 -0.000486331 -0.0110033 -0.0232885  0.0441223 0.00102408  0.0348601  0.0180852 0.0112597 0.0048044 0.0174379 0.000351412 -0.00201627 0.000863643 -0.401749 -0.199338  -9.79874 
            0.800784  0.0402125  0.0700511 -0.0465551 -0.00041096   0.0140231 -0.00418592    0.0061684    0.0115724 -0.000461643 -0.0110028 -0.0232892  0.0441216 -0.0122227  0.0219295  0.0120455  0.0112095 0.00454253  0.0175498  0.00210885 -0.00108426 0.000967418 -0.403431 -0.200233  -9.79865 
            0.900433 0.0159304 0.0234739  0.190613 -0.00310217   0.0225061 -0.00614706   0.0367506   0.0233043 -0.00190996 -0.0109964 -0.0232843  0.0441252  -0.0181346   0.0391745 0.000446174  0.0112106 0.00465721  0.0168214  0.00435303 -0.00648649  0.00446344 -0.405458 -0.194971  -9.79868 
              1.0006  0.105835 0.0415917 0.0725307 -0.00288217   0.0188186 -0.00940496 -0.00444931 0.000783903 0.000158865 -0.0109935 -0.0232826  0.0441253 -0.0112435  0.0161948 -0.0113916  0.0111073 0.00469074  0.0171657 0.000461409 0.000951186  0.00799041 -0.401577 -0.202056  -9.79869 
             1.10075 0.0785855  0.135603 0.0282704 0.00326757  0.0180973 -0.0107335 -0.0261748 -0.0463288  0.0019396 -0.0109923 -0.0232804  0.0441274  0.0116675 0.00527546 -0.0161519  0.0112546 0.00455804  0.0173234 -0.00797468  0.00483573  0.00781646 -0.393474  -0.20579  -9.79894 
             1.20171 0.0387433  0.150413  0.121224 0.00760627  0.0202642 -0.0130318 -0.0166933 -0.0651373 0.00191569  -0.010992 -0.0232808   0.044128  0.0192455  0.0100088 -0.0156701  0.0112885 0.00459986  0.0171075 -0.0112944  0.0031608 0.00895803 -0.390247 -0.204153  -9.79911 
             1.30079 0.0979487  0.152873 0.0190536 0.00986114  0.0222444 -0.0102407 -0.00388703  -0.0801352  0.00167687 -0.0109926 -0.0232807  0.0441283   0.0266259   0.0149257 -0.00674415   0.011141 0.00460523  0.0172459  -0.0142786 0.000728908  0.00153169  -0.38767 -0.201966  -9.79926 
             1.40073  0.110165  0.164749 0.0256805   0.0109688   0.0216032 -0.00975957 -0.0107059 -0.0897183 0.00213667 -0.0109922 -0.0232801  0.0441289   0.0308285   0.0119865 -0.00519527  0.0111211 0.00460044  0.0172559  -0.0160493  0.00192625 0.000224174 -0.386017 -0.203143   -9.7993 
             1.50171   0.11658  0.169676 0.0261439   0.0115357   0.0212626 -0.00955436 -0.0142789 -0.0946628 0.00237742 -0.0109921 -0.0232797  0.0441293   0.0329832   0.0104565 -0.00453607  0.0111121 0.00459901  0.0172631   -0.0169581   0.00255586 -0.000334346 -0.385164 -0.203759  -9.79932 
             2.90073   0.174522   0.121049 -0.0115951   0.118267  -0.020538 -0.0429787 -0.0170998 -0.0977147 0.00255209 -0.0109919 -0.0232795  0.0441297   0.104177 -0.0639411 -0.0386628  0.0111075 0.00459785  0.0172678   -0.0175178   0.00305506 -0.000654421 -0.384637 -0.204245  -9.79933 
             3.00055  0.147035  0.175482 0.0638246 0.0162473 0.0180329 -0.012019 -0.0162277 -0.0935686 0.00243751 -0.0109918 -0.0232794  0.0441297 -0.0184847 -0.0147961 -0.0126057  0.0109326 0.00406475  0.0172798   -0.016792  0.00287826 -0.00146261 -0.385342 -0.204099   -9.7993 
             3.10075 0.0937614  0.187899 0.0282205 -0.00436566   0.0150143  -0.0121741 -0.0150783 -0.0973661 0.00246582 -0.0109922 -0.0232796  0.0441286  -0.100483 -0.0222086 -0.0107811  0.0111411 0.00408477   0.017487  -0.0174398  0.00266579 -0.00201311 -0.384689 -0.203904  -9.79933 
             3.20073  0.0510805   0.193215 -0.0521304 -0.00102003   0.0156044  -0.0139966  -0.015977 -0.0968845  0.0024841 -0.0109922 -0.0232786  0.0441281 -0.0470985 -0.0152582 -0.0170396  0.0113261 0.00406564  0.0178265  -0.0174137   0.0028218 -0.00209458 -0.384769 -0.204061  -9.79933 
             3.30093 -0.0449543   0.268595  0.0569214  0.0021179 0.00854571 -0.0134312 -0.0187508  -0.100305 0.00268525 -0.0109954 -0.0232824  0.0441274 -0.0164723 -0.0327624 -0.0124755  0.0116651 0.00378439  0.0174542  -0.0182079  0.00334107 -0.00440494  -0.38416 -0.204552  -9.79934 
              3.4008 -0.0690389   0.298841  0.0612736 0.00286091  0.0141268 -0.0155997 -0.0107959  -0.099936  0.0022854  -0.010994 -0.0232822  0.0441274 -0.00358032  -0.0100699  -0.0174132  0.0117666 0.00370175  0.0174703  -0.0181026  0.00179012 -0.00377171 -0.384228 -0.203181  -9.79937 
             3.50074 -0.0800523    0.30345  0.0166016 0.00303044  0.0197543 -0.0149364 9.44399e-05  -0.0970095  0.00171661 -0.0109944 -0.0232822  0.0441267 0.00399744 0.00523601 -0.0145006  0.0117805 0.00370421  0.0176357   -0.0176286 -0.000371175  -0.00626774 -0.384707 -0.201318  -9.79939 
             3.60042 -0.104453  0.317379  0.126762 0.000729141   0.0186837  -0.0136344 -0.00325495  -0.0892203   0.0017423  -0.010994 -0.0232803  0.0441275 0.00497066 0.00184164 -0.0102191  0.0118335 0.00368975  0.0172238  -0.0162745 0.000205996 -0.00963203 -0.386007   -0.2019  -9.79932 
             3.70075 -0.0525258    0.27655  0.0314018 0.00245283   0.014751 -0.0137552 -0.0171548 -0.0933169 0.00247859 -0.0109918 -0.0232786  0.0441292   0.0144976 -0.00980879  -0.0103536  0.0116372 0.00385003  0.0175533 -0.0171504 0.00286534 -0.0110894 -0.385288 -0.204288   -9.7993 
             3.80074 -0.0438278   0.290897   0.138944 0.00525097   0.014022 -0.0121861 -0.0162148 -0.0963869  0.0024945 -0.0109907 -0.0232773   0.044129   0.0245591   -0.010986 -0.00625157  0.0115996 0.00382025  0.0171784 -0.0179013 0.00262593 -0.0148764 -0.384719 -0.204127  -9.79933 
             3.90094 -0.00521924    0.287756    0.185187 0.00497394  0.0182314 -0.0111308 0.00660408 -0.0824517 0.00114518 -0.0109873  -0.023274  0.0441266   0.0234212 0.000904232 -0.00417807  0.0114839 0.00385619  0.0170168  -0.0152901 -0.00182684  -0.0175071 -0.387087 -0.200218  -9.79931 
             4.00059 -0.0438813   0.272544  0.0124633 0.00688612  0.0198981 -0.0128737   0.0131495  -0.0796477 0.000782402 -0.0109893 -0.0232756  0.0441265   0.0278747  0.00506549 -0.00963685 0.0116015 0.0039293 0.0175997  -0.0146793 -0.00306412  -0.0160449 -0.387586 -0.199098  -9.79932 
              4.1007 -0.0714728   0.256336  0.0483543 0.00592875  0.0192538 -0.0136721  0.00900135  -0.0643826 0.000681479 -0.0109892 -0.0232768  0.0441272  0.0237538 0.00339594 -0.0104812  0.0116823 0.00400742  0.0174862 -0.0117708 -0.0023011 -0.0163501 -0.390192 -0.199815   -9.7992 
             4.20087 -0.133549  0.279115  0.156228 0.000132641   0.0198356  -0.0151057  0.00956415  -0.0342219 6.32092e-05 -0.0109877 -0.0232726  0.0441274 0.00931499 0.00676091 -0.0125318  0.0118742 0.00396974  0.0171732 -0.00596586 -0.00245125  -0.0158774 -0.395355 -0.199738  -9.79899 
             4.30085 -0.160768  0.234314 0.0345423 0.00097437  0.0240498 -0.0178304    0.0213605   -0.0339813 -0.000475202 -0.0109899 -0.0232728  0.0441286  0.0125868  0.0173365 -0.0179533  0.0119593 0.00412107  0.0175409 -0.00584176 -0.00468567  -0.0144645 -0.395417 -0.197727  -9.79903 
              4.4007 -0.139514  0.281358 0.0036093 0.00398924  0.0265047 -0.0160423    0.0238852   -0.0377383 -0.000515306 -0.0109909 -0.0232721   0.044129  0.0217853  0.0194491 -0.0115639  0.0119087 0.00399244   0.017621 -0.00674209  -0.0052443  -0.0189979 -0.394735 -0.197277  -9.79907 
              4.5004 -0.0683079   0.216497  -0.127667 0.00698524  0.0277947  -0.014296    0.0225647   -0.0391266 -0.000430479 -0.0109894 -0.0232696  0.0441297   0.0270983   0.0168939 -0.00616113  0.0117064 0.00419369   0.017998  -0.0071443 -0.00505002  -0.0223537 -0.394473 -0.197485  -9.79908 
             4.60084 -0.162259  0.305611  0.110118 0.00330415  0.0260368 -0.0150315    0.0126523   -0.0216035 -0.000378924 -0.0109917 -0.0232642  0.0441265   0.0186381   0.0121571 -0.00758323   0.011968 0.00395761  0.0173225 -0.00380302 -0.00318073  -0.0222072 -0.397458 -0.199185  -9.79892 
             4.70074  -0.176502    0.32219 0.00380358 0.00348552  0.0221472 -0.0159117 -0.000159298   -0.0166007  2.87625e-05 -0.0109928 -0.0232644  0.0441256   0.0204651  0.00202857 -0.00933824  0.0119862 0.00393296  0.0176482  -0.00286438 -0.000738484   -0.0220867 -0.398311  -0.20137  -9.79884 
             4.80043 -0.153095  0.334985 0.0377359 0.00558776  0.0193497 -0.0159293 -0.00694613  -0.0159755 0.000276039 -0.0109943 -0.0232644  0.0441261   0.0259076 -0.00451211 -0.00861226  0.0119106 0.00391682  0.0175537 -0.00279272 0.000539821   -0.023011 -0.398416 -0.202519  -9.79881 
             4.90081  -0.187715   0.324956 0.00965332 0.00273014  0.0189393 -0.0157348 -0.00704215 -0.00398672 3.10988e-05 -0.0109943  -0.023264  0.0441258   0.0181856 -0.00249935 -0.00729957  0.0119974 0.00396988  0.0176556 -0.000537846  0.000517457   -0.0239942 -0.400449 -0.202523  -9.79873 
             5.00045   -0.17852   0.343571 -0.0580491  0.0027062  0.0201412 -0.0151575  -0.00398429  0.000368049 -0.000156948 -0.0109949 -0.0232645  0.0441254   0.0187602  0.00186572 -0.00506357  0.0119746 0.00393538  0.0178349  0.000254306 -9.75094e-05   -0.0252107 -0.401181 -0.201989  -9.79871 
             5.10046  -0.17909   0.29358 0.0389649 0.00343159  0.0197462 -0.0157677  -0.00508759   0.00268479 -0.000162593 -0.010995 -0.023264 0.0441256   0.0198791  0.00182776 -0.00633438  0.0119717 0.00408794  0.0175605 0.000694484  0.00010911  -0.0252261 -0.401575 -0.202175  -9.79869 
             5.20086 -0.142999  0.316748 0.0329458 0.00172701  0.0180713 -0.0156716   -0.0083931   0.00986077 -0.000183533 -0.0109953 -0.0232625  0.0441261   0.0162465 -0.00162162  -0.0055815  0.0118606 0.00404343  0.0175824  0.00203747 0.000717578   -0.025847 -0.402794 -0.202724  -9.79863 
             5.30105  -0.0654691    0.342162 -0.00178157 0.00266253   0.018843 -0.0134717  -0.00642822    0.0116762 -0.000266669 -0.0109956 -0.0232604  0.0441251    0.0190868   -0.0019238 -0.000856041  0.0116639 0.00399069  0.0176583  0.00231062 0.000303654  -0.0280087 -0.403092 -0.202371  -9.79862 
             5.40049 -0.0121507   0.267693 -0.0164227 0.00172191  0.0184172 -0.0116522  -0.00653131    0.0167271 -0.000342264 -0.0109945 -0.0232592  0.0441261    0.015455 -0.00447776  0.00276611  0.0115311 0.00420069  0.0176934  0.00322488 0.000291098  -0.0294306 -0.403944 -0.202371  -9.79859 
             5.50081  -0.102364   0.322901 -0.0816784 -0.000240848    0.0217128   -0.0109718 -0.000431917    0.0227948 -0.000587652 -0.0109966 -0.0232612  0.0441273    0.01137 0.00437174 0.00291044  0.0117622 0.00406959  0.0178442  0.00437854 -0.00088814   -0.029804 -0.404957 -0.201327  -9.79857 
             5.60081  -0.152301    0.31852 -0.0598005 -9.97383e-05    0.0201424   -0.0139736  -0.00371135    0.0241491 -0.000529335 -0.0109964 -0.0232591  0.0441262   0.0129652  0.00179228 -0.00518583  0.0118722 0.00409445  0.0177853   0.00470675 -0.000230016   -0.0276089 -0.405193 -0.201889  -9.79855 
             5.70073 -0.128176  0.308648 0.0367404 -0.00280613   0.0225063  -0.0147323 -0.000284906    0.0302226 -0.000684804  -0.010994 -0.0232559  0.0441271   0.0074925  0.00734317 -0.00689401  0.0118111 0.00413696  0.0175367   0.00587573 -0.000890059   -0.0274964  -0.40621 -0.201299  -9.79852 
             5.80087 -0.137861  0.268728  0.115425 -0.000796925    0.0202866   -0.0182899  -0.00469756     0.028122 -0.000566063 -0.0109977 -0.0232571  0.0441258  0.0130679 0.00184662 -0.0143251 0.0118222 0.0042443  0.017337   0.0055238 -1.9603e-05  -0.0257405 -0.405863 -0.202052  -9.79852 
             5.90079 -0.0944006   0.338988 -0.0430139 -0.00340153      0.0192  -0.0165439  -0.00616816    0.0339962 -0.000612335 -0.0109989 -0.0232589  0.0441243  0.00900697 -0.00205927 -0.00797074  0.0117296 0.00408986  0.0177254  0.00657973 0.000220086  -0.0277329 -0.406864 -0.202286  -9.79847 
             6.00063 -0.159313  0.279946 0.0462252 -0.00211995   0.0193471  -0.0194434  -0.00583631    0.0333636 -0.000612668 -0.0109991 -0.0232584  0.0441243   0.0121207 0.000129557  -0.0137694  0.0118802 0.00424316  0.0174972  0.00649715 0.000175974  -0.0265703 -0.406753 -0.202233  -9.79848 
             6.10081 -0.120857  0.275437 0.0501053 0.000127541   0.0175958  -0.0184983  -0.00810356    0.0322272 -0.000560129  -0.010999 -0.0232581  0.0441246   0.0169975  -0.0049184 -0.00984389  0.0117869 0.00426443  0.0174819  0.00623001 0.000590354  -0.0279954 -0.406571 -0.202616  -9.79848 
             6.20075  -0.12729  0.296148 -0.103261 0.00203488  0.0181525 -0.0176543  -0.00680563    0.0323404 -0.000582379 -0.0110001 -0.0232586  0.0441245   0.0203017 -0.00409277 -0.00775805  0.0118043 0.00422438  0.0178338  0.00621939 0.000325186  -0.0291111 -0.406595 -0.202394  -9.79848 
             6.30095    -0.19126    0.269612 -0.00382507 0.00267128  0.0170489 -0.0216342 -0.00779456   0.0338504 -0.00058323 -0.0110001 -0.0232572  0.0441243   0.0195712 -0.00312596  -0.0155877  0.0119407 0.00429481  0.0176014  0.00656187 0.000538363  -0.0273723 -0.406841 -0.202564  -9.79847 
             6.40083 -0.158328  0.287486 0.0707473 -0.00221533   0.0167291   -0.019653  -0.00749284     0.042037 -0.000662237 -0.0109996  -0.023253  0.0441233  0.00740093 -0.00254889 -0.00883373  0.0118636 0.00426781  0.0174372  0.00807602 0.000438866  -0.0292865  -0.40824 -0.202499  -9.79841 
             6.50073 -0.168682  0.296712 0.0645822 0.000646574   0.0186243  -0.0199023  -0.00522002    0.0399283 -0.000673183 -0.0109993 -0.0232533  0.0441236   0.0143541  0.00206344 -0.00866365  0.0118872 0.00425494  0.0174449  0.00766359 6.22092e-07  -0.0296776 -0.407884 -0.202116  -9.79843 
             6.60053  -0.160707   0.322864 -0.0608045 0.00237811  0.0185971 -0.0195953  -0.00557088    0.0398492 -0.000669167 -0.0109995 -0.0232531  0.0441237   0.0182912  0.00120013 -0.00725283  0.0118643 0.00420985   0.017729  0.00763036 5.99448e-05  -0.0302973 -0.407878 -0.202173  -9.79843 
             6.70042  -0.179011   0.302914 -0.0691501  0.0033887  0.0172338 -0.0185353  -0.00725774     0.040806 -0.000661684 -0.0109985 -0.0232534  0.0441237   0.0193908 -0.00105589 -0.00391443  0.0118937 0.00426383  0.0177456  0.00778558 0.000369043  -0.0312152 -0.408052 -0.202453  -9.79842 
             6.80079 -0.136893  0.329642 0.0695517 0.00678228  0.0166934 -0.0172517  -0.00772187    0.0394704 -0.000645995 -0.0109995 -0.0232541  0.0441241    0.0258326   -0.0023478 -0.000781849   0.011804 0.00421605  0.0174335  0.00750152 0.000448228   -0.032081 -0.407834 -0.202528  -9.79843 
             6.90081 -0.162739  0.348257  0.012473 0.00753473  0.0185222 -0.0146251  -0.00553013     0.041715 -0.000683694    -0.011 -0.023254 0.0441237  0.0252096 0.00237464 0.00444026  0.0118591 0.00418161  0.0175509 0.00789986 3.9359e-06 -0.0334309 -0.408223 -0.202145  -9.79842 
             7.00055  -0.140588   0.328098 0.00172335 0.00583768  0.0176057 -0.0145592  -0.00655027    0.0458987 -0.000718587     -0.011 -0.0232544   0.044124   0.0193979 0.000712771  0.00296052  0.0118049 0.00423645  0.0175778  0.00870799 0.000195432  -0.0332456 -0.408928 -0.202313  -9.79838 
             7.10073  -0.108816    0.31278 -0.0824096 0.00417882  0.0213396 -0.0150736  -0.00276466    0.0495914 -0.000785106 -0.0110029 -0.0232574  0.0441237   0.0135993  0.00859843 0.000322003  0.0117363 0.00427659  0.0177495   0.00943238 -0.000532604   -0.0328788 -0.409538 -0.201673  -9.79837 
             7.20095  -0.110175   0.313041 -0.0358335 0.00454904  0.0205036 -0.0145106   -0.0043973    0.0505365 -0.000785745 -0.0110028 -0.0232574  0.0441238    0.014327  0.00435984 0.000470638  0.0117318 0.00428228  0.0176477   0.00960461 -0.000225133   -0.0331172 -0.409701 -0.201945  -9.79836 
              7.3009 -0.224337  0.374685 -0.150325 0.00661948  0.0199446 -0.0192135  -0.00562601    0.0499126 -0.000765305 -0.0110004 -0.0232534  0.0441234  0.0196545  0.0049102 -0.0118773  0.0119518 0.00416407  0.0178828 0.00954107  4.556e-05 -0.0310369 -0.409583 -0.202167  -9.79836 
             7.40076  -0.161359   0.248832 -0.0133029 0.00447399   0.020433 -0.0220942  -0.00553788    0.0534687 -0.000801723 -0.0110008 -0.0232512  0.0441253   0.011772 0.00607803   -0.01634  0.0118242 0.00442691  0.0176052   0.0102446 3.34848e-05  -0.0302653 -0.410171 -0.202146  -9.79834 
             7.50046 -0.231865  0.266731  -0.10275 0.00314225  0.0216275  -0.024323  -0.00515057    0.0557521 -0.000824837 -0.0110011 -0.0232514  0.0441265 0.00819609 0.00968936 -0.0189557   0.011954 0.00440007  0.0177897      0.01069 -4.16662e-05   -0.0300051 -0.410548 -0.202074  -9.79832 
             7.60083  -0.26527  0.299713 -0.152826 0.00725128  0.0205573 -0.0240597  -0.00719246    0.0529848 -0.000795154 -0.0110008 -0.0232516  0.0441258  0.0178491 0.00623181 -0.0155958  0.0120171 0.00433863  0.0178741   0.0101291 0.000344165  -0.0309244 -0.410105 -0.202425  -9.79833 
             7.70077  -0.234842   0.281155 -0.0818281 0.00897836  0.0190483 -0.0247124  -0.00910497    0.0529433 -0.000791711 -0.0110017 -0.0232518  0.0441259  0.0201022 0.00352045 -0.0133882  0.0119594 0.00437874  0.0177289    0.010109 0.000709531  -0.0312494 -0.410113 -0.202746  -9.79833 
             7.80044  -0.328851   0.290385 -0.0513699 0.0079042  0.018114 -0.027917   -0.0103226    0.0553657 -0.000808721  -0.011002 -0.0232495  0.0441251   0.016202 0.00522573 -0.0184635  0.0121378 0.00436712  0.0176618   0.0105949 0.000951657  -0.0305061 -0.410517 -0.202945   -9.7983 
              7.9009 -0.217501  0.264336 0.0343248 0.00256918  0.0181728 -0.0241732   -0.0104208    0.0609727 -0.000840277 -0.0110004 -0.0232394  0.0441248 0.00321489   0.004686 -0.0075117  0.0119218 0.00443095  0.0174989   0.0116302 0.000930998  -0.0326253  -0.41149 -0.202892  -9.79826 
             8.00047 -0.229341  0.265159 -0.016571 0.000192587   0.0211438  -0.0216691  -0.00843105    0.0633017 -0.000858212 -0.0110006  -0.023238  0.0441232 -0.00133063   0.0109838 -0.00174514  0.0119444 0.00443484  0.0175911    0.012055 0.000523754  -0.0338681 -0.411886 -0.202518  -9.79826 
             8.10096  -0.200024   0.230145 -0.0320685 0.00350662  0.0212045 -0.0228477  -0.00943195    0.0605656 -0.000835699 -0.0110003  -0.023238  0.0441236  0.00679726  0.00890317 -0.00508495  0.0118831 0.00450051  0.0176147   0.0115308 0.000728161  -0.0335091 -0.411427 -0.202711  -9.79827 
             8.20084  -0.220343   0.331691 -0.0931558 0.00171485  0.0174254 -0.0186811   -0.0130967    0.0624557 -0.000863367 -0.0110014 -0.0232378  0.0441233   0.00546243 -0.000796815   0.00384548  0.0119126 0.00431933   0.017726  0.0118503 0.00141133 -0.0351639 -0.411797 -0.203284  -9.79824 
             8.30077 -0.177167   0.25948 -0.129454 0.00305843  0.0175515 -0.0207308   -0.0130274    0.0617967 -0.000861963 -0.0110018 -0.0232383  0.0441233   0.00753751 -0.000202619  -0.00300982  0.0118304 0.00445622  0.0177889  0.0117439 0.00141262 -0.0342621 -0.411667 -0.203294  -9.79825 
             8.40044 -0.244693  0.305126 0.0226974 0.00206745  0.0203986 -0.0224791   -0.0110178    0.0632115 -0.000868307 -0.0109986 -0.0232358  0.0441239  0.00593293  0.00843025 -0.00704406  0.0119462 0.00438437  0.0175076  0.0120369 0.00102932 -0.0337432 -0.411884  -0.20296  -9.79825 
             8.50083  -0.225449   0.347928 -0.0521184 -0.00114682   0.0207782  -0.0205749  -0.0113191   0.0660568 -0.00088498 -0.0109999 -0.0232373  0.0441224  0.00128315  0.00847392 -0.00244592  0.0119019 0.00431181  0.0176423  0.0125697 0.00106887  -0.034614 -0.412381 -0.202979  -9.79823 
              8.6008 -0.227431  0.295613 -0.130048 0.000712472   0.0222637  -0.0234438   -0.0110424    0.0648451 -0.000880747 -0.0110003 -0.0232365  0.0441223  0.00589089   0.0116808 -0.00806201  0.0118904 0.00440781  0.0177784   0.012354 0.00102931 -0.0337258 -0.412157 -0.202953  -9.79824 
             8.70069 -0.162567  0.365972  -0.10616 -0.00181812    0.026369   -0.020401  -0.00889974    0.0672672 -0.000870229 -0.0110017 -0.0232351  0.0441198   0.00211734    0.0171908 -0.000869797  0.0117751 0.00429299  0.0177359   0.0127997 0.000587767  -0.0350129 -0.412576 -0.202558  -9.79823 
             8.80084 -0.204151  0.318688 -0.126427 0.00356009   0.025365 -0.0217464   -0.0110284    0.0636853 -0.000875326 -0.0110018 -0.0232349  0.0441182   0.0150968   0.0116951 -0.00461742 0.0118467 0.0043806 0.0177606  0.0121064 0.00101857  -0.034608 -0.411984 -0.202946  -9.79824 
             8.90073 -0.207361  0.278864 0.0454078 0.00239489  0.0228978 -0.0218677   -0.0135189    0.0652543 -0.000903329 -0.0110053 -0.0232334  0.0441183   0.0113992  0.00529768 -0.00507837  0.0118476 0.00445592  0.0174567  0.0124071 0.00149989 -0.0346766 -0.412265 -0.203353  -9.79822 
             9.00044  -0.220531   0.336706 -0.0551452 0.00215829  0.0209972 -0.0203548   -0.0152268    0.0661875 -0.000925923 -0.0110056 -0.0232339  0.0441177   0.0116749 0.000928116 -0.00187992  0.0118699 0.00436558  0.0176338  0.0125735 0.00182273 -0.0353008 -0.412444 -0.203626  -9.79821 
             9.10084  -0.246598   0.304103 -0.0771333 0.00618687  0.0186486 -0.0233392   -0.0170388    0.0642434 -0.000939279 -0.0110057  -0.023232  0.0441159   0.0193515 -0.00265684 -0.00913001  0.0119085 0.00442745  0.0176708  0.0122098 0.00219351 -0.0343868 -0.412118 -0.203954  -9.79822 
             9.20079  -0.26543  0.356491 0.0533116 0.000674754   0.0180187  -0.0230702  -0.0172012   0.0689527 -0.00095485 -0.0110053 -0.0232276  0.0441141   0.00698517 -0.000591231   -0.0077441  0.0119312 0.00434643  0.0174526  0.0131261 0.00221396 -0.0346816 -0.412909  -0.20395  -9.79818 
             9.30096  -0.213307   0.332295 -0.0398197  0.0011786  0.0143535 -0.0224485   -0.0195199    0.0690376 -0.000979373 -0.0110043 -0.0232269   0.044115  0.00928568 -0.00739769 -0.00469079  0.0118426 0.00439302  0.0175997  0.0131308 0.00266267 -0.0350626 -0.412945 -0.204333  -9.79817 
             9.40084  -0.259655   0.320508 0.00719914 -0.000629483    0.0166234   -0.0237925   -0.0177521    0.0708028 -0.000962309 -0.0110043 -0.0232267  0.0441158  0.00525938  0.00202508 -0.00683185  0.0119165 0.00441868  0.0175178  0.0134879  0.0023171 -0.0347677 -0.413227 -0.204033  -9.79817 
             9.50078  -0.274019   0.341573 0.00474436 -0.00289532     0.01652  -0.0227506   -0.0179488    0.0725347 -0.000971665 -0.0110045 -0.0232271  0.0441156  0.00166577  0.00257923 -0.00522232  0.0119363 0.00438911  0.0175219 0.0138153  0.002345 -0.035294 -0.413523 -0.204051  -9.79816 
             9.60048 -0.316744  0.330957 0.0146149 -0.000692552    0.0179807   -0.0242348   -0.0174473    0.0714038 -0.000961547 -0.0110046 -0.0232267  0.0441156  0.00750073  0.00752265 -0.00853624  0.0120035 0.00441553   0.017504  0.0135998 0.00225302 -0.0350269 -0.413329 -0.203976  -9.79816 
             9.70086  -0.231739   0.380543 -0.0378862 -0.00208888   0.0191228  -0.0204613  -0.0171719   0.0728388 -0.00095673 -0.0110065 -0.0232252  0.0441145 0.00600897 0.00807103 0.00023356  0.0118637 0.00434185  0.0175901  0.0138566 0.00217801 -0.0363619 -0.413589 -0.203902  -9.79816 
             9.80078  -0.281865   0.378646 -0.0814576 0.00195666  0.0153209 -0.0227105  -0.0201114    0.070769 -0.00100929  -0.011003 -0.0232229  0.0441151    0.016378 0.000325362 -0.00583499  0.0119373 0.00435118  0.0176609  0.0134563 0.00277399 -0.0356831 -0.413239 -0.204413  -9.79816 
             9.90046  -0.254703   0.355375 -0.0366719 0.00198284   0.017355  -0.022348    -0.018981    0.0717911 -0.000986895 -0.0110028 -0.0232226  0.0441149  0.0148669 0.00557631 -0.0046944  0.0118896 0.00439373  0.0175858  0.0136562 0.00254416  -0.035936 -0.413412 -0.204216  -9.79816 
             10.0005  -0.248949   0.341842 -0.0906401 0.00097653    0.01419 -0.0211867  -0.0211388   0.0731371 -0.00102663 -0.0110015 -0.0232228  0.0441159    0.012021 -0.00111892 -0.00207574  0.0118747 0.00442055  0.0176757  0.0139133 0.00296453 -0.0363419  -0.41365 -0.204566  -9.79814 
             10.1008   -0.32004   0.365187 -0.0728715 0.000544824   0.0155731  -0.0217407  -0.0204173   0.0741493 -0.00100749 -0.0110016 -0.0232229  0.0441166   0.0106597  0.00541963 -0.00352708  0.0119826 0.00438842  0.0176466  0.0141187 0.00282004 -0.0362302 -0.413815 -0.204443  -9.79813 
             10.2005 -0.251311  0.354907 -0.051828 -0.00107038   0.0157699  -0.0215805  -0.0205958   0.0756515 -0.00100287 -0.0110014  -0.023222  0.0441167  0.00773267  0.00611691 -0.00282679  0.0118841 0.00440893  0.0176061  0.0144168 0.00285059 -0.0363365 -0.414069 -0.204464  -9.79812 
             10.3009  -0.300172   0.334217 -0.0656422 8.81135e-05   0.0164444   -0.024809  -0.0207069   0.0754543 -0.00100779  -0.011002 -0.0232216  0.0441166  0.0104384  0.0090432 -0.0102164 0.0119552 0.0044418 0.0176245  0.0143912  0.0028825 -0.0355302 -0.414027 -0.204502  -9.79812 
             10.4008   -0.279028    0.394196 -0.00477649 0.000748734   0.0154968  -0.0229973  -0.0217705   0.0757263 -0.00102817 -0.0110043 -0.0232215  0.0441166   0.0133293  0.00612717 -0.00537448  0.0119206 0.00435505  0.0175264  0.0144301 0.00308462 -0.0362612 -0.414088 -0.204662  -9.79812 
             10.5005 -0.213656  0.391068 0.0629653 -0.00330902   0.0160335  -0.0206818   -0.021702   0.0786115 -0.00100999 -0.0110039 -0.0232159  0.0441154  0.00493794  0.00651482 -0.00024657  0.0118179 0.00436696  0.0174233  0.0149934 0.00305868 -0.0369666 -0.414575 -0.204616   -9.7981 
             10.6009 -0.314166  0.371198 0.0310829 -0.00237828   0.0181384  -0.0230042   -0.0211026    0.0784424 -0.000996988 -0.0110041 -0.0232151  0.0441159  0.00787845   0.0126529 -0.00591434  0.0119643 0.00439886  0.0174684  0.0149711 0.00294749   -0.03637 -0.414536 -0.204532   -9.7981 
             10.7008 -0.274777  0.369321 -0.157181 0.000535329   0.0210699  -0.0235335   -0.0203354    0.0775001 -0.000980715 -0.0110053 -0.0232136  0.0441158   0.0142909   0.0170054 -0.00681345  0.0118977 0.00440272  0.0177497  0.0147824 0.00279631 -0.0363892 -0.414375 -0.204407  -9.79811 
             10.8005 -0.275113   0.35705 -0.214539 0.00247363   0.020143 -0.0224356 -0.0217471   0.077236 -0.0010212 -0.0110016 -0.0232123  0.0441159   0.0177388   0.0127481 -0.00391208  0.0118907 0.00442196  0.0178327  0.0147221 0.00307519 -0.0368147 -0.414343 -0.204635  -9.79811 
             10.9008   -0.31405    0.40375 -0.0812132 0.00336237  0.0212567 -0.0227558  -0.0219031   0.0777423 -0.00102193 -0.0110015 -0.0232122  0.0441157   0.0194131   0.0152484 -0.00440776  0.0119453 0.00435906  0.0176303  0.0148231 0.00310491 -0.0368141 -0.414428 -0.204658   -9.7981 
             11.0008 -0.278455  0.376994 -0.126211  0.0073156  0.0193176 -0.0208091  -0.0237083   0.0767293 -0.00107669 -0.0110022 -0.0232125  0.0441159   0.0264245  0.00867651 6.04894e-05  0.0118867 0.00440298  0.0176919  0.0146076 0.00346333 -0.0373908 -0.414281 -0.204956   -9.7981 
              11.101 -0.182756  0.361611 -0.112395 0.00416075  0.0185617 -0.0199848  -0.0243594   0.0795031 -0.00106799 -0.0110019 -0.0232105  0.0441169   0.0169697  0.00564822 0.000934467  0.0117417 0.00442937   0.017669  0.0151632 0.00358479 -0.0375459 -0.414749 -0.205035  -9.79808 
             11.2005 -0.289148  0.369859 -0.113305 0.0069589 0.0188743 -0.021951 -0.0246104  0.0790189 -0.0010773 -0.0110022 -0.0232099  0.0441166   0.0216039  0.00751491 -0.00466764  0.0118915 0.00442403  0.0176679  0.0150747 0.00364204 -0.0370465 -0.414668 -0.205093  -9.79808 
             11.3008 -0.219572  0.314859 -0.172875 0.00684418  0.0217437 -0.0216893  -0.0235448   0.0801732 -0.00104253 -0.0110024 -0.0232104  0.0441171   0.0175484    0.011811 -0.00517888  0.0117901 0.00450532  0.0177456  0.0153058 0.00342235 -0.0372257 -0.414846 -0.204896  -9.79808 
             11.4005 -0.272288  0.378452 -0.131749 0.00783223  0.0192628 -0.0237772  -0.0253603   0.0804498 -0.00108347 -0.0110029   -0.02321  0.0441162   0.0194112  0.00656154 -0.00949563  0.0118614 0.00441935  0.0176845  0.0153665 0.00379282 -0.0368165 -0.414914 -0.205204  -9.79807 
             11.5005 -0.249174  0.332614 -0.042027 0.00580467  0.0210857 -0.0239776 -0.0248127  0.0822979 -0.0010448 -0.0110018 -0.0232078  0.0441166   0.0125026   0.0106947 -0.00861996  0.0118254 0.00448726  0.0175578  0.0157431 0.00367529 -0.0369647 -0.415215 -0.205081  -9.79806 
             11.6008 -0.230381  0.348402 -0.187591 0.00401115  0.0216419 -0.0229294  -0.0250444    0.083724 -0.00103279 -0.0110019 -0.0232089  0.0441164   0.0082348   0.0103599 -0.00527108  0.0117938 0.00446787  0.0177664  0.0160297 0.00371419 -0.0373796 -0.415463 -0.205091  -9.79805 
             11.7008 -0.320144  0.369242 -0.126774 0.00576362  0.0185833 -0.0235628 -0.0270235  0.0832154 -0.0010956 -0.0110031 -0.0232095  0.0441145   0.0131639  0.00465916 -0.00609725  0.0119147 0.00444136  0.0176775  0.0159224 0.00412115 -0.0373346  -0.41541 -0.205433  -9.79805 
             11.8009 -0.279749  0.335959 -0.135158  0.0030586  0.0187593 -0.0239545 -0.0271343  0.0849994 -0.0010741 -0.0110031 -0.0232092  0.0441148  0.00627209  0.00628381 -0.00616406  0.0118533 0.00449036   0.017685  0.0162893 0.00413755 -0.0373551 -0.41571 -0.20542 -9.79803 
             11.9006  -0.286223   0.398101 -0.0585047  0.0040405   0.021027 -0.0229761  -0.0264407   0.0850075 -0.00105491 -0.0110029 -0.0232092  0.0441148  0.00950581   0.0114424 -0.00312791  0.0118621 0.00441126  0.0175787  0.0162857 0.00399202 -0.0377279 -0.415705 -0.205299  -9.79804 
             12.0005   -0.239077    0.420379 -0.00995862 0.000289984   0.0218167  -0.0211929  -0.0265108      0.0871 -0.00103021 -0.0110032 -0.0232058  0.0441132  0.00279526   0.0119631 0.000632068   0.011791 0.00438688  0.0175114  0.0167094  0.0039976 -0.0381799 -0.416061 -0.205268  -9.79802 
             12.1004 -0.197968  0.348732 -0.275645 0.00183004  0.0219588  -0.019984  -0.0269842   0.0865695 -0.00104819 -0.0110007 -0.0232037  0.0441137 0.00661065 0.00917514 0.00238821  0.0117301 0.00448677  0.0178678  0.0165994  0.0040942 -0.0384249 -0.415988 -0.205352  -9.79802 
             12.2008  -0.217731   0.338512 -0.0880872 0.00158221  0.0231405  -0.022207  -0.0269005   0.0869513 -0.00104423 -0.0110011 -0.0232039   0.044114 0.00634918   0.011825 -0.0029711  0.0117557 0.00450591  0.0176143  0.0166871 0.00408434 -0.0378476 -0.416042 -0.205344  -9.79802 
             12.3011 -0.247313  0.344737 -0.033579 -0.00220675   0.0207217  -0.0220152   -0.028436     0.08872 -0.00109112 -0.0110025 -0.0232023  0.0441138 -0.000543543   0.00660905   -0.0026833 0.0117891 0.0044994 0.0175425  0.0170436 0.00439256 -0.0379082 -0.416356  -0.20557    -9.798 
             12.4009  -0.314308   0.377984 -0.0247622 -0.00064269   0.0176911  -0.0238848  -0.0301409   0.0879549 -0.00115018 -0.0110038 -0.0232021  0.0441117  0.00576221  0.00177858 -0.00664386  0.0118743 0.00445851  0.0175269  0.0168883 0.00474355 -0.0375437  -0.41625 -0.205865    -9.798 
             12.5008 -0.238376  0.336556 0.0175077 -0.00200684   0.0180769  -0.0209098  -0.0299798   0.0887958 -0.00113837 -0.0110029 -0.0232008  0.0441119  0.00282732  0.00255412 0.000728247  0.0117725 0.00451767  0.0174717  0.0170513 0.00469933 -0.0383006   -0.4164 -0.205817    -9.798 
             12.6005 -0.191598   0.35593 -0.110393 -0.00359743   0.0174082  -0.0184724  -0.0302951   0.0895999 -0.00114861 -0.0110028 -0.0232009  0.0441119 0.000792286 0.000791298  0.00545454  0.0117087 0.00449494   0.017642  0.0172104 0.00475587 -0.0387803 -0.416545 -0.205854  -9.79799 
             12.7004  -0.229712   0.380276 0.00459753  -0.003265  0.0167193 -0.0205335  -0.0306389   0.0895057 -0.00116402 -0.0110022 -0.0232012  0.0441121   0.00370278   0.00152912 -0.000371192 0.0117537 0.0044681  0.017488  0.0171979 0.00483302 -0.0382263 -0.416522 -0.205918  -9.79799 
             12.8008 -0.246513  0.361675 0.0398186 -0.00435958   0.0154476  -0.0221738 -0.0312057  0.0900709 -0.0011879 -0.0110025 -0.0232004  0.0441119  0.00245536 0.000969249 -0.00383854  0.0117723 0.00449426  0.0174402   0.017316 0.00495241 -0.0378768 -0.416612  -0.20601  -9.79798 
             12.9005 -0.292447  0.356125 0.0255946 -0.00279041   0.0162658  -0.0231645  -0.0309698   0.0895981 -0.00117788 -0.0110026 -0.0232001  0.0441119  0.00663833  0.00427184 -0.00658961  0.0118286 0.00451193  0.0174651  0.0172208 0.00490664 -0.0377717 -0.416531 -0.205975  -9.79799 
             13.0009 -0.290399  0.404611 0.0225001 -0.00523284   0.0153293  -0.0225091  -0.0314624   0.0908526 -0.00119789 -0.0110031 -0.0232008  0.0441108  0.00327878  0.00373647 -0.00412092  0.0118215 0.00445533  0.0174633  0.0174746  0.0050018 -0.0380212 -0.416744 -0.206049  -9.79798 
             13.1008  -0.219281   0.395173 0.00123806 -0.00547854   0.0169418  -0.0198729   -0.030891   0.0911781 -0.00116602 -0.0110037 -0.0232001  0.0441103 0.00425142 0.00662631   0.002975 0.0117278 0.0044731  0.017494  0.0175377  0.0048754 -0.0386283 -0.416811 -0.205949  -9.79798 
             13.2005 -0.243455  0.329343 0.0398874 -0.00232321   0.0149814  -0.0205969  -0.0320152   0.0900866 -0.00121874 -0.0110039    -0.0232  0.0441094   0.0107871  0.00235218 9.62017e-05 0.0117534 0.0045554  0.017445  0.0173106 0.00511204 -0.0384241 -0.416625 -0.206134  -9.79798 
             13.3009 -0.253162  0.366767 0.0727983 -0.000313198    0.0144903   -0.0217443   -0.032335    0.089772 -0.00123222 -0.0110039 -0.0232001  0.0441095   0.0147177  0.00260201 -0.00264394 0.0117628 0.0045139 0.0174012  0.0172476 0.00518126 -0.0381896 -0.416569 -0.206188  -9.79798 
             13.4008 -0.275047  0.395512 0.0147001 0.00109756  0.0171989 -0.0218437  -0.0314032   0.0899081 -0.00119068 -0.0110047 -0.0232004  0.0441102   0.0164997  0.00957212 -0.00232901  0.0117884 0.00448042  0.0174726  0.0172769 0.00498882 -0.0382332 -0.416595 -0.206036  -9.79798 
             13.5005 -0.201217  0.352918 0.0605213 -3.99444e-05    0.0187017    -0.021723  -0.0310837   0.0909591 -0.00117346 -0.0110046 -0.0232002  0.0441099   0.0118293   0.0113706 -0.00161897  0.0116959 0.00453712  0.0174114  0.0174943 0.00492003 -0.0382952 -0.416769  -0.20599  -9.79798 
             13.6009  -0.304751   0.356347 -0.0943749 0.000473779   0.0164278   -0.022962   -0.032431   0.0912066 -0.00123654 -0.0110012 -0.0232001  0.0441086   0.0124765  0.00763706 -0.00377106 0.0118226 0.0045326 0.0176038  0.0175454 0.00520094 -0.0380808 -0.416798 -0.206213  -9.79797 
             13.7008 -0.328942  0.386857 0.0111178 0.000177782   0.0167907  -0.0255481  -0.0325763   0.0917994 -0.00124125 -0.0110006  -0.023199  0.0441084   0.0118747   0.0104704 -0.00845548   0.011849 0.00449788  0.0174689  0.0176742 0.00523655 -0.0376598 -0.416886 -0.206247  -9.79797 
             13.8004  -0.218169   0.333949 -0.0306811 0.00153104  0.0174194 -0.0240725    -0.03268   0.0917614 -0.00124194 -0.0109999 -0.0231976  0.0441087   0.0132411  0.00964009 -0.00355312  0.0117112 0.00456763  0.0175218  0.0176624 0.00525205 -0.0381078  -0.41689 -0.206257  -9.79797 
             13.9004  -0.285843   0.355432 -0.0631036 0.00429221  0.0182116  -0.024398  -0.0328149   0.0912949 -0.00124958 -0.0109999 -0.0231974  0.0441086   0.0180664   0.0111195 -0.00361237  0.0117918 0.00454475  0.0175584  0.0175655 0.00528107 -0.0381278 -0.416815 -0.206277  -9.79797 
             14.0008  -0.290145    0.40712 -0.0243961 0.00237222  0.0201667 -0.0227653  -0.0324269   0.0927244 -0.00122845 -0.0110002 -0.0231966  0.0441072 0.0133424 0.0158843 0.0017002   0.011792 0.00448577  0.0175117  0.0178587 0.00519133 -0.0384918 -0.417052 -0.206209  -9.79796 
             14.1004  -0.234703    0.32427 -0.0854811 0.00209927  0.0205214 -0.0219315 -0.0328054  0.0932694 -0.0012437 -0.0109998 -0.0231967   0.044108  0.0108951  0.0144819 0.00371452  0.0117195 0.00458916  0.0175871  0.0179707 0.00526572 -0.0386107 -0.417143 -0.206267  -9.79796 
             14.2005 -0.350671  0.358892 -0.186577 0.00414851  0.0187606 -0.0250101 -0.0340452  0.0929071  -0.001298 -0.0109973 -0.0231937   0.044106   0.0151208   0.0117941 -0.00403861  0.0118516 0.00455177   0.017705   0.017902 0.00553353 -0.0379807 -0.417078 -0.206482  -9.79795 
             14.3009  -0.269428   0.373485 -0.0660988 0.00219362  0.0193904 -0.0209839  -0.0341602   0.0941784 -0.00129971 -0.0109976 -0.0231901  0.0441057 0.00988898  0.0113952 0.00560455 0.0117522 0.0045373 0.0175617  0.0181534 0.00554038 -0.0387848 -0.417294 -0.206475  -9.79794 
             14.4005  -0.236796   0.387496 -0.0406041 0.00257681  0.0186782 -0.0204867  -0.0347875   0.0943887 -0.00132477 -0.0109986 -0.0231899  0.0441061  0.0108721 0.00876618 0.00571671  0.0117134 0.00452418  0.0175339  0.0181964 0.00566897 -0.0387728 -0.417333 -0.206574  -9.79794 
             14.5004  -0.235507    0.32124 -0.0607403  0.0029293  0.0196247 -0.0200084  -0.0347458   0.0946508 -0.00132311 -0.0109985 -0.0231896  0.0441063  0.0101117  0.0103262 0.00570414  0.0117074 0.00460491  0.0175586  0.0182508 0.00565944 -0.0387664 -0.417374 -0.206565  -9.79794 
             14.6008  -0.198216   0.368595 -0.0512476 0.000918847   0.0183931  -0.0190709  -0.0354587   0.0956718 -0.00135578  -0.010999 -0.0231888  0.0441065 0.00661721 0.00659447 0.00663731  0.0116611 0.00455017  0.0175501  0.0184613 0.00580351 -0.0388257 -0.417545 -0.206666  -9.79793 
             14.7005  -0.34631  0.356418 -0.095541 -4.8252e-05   0.0190617  -0.0241462  -0.0355066   0.0962354 -0.00135663 -0.0109995 -0.0231833   0.044107  0.00464743   0.0122332 -0.00532294   0.011828 0.00456953  0.0176032  0.0185865 0.00583009 -0.0378203 -0.417611 -0.206689  -9.79793 
             14.8004   -0.260167    0.374408 -0.00821499 -0.0005865  0.0176235 -0.0229593  -0.0363626   0.0965368 -0.00139506 -0.0110012 -0.0231825  0.0441075  0.00466752  0.00722549 -0.00169618  0.0117254 0.00455382  0.0174941  0.0186449 0.00600374 -0.0381169 -0.417676 -0.206818  -9.79792 
             14.9008  -0.229577   0.350295 -0.0782156 0.00192587  0.0190876 -0.0241377  -0.0361194   0.0959036 -0.00138354 -0.0110013 -0.0231823  0.0441074   0.0094552  0.00968304 -0.00343161   0.011687 0.00458305  0.0175752  0.0185127 0.00595759 -0.0379505 -0.417568  -0.20679  -9.79793 
             15.0004  -0.279001   0.350162 -0.0865481 0.00332739  0.0173523 -0.0237501  -0.0370651   0.0957208 -0.00143225 -0.0110005 -0.0231824  0.0441066    0.012354  0.00601616 -0.00118986  0.0117429 0.00458525  0.0175828   0.018471 0.00615331 -0.0380886 -0.417553 -0.206939  -9.79792 
             15.1009  -0.276077   0.329892 -0.0651366 0.00284249  0.0154229 -0.0230768  -0.0378883   0.0962446 -0.00147518 -0.0110003 -0.0231825  0.0441064   0.0103158  0.00251952 0.000197046 0.0117345 0.0046106 0.0175574   0.018579 0.00632249 -0.0382314 -0.417649 -0.207062  -9.79792 
             15.2008  -0.349482   0.313675 -0.0859236 0.00406829  0.0155348 -0.0266543  -0.0379877   0.0961944 -0.00148057 -0.0110009 -0.0231802  0.0441062   0.0116637  0.00646431 -0.00738057  0.0118144 0.00462968  0.0175826  0.0185712 0.00635364 -0.0376304 -0.417625 -0.207089  -9.79792 
             15.3005 -0.265492  0.360399 -0.119818 0.00377245  0.0154281 -0.0246085  -0.0381738   0.0966851 -0.00148532 -0.0110018 -0.0231797  0.0441059   0.0108432  0.00536353 -0.00137924  0.0117182 0.00457729  0.0176202  0.0186729 0.00638506 -0.0381092  -0.41772 -0.207106  -9.79791 
             15.4005 -0.294222  0.359165 -0.145841 0.00690632  0.0164916 -0.0252132  -0.0380341   0.0960786 -0.00148196 -0.0110017 -0.0231792  0.0441062    0.016545  0.00810196 -0.00211607  0.0117476 0.00458336  0.0176505  0.0185441 0.00635857  -0.038058  -0.41762 -0.207092  -9.79792 
             15.5008 -0.292923  0.327122 -0.161148 0.00663444  0.0145816 -0.0259368  -0.0388781   0.0966126 -0.00152671 -0.0110013 -0.0231795  0.0441065   0.0139394  0.00477975 -0.00306033  0.0117433 0.00462402  0.0176672  0.0186583 0.00653748 -0.0379732 -0.417715 -0.207222  -9.79791 
             15.6008  -0.263819   0.341202 -0.0671162 0.00462739  0.0153506 -0.0238171  -0.0387309   0.0976825 -0.00150044 -0.0110006 -0.0231768  0.0441061 0.00817572 0.00666347 0.00255039  0.0117123 0.00461119  0.0175584   0.018886 0.00649819 -0.0383782 -0.417895 -0.207172   -9.7979 
             15.7004 -0.294042  0.372972 -0.130813 0.00254631  0.0137222 -0.0233169  -0.0394445    0.098552 -0.00152507 -0.0110006  -0.023177  0.0441054 0.00474634  0.0037497 0.00271735  0.0117402 0.00457821   0.017629   0.019072 0.00664809 -0.0384184 -0.418047 -0.207271   -9.7979 
             15.8008   -0.2075  0.416282 -0.018354 -0.000366524     0.014464   -0.0183887  -0.0392332   0.0996503 -0.00148295  -0.011002 -0.0231716  0.0441031 0.000741482  0.00346889   0.0120337  0.0116475 0.00453176  0.0174999  0.0193022 0.00659292 -0.0391994 -0.418239 -0.207201  -9.79789 
             15.9005 -0.296399  0.403174 -0.107534 -0.00298088   0.0160924  -0.0198469 -0.0388579   0.100538 -0.0014414 -0.0110022 -0.0231713  0.0441035 -0.00274817  0.00957172  0.00724664   0.011745 0.00454751  0.0175935   0.019498 0.00651172 -0.0387792  -0.41836 -0.207131  -9.79789 
             16.0009 -0.288129  0.372267 -0.127908 -0.00411481   0.0172833  -0.0207742  -0.0387965    0.100822 -0.00143006 -0.0110027 -0.0231713  0.0441038 -0.00299707   0.0121626  0.00382317  0.0117335 0.00458027  0.0176121  0.0195624 0.00649815 -0.0385245 -0.418398 -0.207119  -9.79788 
             16.1008  -0.221498   0.419156 0.00589838 -0.00710712    0.018213  -0.0177784 -0.0388088    0.10166  -0.001399 -0.0110027 -0.0231684  0.0441033 -0.00567401   0.0119342  0.00962795  0.0116622 0.00453045  0.0174638  0.0197419 0.00649798 -0.0389487 -0.418541 -0.207102  -9.79788 
             16.2005 -0.269956  0.346774 0.0113757 -0.00498648   0.0155538    -0.02146  -0.0400338    0.100765 -0.00150026 -0.0110068  -0.023169  0.0441009    0.0010638   0.00648279 -2.74009e-05  0.0117122 0.00461182  0.0174567  0.0195462 0.00676978 -0.0382201 -0.418402 -0.207321  -9.79788 
             16.3009  -0.295823   0.399806 -0.0153419 -0.00178159    0.013914  -0.0216087  -0.0407694   0.0998558 -0.00157173 -0.0110064 -0.0231686  0.0441003    0.0102941   0.00344964 -0.000327292 0.0117393 0.0045578 0.0174855  0.0193444 0.00693234 -0.0382178 -0.418266 -0.207451  -9.79788 
             16.4008  -0.217667   0.392308 -0.0657341 7.10314e-06      0.0174  -0.0208903 -0.0397993  0.0997426 -0.0015179 -0.0110076 -0.0231687  0.0440993  0.0132836 0.00941523 0.00147394  0.0116524 0.00456879   0.017538  0.0193197  0.0067191 -0.0383636 -0.418239 -0.207295  -9.79789 
             16.5008 -0.314419   0.38335 -0.131996 0.00166957  0.0156502 -0.0218988  -0.0406467   0.0996092 -0.00157144 -0.0110056 -0.0231675  0.0440976   0.0164057  0.00647843 -0.00168459  0.0117546 0.00458315  0.0176092  0.0192901 0.00690615 -0.0381973 -0.418223 -0.207433  -9.79788 
             16.6004  -0.278512   0.391574 -0.0737222 -0.000491109    0.0148657   -0.0202282  -0.0409887    0.100686 -0.00155602 -0.0110056 -0.0231677  0.0440974  0.0110279 0.00562458 0.00283841  0.0117101 0.00457967  0.0175481  0.0195264 0.00697604  -0.038479 -0.418403 -0.207477  -9.79788 
             16.7008 -0.298273  0.329947 -0.129249 0.00225122  0.0154825 -0.0229875  -0.0410235    0.100213 -0.00157509 -0.0110066 -0.0231667  0.0440969   0.0150021  0.00818178 -0.00318929  0.0117278 0.00464872   0.017607  0.0194232 0.00698844  -0.038022  -0.41832 -0.207491  -9.79788 
             16.8005 -0.286642  0.420186 -0.221233 0.00296296  0.0139876 -0.0207515  -0.0416733    0.100451 -0.00160444 -0.0110064 -0.0231671  0.0440967  0.0170305 0.00433329 0.00220324  0.0117191 0.00455599  0.0177018  0.0194733 0.00712812 -0.0384276 -0.418372 -0.207588  -9.79787 
             16.9009 -0.229809  0.384198 0.0141155  0.0010817  0.0152968 -0.0204614 -0.0413562    0.10147 -0.0015636 -0.0110039  -0.023163  0.0440957  0.0110947 0.00710727 0.00247929  0.0116597 0.00459749  0.0174581  0.0197021 0.00705441 -0.0384435 -0.418531 -0.207524  -9.79787 
             17.0008  -0.249895    0.35657 -0.0751775 -0.000416121    0.0151546   -0.0210582  -0.0415883    0.102187 -0.00155984 -0.0110041 -0.0231629  0.0440963  0.00711775  0.00718241 0.000966752   0.011678 0.00462943  0.0175506 0.0198623 0.0071043 -0.038319 -0.418645 -0.207552  -9.79786 
             17.1008  -0.213752   0.404582 -0.0141038 -0.00296842   0.0163622  -0.0169282  -0.0413879    0.103151 -0.00152759 -0.0110046 -0.0231599  0.0440951 0.00288747 0.00777702 0.00970061  0.0116408 0.00458142  0.0174891  0.0200729 0.00705195  -0.038939 -0.418805 -0.207497  -9.79786 
             17.2009  -0.250666   0.378504 -0.0682409 -0.00146495   0.0153905  -0.0195191  -0.0419107    0.102796 -0.00156528 -0.0110047 -0.0231596  0.0440949 0.00703963 0.00579873 0.00223164  0.0116754 0.00461206  0.0175468  0.0199955 0.00717433 -0.0384187 -0.418747 -0.207593  -9.79786 
             17.3008  -0.255621    0.39581 -0.0446704 -0.000508115    0.0174106   -0.0205132  -0.0415267    0.102784 -0.00154496 -0.0110045 -0.0231594  0.0440952    0.0093593   0.00995761 -0.000347304  0.0116798 0.00459392  0.0175199  0.0199951 0.00708956 -0.0382557 -0.418737 -0.207532  -9.79786 
             17.4005  -0.220892   0.331493 -0.0451367 -0.00301091   0.0178418  -0.0217851  -0.0416526    0.103684 -0.00152614 -0.0110051 -0.0231595  0.0440963  0.00315564   0.0097048 -0.00314136 0.0116399 0.0046646 0.0175209     0.0202 0.00711525 -0.0380724 -0.418879 -0.207542  -9.79785 
             17.5005  -0.288955    0.37025 -0.0304082 -0.00119153   0.0180924  -0.0234342  -0.0419157    0.103297 -0.00155173  -0.011005 -0.0231591   0.044096  0.00804513   0.0111782 -0.00549783  0.0117077 0.00462339  0.0175014  0.0201128 0.00717681 -0.0378945 -0.418816 -0.207588  -9.79786 
             17.6008 -0.231214  0.339705  0.021767 -0.00340516   0.0210527  -0.0224989  -0.0413352     0.10412 -0.00148851  -0.011004 -0.0231579  0.0440962  0.00270674   0.0149633 -0.00323562  0.0116485 0.00465628  0.0174454  0.0203022 0.00704193 -0.0381357  -0.41895 -0.207488  -9.79785 
             17.7005  -0.207702   0.364486 -0.0581978 -0.00177975   0.0202148  -0.0222318  -0.0419585    0.103748 -0.00154143 -0.0110023 -0.0231565  0.0440972  0.00749902  0.00982281 -0.00209517 0.0116207 0.0046324 0.0175254  0.0202152 0.00718612  -0.038233 -0.418897 -0.207592  -9.79785 
             17.8009  -0.254304   0.394651 -0.0103088 -0.00160465    0.018702  -0.0209291  -0.0426246    0.103878 -0.00158091 -0.0110033 -0.0231571  0.0440965  0.00926628  0.00537398 0.000577897  0.0116676 0.00460612  0.0174719  0.0202417 0.00733854 -0.0384609 -0.418927   -0.2077  -9.79785 
             17.9008 -0.243751  0.350099 0.0244207 -0.00312441   0.0182408  -0.0229767  -0.0428846    0.104483 -0.00158043 -0.0110038 -0.0231564  0.0440969  0.00561719  0.00501503 -0.00383532  0.0116537 0.00465149  0.0174373  0.0203837 0.00739763 -0.0381544 -0.419019 -0.207739  -9.79784 
             18.0005   -0.391765    0.454286 0.000499165 -0.00153426   0.0125858  -0.0264942  -0.0446274    0.104188 -0.00170401 -0.0110006 -0.0231527  0.0440918   0.0127247 -0.00281987  -0.0108593     0.0118 0.00455004  0.0174606   0.020312 0.00780722 -0.0377038 -0.418961 -0.208022  -9.79784 
             18.1004 -0.341145  0.397216 -0.058653 -0.00158401   0.0115094  -0.0254771  -0.0448116    0.104502 -0.00170028 -0.0110002 -0.0231537  0.0440918   0.0120129 -0.00279201 -0.00666715  0.0117462 0.00460939  0.0175205  0.0203853 0.00784744 -0.0380033 -0.419022 -0.208052  -9.79784 
             18.2009 -0.274927  0.397622 0.0134016 -0.00120515   0.0130015  -0.0245716  -0.0443208    0.104737 -0.00166059 -0.0109995 -0.0231528  0.0440911   0.0121736  0.00123367 -0.00399014  0.0116792 0.00461389  0.0174495    0.02044  0.0077313 -0.0382346 -0.419065 -0.207971  -9.79784 
             18.3009 -0.250158    0.4087 -0.038036 -0.0021888  0.0101846 -0.0222035  -0.0450151    0.105253 -0.00167678 -0.0109992 -0.0231513  0.0440922   0.0101518 -0.00405987  0.00155916   0.011652 0.00460679  0.0175013  0.0205593  0.0078933 -0.0386165 -0.419157 -0.208082  -9.79783 
              18.401 -0.315318  0.456754 -0.162241 -0.000143077   0.00981557   -0.0221709  -0.0450557    0.105049 -0.00168743 -0.0109989 -0.0231507  0.0440925   0.0154549 -0.00243904 0.000808822  0.0117146 0.00455923  0.0176218   0.020511 0.00790421 -0.0386147 -0.419124 -0.208088  -9.79783 
             18.5008  -0.325226   0.412677 -0.0164038 -0.000135206    0.0109506   -0.0242534  -0.0447124    0.105424 -0.00165547 -0.0109985 -0.0231497  0.0440931   0.0142381  0.00321575 -0.00375067  0.0117259 0.00460734  0.0174762  0.0206054 0.00782328 -0.0383241 -0.419182 -0.208037  -9.79783 
             18.6005  -0.308043   0.377924 -0.0982861 0.00182366  0.0118166  -0.023877  -0.0445893    0.105318 -0.00165205 -0.0109983 -0.0231495   0.044093   0.0167696  0.00538935 -0.00232588  0.0117075 0.00464284  0.0175549   0.020579 0.00779502 -0.0384415 -0.419166 -0.208016  -9.79783 
             18.7009 -0.330302  0.405905 -0.115634 0.00325348   0.013699 -0.0247247  -0.0442883    0.105419 -0.00162973 -0.0109985 -0.0231494   0.044093   0.0185469   0.0102338 -0.00409629  0.0117292 0.00461713  0.0175707  0.0206044 0.00772229 -0.0383674 -0.419179 -0.207966  -9.79783 
             18.8008  -0.30727  0.408146 0.0423699 -0.00329756   0.0148195   -0.023534  -0.0441913    0.107428 -0.00151865 -0.0109961 -0.0231408  0.0440929  0.00365708   0.0130394 -0.00110913  0.0117057 0.00461794   0.017416  0.0210903 0.00769283 -0.0385691 -0.419507 -0.207929  -9.79782 
             18.9008 -0.24641 0.448017 0.039589 -0.00512339   0.0163075   -0.020972   -0.044116    0.107991 -0.00148321 -0.0109963 -0.0231378  0.0440921 0.00223783  0.0128324 0.00336027  0.0116456 0.00458479  0.0174196  0.0212249 0.00767358 -0.0389305 -0.419601 -0.207903  -9.79782 
             19.0004 -0.28405 0.466434 -0.11176 0.000984509   0.0166923  -0.0201292  -0.0444243    0.106636 -0.00156834 -0.0109945 -0.0231341  0.0440934   0.017337   0.011358 0.00420085 0.0116782 0.0045689 0.0175618  0.0208972 0.00775488  -0.039014 -0.419386 -0.207965  -9.79782 
             19.1009  -0.246709   0.448932 -0.0562714 7.34351e-06    0.016644  -0.0196435 -0.0446859   0.107257 -0.0015542 -0.0109946 -0.0231342  0.0440936  0.0147657 0.00943529 0.00380775  0.0116408 0.00458728  0.0175066  0.0210487 0.00781515 -0.0390102  -0.41949 -0.208003  -9.79782 
             19.2006  -0.253674   0.388603 -0.0299263 0.00142326  0.0157796 -0.0211091  -0.0451515    0.107228 -0.00158894 -0.0109959 -0.0231344  0.0440935   0.0163485  0.00753724 0.000637779  0.0116456 0.00464791  0.0174816  0.0210417 0.00792743 -0.0387518 -0.419489 -0.208085  -9.79782 
             19.3004  -0.266696   0.434389 -0.0143112 -0.000635693    0.0143098   -0.0223392   -0.045673    0.108059 -0.00157763 -0.0109961 -0.0231337  0.0440933   0.0122688  0.00574185 -0.00140715  0.0116566 0.00460404  0.0174649  0.0212455 0.00805148 -0.0385634 -0.419629 -0.208168  -9.79781 
             19.4009 -0.309511  0.426317 0.0446463 0.000125434   0.0116369  -0.0213508  -0.0464601    0.108139 -0.00162503 -0.0109975 -0.0231345  0.0440918   0.0144383 0.000823939 0.000655254  0.0116994 0.00461327  0.0174095  0.0212611 0.00824123 -0.0387123 -0.419647 -0.208294  -9.79781 
             19.5008   -0.32243   0.452657 -0.0230185 0.00326644   0.011487 -0.0214773 -0.0465647   0.107779 -0.0016485 -0.0109973 -0.0231341  0.0440918     0.021211   0.00195413 -0.000314065  0.0117098 0.00459035  0.0174742   0.021173 0.00826731 -0.0386989 -0.419589 -0.208312  -9.79781 
             19.6005 -0.248147  0.402481 0.0304619 0.000960924   0.0138414   -0.021334 -0.0459823   0.108806 -0.0015647 -0.0109969 -0.0231336  0.0440919    0.0137634    0.0071814 -0.000565321 0.0116399 0.0046419 0.0174232  0.0214254 0.00812479 -0.0387182 -0.419754 -0.208218   -9.7978 
             19.7008 -0.316458  0.400883 -0.168899  0.0032189  0.0133407 -0.0221983  -0.0463365      0.1086 -0.00159616 -0.0109951 -0.0231325  0.0440914   0.0179281  0.00665598 -0.00288809  0.0117017 0.00464593   0.017612  0.0213761 0.00821059 -0.0386149 -0.419722 -0.208275   -9.7978 
             19.8005  -0.242154   0.424338 -0.0210025 0.00282252  0.0156489 -0.0201215  -0.0458982    0.109129 -0.00154587 -0.0109948 -0.0231313  0.0440905  0.0158033 0.00967979 0.00119541  0.0116315 0.00462869  0.0174724  0.0215035 0.00810192 -0.0389174 -0.419806 -0.208201   -9.7978 
             19.9009  -0.307141   0.435164 -0.0501969 -1.15103e-05    0.0136819   -0.0212377  -0.0465838     0.11008 -0.00154908 -0.0109943 -0.0231311   0.044089  0.00950322  0.00587801 -0.00274774  0.0116919 0.00462228  0.0174985  0.0217364 0.00826666 -0.0387295 -0.419961 -0.208313  -9.79779 
             20.0008  -0.382619   0.421634 0.00633764 0.00194986  0.0148506 -0.0263668   -0.046561    0.109848 -0.00155802 -0.0109943 -0.0231281  0.0440891  0.0130252  0.0109693 -0.0131894  0.0117585 0.00463587  0.0174454  0.0216845 0.00826405 -0.0380988 -0.419922 -0.208318  -9.79779 
             20.1008 -0.270052  0.419853 0.0869722 -0.00229967   0.0156314  -0.0225792   -0.046532    0.111081 -0.00148139 -0.0109934 -0.0231218  0.0440886 0.00400862   0.010838 -0.0023332  0.0116571 0.00463907  0.0173699  0.0219925  0.0082571 -0.0387319 -0.420127 -0.208304  -9.79778 
             20.2005 -0.343783  0.452352 0.0179935 -0.00236985   0.0155024  -0.0243858  -0.0468575    0.111198 -0.00149919 -0.0109931 -0.0231217  0.0440884  0.00661044   0.0120778 -0.00550839  0.0117218 0.00460864  0.0174337  0.0220213 0.00833795 -0.0385302 -0.420146  -0.20836  -9.79778 
             20.3008  -0.260764   0.434846 -0.0923022 -0.00103122   0.0186366  -0.0228468 -0.0464198   0.111095 -0.0014641 -0.0109945 -0.0231204  0.0440875   0.0103134   0.0153989 -0.00177816  0.0116434 0.00462862  0.0175369  0.0219959  0.0082293 -0.0388056 -0.420131 -0.208284  -9.79778 
             20.4005  -0.280576   0.426579 -0.0460899 0.000756555   0.0185612  -0.0212216  -0.0467975     0.11092 -0.00150632 -0.0109941 -0.0231201  0.0440876  0.0142236  0.0125722 0.00143638 0.0116625 0.0046416 0.0174938  0.0219498 0.00832604 -0.0390334 -0.420103 -0.208341  -9.79778 
             20.5005  -0.352197   0.441659 -0.0516357 0.00512168  0.0190544 -0.0234143  -0.0470559    0.110296 -0.00156408  -0.010994 -0.0231191  0.0440871   0.0220016   0.0134335 -0.00428629  0.0117273 0.00463176   0.017494  0.0217896 0.00839418  -0.038741 -0.419998 -0.208389  -9.79779 
             20.6008 -0.267476  0.400127 0.0390243 0.00239332  0.0203474 -0.0235939  -0.0470076    0.111322 -0.00150112 -0.0109933 -0.0231165  0.0440878    0.013452   0.0140959 -0.00438969  0.0116487 0.00467083  0.0174086  0.0220546 0.00837897 -0.0387543 -0.420168 -0.208381  -9.79778 
             20.7005  -0.334734   0.425929 -0.0508123  0.0023224  0.0193954 -0.0233103  -0.0475526    0.111626 -0.00153243 -0.0109928 -0.0231171  0.0440873   0.0136442   0.0116277 -0.00362064  0.0117095 0.00464686  0.0174905  0.0221319 0.00851681 -0.0388322 -0.42022 -0.20847 -9.79778 
              20.801  -0.252544   0.408659 -0.0149035  0.0022442  0.0195856 -0.0231323  -0.0477375    0.111921 -0.00153009 -0.0109928 -0.0231168  0.0440876   0.0133747  0.00943861 -0.00402384  0.0116324 0.00466227  0.0174578  0.0222086 0.00856317 -0.0388811  -0.42027 -0.208499  -9.79777 
             20.9009 -0.249102  0.423052 0.0317212 -8.11797e-05    0.0165614   -0.0207885  -0.0485419    0.112639 -0.00155357 -0.0109939 -0.0231152  0.0440884  0.00909491  0.00153923 0.000207357   0.011628 0.00465356  0.0174154  0.0223918 0.00876989 -0.0391916 -0.420392 -0.208628  -9.79777 
             21.0005  -0.232294   0.407399 0.00260592 0.00396976  0.0160471 -0.0226059  -0.0487481    0.112001 -0.00161222  -0.010994 -0.0231156  0.0440885   0.0165864 0.000138455 -0.00337856  0.0116146 0.00467041  0.0174396  0.0222233 0.00882345 -0.0389551 -0.420284 -0.208665  -9.79777 
             21.1005   -0.282353    0.444186 -0.00109545 0.00134909  0.0162588 -0.0216095  -0.0486854    0.112898 -0.00154646 -0.0109945 -0.0231162  0.0440876   0.0111877  0.00265626 -0.00047192  0.0116603 0.00463565  0.0174402  0.0224603 0.00880574  -0.039106 -0.420435 -0.208655  -9.79776 
             21.2008  -0.258989   0.413436 0.00146805 -0.00108799   0.0154145   -0.022025  -0.0488882      0.1136 -0.00151172 -0.0109946 -0.0231164  0.0440878 0.00660754 0.00166511 -0.0020265  0.0116389 0.00466517  0.0174401  0.0226471  0.0088556 -0.0390452 -0.420553  -0.20869  -9.79776 
             21.3008 -0.319298   0.42463 0.0147285 -0.000243822    0.0146269   -0.0240481  -0.0491434    0.113558 -0.00153525 -0.0109946 -0.0231155  0.0440873  0.00928818  0.00198623 -0.00685173  0.0116906 0.00465895  0.0174271  0.0226353 0.00892046   -0.03882 -0.420543 -0.208732  -9.79776 
             21.4005 -0.262418  0.467966 0.0871804 -0.00300605   0.0143124  -0.0196917  -0.0491445    0.114312 -0.00147718 -0.0109962 -0.0231131  0.0440863  0.00446749 0.000491169  0.00297157  0.0116375 0.00462423  0.0173632  0.0228342  0.0089276 -0.0394156 -0.420674  -0.20874  -9.79775 
             21.5008  -0.272602   0.444094 -0.0101713 -0.000220092    0.0112096   -0.0221458   -0.049872    0.113841 -0.00157771 -0.0109946  -0.023112  0.0440864   0.0115899 -0.00494353 -0.00371549  0.0116435 0.00464369  0.0174462  0.0227042 0.00911756 -0.0390745 -0.420587 -0.208857  -9.79775 
             21.6005  -0.262369   0.428378 -0.0308181 -0.00115031   0.0112656  -0.0212535  -0.0497389    0.114273 -0.00153386 -0.0109948 -0.0231127  0.0440866  0.00926133 -0.00327674 -0.00175925  0.0116335 0.00465911  0.0174642  0.0228214 0.00908232 -0.0392152 -0.420662 -0.208839  -9.79775 
             21.7009  -0.261386   0.418766 -0.0420557 -0.000598244    0.0170432   -0.0214877  -0.0485226    0.114413 -0.00140951 -0.0109967 -0.0231131  0.0440869  0.00967956  0.00940477 -0.00287728  0.0116282 0.00466723  0.0174747  0.0228632 0.00875739 -0.0392118 -0.420694 -0.208638  -9.79775 
             21.8008  -0.351684   0.433027 -0.0520294 0.00205982  0.0157547 -0.0231341  -0.0490598    0.114076 -0.00148531 -0.0109961 -0.0231119  0.0440853   0.0155298  0.00760789 -0.00676745  0.0117023 0.00465717  0.0174851    0.02277  0.0089003 -0.0390377 -0.420634 -0.208724  -9.79775 
             21.9008 -0.244202  0.447185 0.0151028 0.00248114   0.016065 -0.0195961  -0.0490767    0.114322 -0.00146596 -0.0109965 -0.0231096  0.0440854  0.0155395 0.00498403 0.00117697    0.01161 0.00464757  0.0174258  0.0228382 0.00891083 -0.0395293 -0.420679 -0.208731  -9.79775 
             22.0005 -0.241582  0.437004 -0.106955 0.00441122  0.0198173 -0.0208242  -0.0484738     0.11431 -0.00140323 -0.0109982 -0.0231104  0.0440846   0.0183216   0.0123283 -0.00127267  0.0116059 0.00465842  0.0175305  0.0228347 0.00874424 -0.0393671 -0.420675 -0.208628  -9.79775 
             22.1008 -0.259545  0.438466 0.0360977 0.00300446  0.0174961 -0.0214401 -0.0491513   0.114894 -0.0014233 -0.0109998 -0.0231091  0.0440847   0.0151446  0.00647817 -0.00326086  0.0116186 0.00466035  0.0174065  0.0229931 0.00892599 -0.0392874 -0.420773 -0.208743  -9.79775 
             22.2005  -0.216506   0.452547 0.00181276 0.00306311  0.0186856 -0.0200244  -0.0490121     0.11519 -0.00138449 -0.0109997 -0.0231082  0.0440843     0.014036   0.00654541 -0.000404105  0.0115788 0.00465223  0.0174356  0.0230768 0.00889019 -0.0394795 -0.420824 -0.208721  -9.79775 
              22.301 -0.290002  0.428041 -0.110442 0.00392776   0.018967 -0.0211966  -0.0491357    0.115306 -0.00138877 -0.0109995 -0.0231082  0.0440842   0.0145003  0.00746855 -0.00340468  0.0116419 0.00467065  0.0175313  0.0231074 0.00892146 -0.0393383 -0.420842  -0.20874  -9.79774 
             22.4009  -0.215555   0.438074 -0.0577845 0.00153402  0.0148219 -0.0175126  -0.0499801    0.115988 -0.00141532 -0.0109997  -0.023107  0.0440851   0.0103992 -0.00298422  0.00389871  0.0115793 0.00466393  0.0174865  0.0232957 0.00915576 -0.0397787 -0.420963 -0.208886  -9.79774 
             22.5005 -0.238895  0.408776 -0.167607 0.00467652  0.0141947 -0.0213844  -0.0501341    0.115603 -0.00146326 -0.0110005 -0.0231057  0.0440846   0.0161243 -0.00285546 -0.00573248  0.0115963 0.00469539  0.0175846   0.023184 0.00919177 -0.0392733 -0.420895 -0.208906  -9.79774 
              22.601 -0.252987  0.436901 -0.027293 0.00176795   0.011122 -0.0206498  -0.0506299    0.116411 -0.00144412 -0.0110016 -0.0231037  0.0440842  0.00863234 -0.00753136  -0.0035566  0.0116067 0.00467467  0.0174614  0.0234075 0.00932571 -0.0393982 -0.421034 -0.208985  -9.79773 
             22.7009 -0.247853  0.445835  0.046256 0.000860917   0.0141012  -0.0192827  -0.0499037    0.116825 -0.00133917 -0.0109983 -0.0231015  0.0440842   0.00684016   0.00120171 -0.000228205  0.0116016 0.00466338  0.0173987  0.0235266 0.00912724 -0.0395936 -0.421095 -0.208861  -9.79773 
             22.8008  -0.226089   0.417294 -0.0364996 -0.00116604   0.0141293  -0.0205152  -0.0499179    0.117338 -0.00129784 -0.0109988 -0.0231017  0.0440847  0.00366429 0.000725098   -0.003885  0.0115805 0.00469538  0.0174673  0.0236686  0.0091253 -0.0394432 -0.421178 -0.208853  -9.79773 
             22.9004 -0.230858  0.474929 0.0258616 -0.0022785  0.0158648 -0.0180238  -0.0495754    0.117656 -0.00123779 -0.0109991 -0.0231011  0.0440841 0.00313507 0.00339111 0.00147613  0.0115889 0.00464617  0.0174079  0.0237617 0.00903298 -0.0397688 -0.421231 -0.208799  -9.79773 
             23.0009 -0.299893   0.40642 -0.182186 -0.00264773   0.0170955  -0.0217316  -0.0494935     0.11783 -0.00121443 -0.0110014 -0.0231006  0.0440848  0.00360255  0.00802999 -0.00783691  0.0116443 0.00470149  0.0175861  0.0238002 0.00900361 -0.0393239 -0.421249 -0.208774  -9.79773 
             23.1005  -0.33396  0.511604 0.0429998 -0.00236403   0.0127562  -0.0202934  -0.0504514    0.117815 -0.00132595 -0.0110067 -0.0231032  0.0440831   0.00814182 -0.000927744  -0.00389292  0.0116722 0.00462223  0.0173962  0.0237922 0.00927488 -0.0395573 -0.421256 -0.208939  -9.79772 
             23.2005 -0.299556   0.48681 0.0577624 -0.00147605   0.0173715  -0.0214348  -0.0496108    0.117864 -0.00122657 -0.0110039 -0.0231027  0.0440829  0.00892974  0.00956109 -0.00588442  0.0116412 0.00464634  0.0173796  0.0238095 0.00903587 -0.0394715 -0.421256 -0.208796  -9.79773 
             23.3011 -0.307188  0.409835 -0.019556 0.000543705   0.0149262  -0.0232259  -0.050286   0.117641 -0.0013263 -0.0110036 -0.0231024  0.0440823   0.0129422  0.00487311 -0.00913258  0.0116481 0.00470612  0.0174454  0.0237408 0.00922538 -0.0393243 -0.421221 -0.208908  -9.79772 
             23.4028 -0.237773  0.439086 0.0545865 0.000836788   0.0167089  -0.0206571  -0.0499957    0.117854 -0.00127489 -0.0110028 -0.0230999  0.0440817   0.0134912  0.00678758 -0.00283147  0.0115871 0.00468686  0.0173848  0.0238072 0.00914818 -0.0397097 -0.421258 -0.208862  -9.79772 
              23.501 -0.308368  0.433522 -0.128134 0.000604514   0.0183511  -0.0228399  -0.0498551    0.118159 -0.00123507 -0.0110042 -0.0231017  0.0440819   0.0112249   0.0107325 -0.00694386 0.0116424 0.0046948 0.0175356  0.0238906  0.0091041 -0.0394874 -0.421307 -0.208838  -9.79772 
             23.6009 -0.367449  0.450452 -0.104071 0.000717251    0.013135  -0.0230959   -0.051002    0.118298 -0.00136438 -0.0110011 -0.0231021  0.0440795   0.0118302  0.00156836 -0.00616382  0.0116899 0.00467563  0.0175157  0.0239289 0.00943033 -0.0395152 -0.421331 -0.209029  -9.79772 
             23.7005 -0.275953  0.466513 0.0136072 0.00394277  0.0151889 -0.0211918  -0.0506532    0.118003 -0.00134402 -0.0110009 -0.0231018  0.0440791   0.0189846  0.00412522 -0.00256887  0.0116153 0.00466737  0.0174214  0.0238463 0.00933385 -0.0398075 -0.421282 -0.208969  -9.79772 
             23.8005  -0.340563    0.37657 -0.0709956 0.00334328  0.0139248 -0.0238249  -0.0509784    0.118412 -0.00136027 -0.0110019 -0.0231021    0.04408   0.0138081  0.00379531 -0.00781114  0.0116664 0.00474601  0.0174903  0.0239571 0.00942311 -0.0395266 -0.421348 -0.209025  -9.79772 
             23.9009  -0.309312   0.466536 -0.0983196 0.00644157  0.0154932 -0.0235308  -0.0507947    0.118172 -0.00135377 -0.0110026 -0.0231016  0.0440804   0.0200156  0.00699361 -0.00641693  0.0116405 0.00466913  0.0175103  0.0238894 0.00937192 -0.0396441 -0.421308 -0.208994  -9.79772 
             24.0006  -0.305401    0.47148 -0.0911838 0.00573552  0.0171437 -0.0222998  -0.0506205    0.118677 -0.00128921  -0.011003 -0.0231014  0.0440795   0.0175454   0.0102217 -0.00318361  0.0116346 0.00466829  0.0175047  0.0240405 0.00931849 -0.0398405 -0.421392 -0.208956  -9.79772 
             24.1006  -0.294892   0.460504 -0.0239454 0.00657281  0.0167259 -0.0221172  -0.0508763    0.118823 -0.00131132 -0.0110036  -0.023101  0.0440796    0.017654  0.00821359 -0.00256328  0.0116239 0.00468059  0.0174475  0.0240838  0.0093913 -0.0398831 -0.421421 -0.208996  -9.79771 
             24.2004  -0.263456   0.451674 -0.0322737 0.00469257  0.0197149 -0.0205208  -0.0504798     0.11949 -0.00120692 -0.0110027 -0.0230992  0.0440789  0.0118635  0.0132479 0.00108692  0.0115961 0.00468676  0.0174506  0.0242842 0.00927291 -0.0400775 -0.421528 -0.208916  -9.79771 
             24.3009  -0.262744   0.367501 -0.0462881 0.00148702  0.0196664 -0.0218573   -0.050714    0.120217 -0.00118627 -0.0110038 -0.0230995  0.0440814  0.00382205   0.0125436 -0.00228863  0.0115946 0.00475588  0.0174631  0.0244939 0.00933437 -0.0399038 -0.421649 -0.208947  -9.79771 
             24.4005 -0.321692  0.494084 0.0338743 -0.00160229   0.0169365  -0.0210288  -0.0513998    0.120795 -0.00122959 -0.0110065 -0.0230986  0.0440791    0.0010155   0.00719578 -0.000509663  0.0116411 0.00465576  0.0173974  0.0246631 0.00953204  -0.040002 -0.421754 -0.209053   -9.7977 
             24.5004 -0.250134  0.409042 0.0493106 -0.00233966   0.0142535  -0.0181622  -0.0519573    0.120881 -0.00128853 -0.0110067 -0.0230977  0.0440798  0.000168612 -7.29393e-05   0.00559688  0.0115804 0.00472756   0.017385   0.024694 0.00969495 -0.0403082 -0.421781 -0.209141   -9.7977 
             24.6006    -0.250563     0.456001 -0.000266914 -0.00167636   0.0157655  -0.0176913  -0.0517034     0.12083 -0.00125757 -0.0110068 -0.0230978  0.0440798 0.00376024 0.00432654 0.00646812  0.0115792 0.00468496  0.0174228  0.0246795 0.00962148 -0.0402991 -0.42177  -0.2091  -9.7977 
             24.7005 -0.188673  0.440444  0.066874 -0.00536859   0.0175972  -0.0152384 -0.0513881   0.121538 -0.0011745 -0.0110062 -0.0230961  0.0440792 -0.00256019  0.00697355  0.00979972  0.0115274 0.00470329  0.0173703  0.0248929 0.00952955  -0.040486 -0.421889 -0.209047  -9.79769 
             24.8009  -0.29678  0.415331 0.0612053 -0.0042267  0.0197482 -0.0196474  -0.0512016    0.121339 -0.00115713 -0.0110076 -0.0230928  0.0440796  0.00054698   0.0125489 -0.00181103  0.0116129 0.00472575  0.0173762  0.0248232 0.00948054 -0.0399085 -0.421846 -0.209019   -9.7977 
             24.9006 -0.274555   0.46347 0.0446225 -0.00393006   0.0192445  -0.0211946  -0.0515286    0.121328 -0.00120076 -0.0110065 -0.0230924  0.0440794  0.00351965   0.0104693 -0.00522458  0.0115944 0.00468299  0.0173903  0.0248153 0.00957328 -0.0397552 -0.42184 -0.20907 -9.79769 
              25.001  -0.259761   0.432583 0.00823565 -0.00434361   0.0200198   -0.021378  -0.0515649    0.121472 -0.00120125 -0.0110064 -0.0230927  0.0440794  0.00419267   0.0107013 -0.00502558   0.011579 0.00471061   0.017422  0.0248575 0.00958264 -0.0397855 -0.421863 -0.209077  -9.79769 
             25.1004 -0.270985  0.485945 0.0754136 -0.00112387   0.0150764  -0.0213828 -0.0526519   0.120997 -0.0013732  -0.011008 -0.0230937  0.0440799    0.012662 -0.00141273 -0.00431747 0.0115856 0.0046723 0.0173692  0.0247145 0.00989134 -0.0398323 -0.421774 -0.209238  -9.79769 
             25.2006 -0.309868  0.462926 0.0367076 -0.00362815   0.0144498  -0.0221415  -0.0526988     0.12165 -0.00135248 -0.0110081  -0.023094  0.0440802  0.00668626 0.000180698 -0.00487467  0.0116153 0.00468821  0.0174005  0.0249034 0.00990328 -0.0397868 -0.421877 -0.209256  -9.79769 
             25.3005 -0.327787  0.431778 0.0741561 -0.00541516   0.0115778  -0.0217023  -0.0531645    0.122064 -0.00140417 -0.0110082 -0.0230941  0.0440797   0.0048076 -0.00287225 -0.00333407  0.0116296 0.00471309  0.0173742  0.0250237  0.0100372 -0.0398785 -0.421936 -0.209338  -9.79768 
             25.4004 -0.277947  0.490302 -0.013935 -0.00569737   0.0118424  -0.0213878  -0.0530412    0.122223 -0.00137605 -0.0110087 -0.0230948  0.0440793  0.00574699 -0.00155684 -0.00190329  0.0115855 0.00467314  0.0174473  0.0250727 0.00999989 -0.0399462 -0.421965 -0.209321  -9.79768 
             25.5006 -0.308381  0.472903  0.083471 -0.00662643   0.0110206  -0.0210795  -0.0531377    0.122478 -0.00137675 -0.0110089 -0.0230946  0.0440791  0.00415787 -0.00113538 -0.00121056  0.0116122 0.00468289  0.0173708 0.0251487 0.0100275 -0.039999 -0.422004 -0.209341  -9.79768 
              25.601 -0.352468  0.485759 0.0443247 -0.00330426   0.0123322  -0.0218139 -0.0529665   0.122053 -0.0013764 -0.0110089 -0.0230941  0.0440795   0.0135095  0.00345607 -0.00399616  0.0116469 0.00467115  0.0174044   0.025022 0.00997743  -0.039947 -0.421939 -0.209305  -9.79769 
             25.7009 -0.300679  0.423221 0.0894973 -0.00463193   0.0117329  -0.0215688  -0.0530644     0.12247 -0.00136319 -0.0110086 -0.0230935  0.0440806  0.0089022 0.00268242 -0.0022002 0.0116012 0.0047282 0.0173709   0.025149  0.0100065 -0.0400052 -0.422005  -0.20933  -9.79768 
             25.8008 -0.321304   0.45979 0.0217189 -0.00350292   0.0114579  -0.0217526  -0.0531696    0.122464 -0.00138053 -0.0110085 -0.0230934  0.0440806   0.0111251  0.00355445 -0.00254526  0.0116167 0.00469327  0.0174198  0.025147 0.0100385 -0.040013 -0.422002 -0.209347  -9.79768 
             25.9004 -0.254253  0.481454 -0.160401 -0.000676202    0.0141149   -0.0198294 -0.0527903   0.122248 -0.0013349 -0.0110113 -0.0230912  0.0440797  0.0179528 0.00784602 0.00126507  0.0115606 0.00467607  0.0175639  0.0250874  0.0099266 -0.0402486 -0.421976 -0.209278  -9.79768 
             26.0004  -0.286344   0.415355 -0.0143749 -0.000771892     0.013723   -0.0200028  -0.0529549    0.122522 -0.00133947 -0.0110113 -0.0230915  0.0440804    0.014334  0.00682521 0.000815043  0.0115842 0.00473623   0.017446  0.0251705 0.00997683 -0.0402132 -0.422018 -0.209311  -9.79768 
             26.1006  -0.341486   0.498101 -0.0887743 0.00172576   0.013873 -0.0207811  -0.0530701    0.122401 -0.00136483 -0.0110109 -0.0230912  0.0440805    0.0192672   0.00855532 -0.000913533   0.011627 0.00466652  0.0175026  0.0251301  0.0100145 -0.0401311 -0.421996 -0.209331  -9.79768 
             26.2004 -0.219984  0.451503 0.0807965 -0.00319414   0.0174876  -0.0190542  -0.0525217    0.123478 -0.00120173 -0.0110053 -0.0230818  0.0440785  0.0078369  0.0147458 0.00270508  0.0115315 0.00470436  0.0173729  0.0254746 0.00984128 -0.0403135 -0.422175 -0.209242  -9.79768 
             26.3009 -0.277526   0.41924 -0.108476 -0.00170294   0.0189448  -0.0206878  -0.0525402    0.123384 -0.00121097 -0.0110059 -0.0230816  0.0440783   0.00943613    0.0159277 -0.000833589  0.0115736 0.00473572  0.0175215  0.0254398 0.00984751  -0.040126 -0.422157 -0.209248  -9.79768 
             26.4006  -0.315423   0.507276 -0.0664969 -0.00136997   0.0196238  -0.0204526  -0.0526882    0.123516 -0.00122452 -0.0110064 -0.0230818  0.0440777    0.0121031    0.0164974 -0.000534596  0.0116071 0.00466091  0.0174871  0.0254814 0.00989291 -0.0401629  -0.42218 -0.209272  -9.79768 
             26.5004   -0.249171    0.495226 -0.00228838 -0.00464071   0.0203228  -0.0191819  -0.0527921    0.124227 -0.00119439 -0.0110063 -0.0230786  0.0440773 0.00533902  0.0149564 0.00203744   0.011553 0.00467937  0.0174413   0.025707 0.00991728 -0.0402896 -0.422296 -0.209281  -9.79767 
             26.6009  -0.272271   0.503109 -0.0409813 -0.00231091   0.0204766  -0.0207399   -0.053022    0.123947 -0.00124496 -0.0110062 -0.0230789  0.0440775   0.0111143   0.0134802 -0.00134345  0.0115695 0.00467486   0.017471  0.0256166 0.00999083 -0.0401123 -0.422254 -0.209323  -9.79767 
             26.7005 -0.291881  0.431225 -0.146995 -0.00132273   0.0208551  -0.0224326  -0.0531858    0.123975 -0.00127095 -0.0110063 -0.0230786  0.0440774   0.0127763    0.014185 -0.00380624  0.0115841 0.00472648  0.0175549  0.0256208  0.0100407 -0.0399583 -0.422259  -0.20935  -9.79767 
             26.8005  -0.330665    0.47905 0.00756926 -0.00182104   0.0199014  -0.0203005  -0.0535518    0.124248 -0.00131236 -0.0110078 -0.0230788  0.0440767   0.012231  0.0111202 0.00123153  0.0116118 0.00469418  0.0174379 0.0257111 0.0101482 -0.040215 -0.422308 -0.209403  -9.79767 
             26.9009  -0.289515    0.42276 -0.0487145 0.00281537  0.0159265 -0.0219409   -0.054359    0.123648 -0.00146968 -0.0110089 -0.0230792  0.0440759   0.0203365  0.00159851 -0.00211669  0.0115782 0.00473583  0.0174806  0.0255226  0.0103986 -0.0400389 -0.422229 -0.209541  -9.79767 
             27.0009  -0.256483   0.443743 -0.0602284 0.00130749  0.0158326 -0.0195271  -0.054364   0.124213 -0.0014411 -0.0110089 -0.0230784  0.0440758  0.0155804 0.00203317 0.00349453  0.0115528 0.00471906  0.0174926  0.0257039   0.010394 -0.0403022 -0.422318  -0.20953  -9.79766 
             27.1005  -0.27245  0.442386 -0.117045 0.000425898   0.0146809  -0.0203536  -0.0545668    0.124587 -0.00145453 -0.0110087 -0.0230795  0.0440759    0.012594 0.000870797  0.00131463  0.0115628 0.00472423  0.0175385  0.0258159  0.0104517 -0.0401854 -0.422379 -0.209556  -9.79766 
             27.2009 -0.323481  0.419419 -0.143349 -0.000334201    0.0139978   -0.0236166  -0.0547019    0.124906 -0.00146176 -0.0110088 -0.0230784  0.0440759  0.00942748  0.00256743 -0.00521969  0.0116024 0.00474186  0.0175564  0.0259044  0.0104918 -0.0398513 -0.422426 -0.209574  -9.79766 
             27.3009  -0.316558   0.527592 0.00264363 -0.00617452   0.0148622  -0.0211561  -0.0545635       0.126 -0.00138147  -0.011009 -0.0230728  0.0440713 0.000384131  0.00633851 0.000680027  0.0115976 0.00465838  0.0174431  0.0262478  0.0104405 -0.0401439 -0.422593 -0.209528  -9.79765 
             27.4005 -0.276138  0.443643  -0.10625 -0.00142458   0.0157391  -0.0227494  -0.0545164    0.125298 -0.00141973  -0.011009 -0.0230722  0.0440713   0.0105113  0.00576401 -0.00445094  0.0115651 0.00472246  0.0175259  0.0260244  0.0104366 -0.0400005 -0.422482 -0.209541  -9.79766 
             27.5009 -0.356355  0.437521 0.0261151 -0.00341168   0.0124193  -0.0236614 -0.0551352    0.12571 -0.0014841 -0.0110112 -0.0230708  0.0440706  0.00651318  0.00160638 -0.00509059  0.0116262 0.00472458  0.0174247 0.0261503 0.0106237 -0.039948 -0.422559 -0.209628  -9.79765 
             27.6005  -0.362644   0.499256 -0.0717971 -0.00347382   0.0133741  -0.0227656  -0.0550136    0.125863 -0.00145132 -0.0110116 -0.0230713  0.0440705  0.00896553  0.00591714 -0.00166371  0.0116291 0.00467993  0.0175016  0.0262042  0.0105834 -0.0400966 -0.422583 -0.209603  -9.79765 
             27.7005 -0.369295  0.468384 -0.141894 0.000726704   0.0148099  -0.0248617   -0.054897    0.125406 -0.00147798 -0.0110118 -0.0230693  0.0440704   0.0167742  0.00939344 -0.00479375  0.0116312 0.00470961  0.0175542  0.0260502   0.010553 -0.0399235 -0.422504 -0.209598  -9.79765 
             27.8004  -0.306303   0.463118 -0.0489823 -0.0016871  0.0144226 -0.0209434  -0.0550615    0.126004 -0.00144238 -0.0110116 -0.0230655  0.0440706  0.0112924 0.00790572 0.00433695  0.0115836 0.00470828  0.0174838  0.0262534  0.0106019 -0.0403568 -0.422606 -0.209603  -9.79765 
             27.9006  -0.365986   0.491283 -0.0453084 0.00225823  0.0153309 -0.0224573  -0.0550627    0.125616 -0.00147636 -0.0110115 -0.0230657  0.0440709   0.0200177   0.0107055 0.000449529  0.0116242 0.00469368  0.0174832  0.0261253   0.010606 -0.0401811 -0.422545 -0.209617  -9.79765 
             28.0005  -0.322918   0.491343 0.00739704  0.0015703  0.0128474 -0.0229474  -0.0555739    0.125967 -0.00151733 -0.0110126  -0.023065  0.0440713    0.0164288   0.00550737 -5.75455e-05  0.0115894 0.00469238  0.0174402   0.026238  0.0107649 -0.0401242 -0.422612 -0.209691  -9.79765 
             28.1009 -0.278015   0.43036 -0.186898 0.00332998  0.0130695  -0.021572  -0.0556145    0.125961 -0.00151986 -0.0110116 -0.0230645  0.0440715  0.0190979 0.00536762 0.00289136   0.011555 0.00473559  0.0175899  0.0262412  0.0107779 -0.0402682 -0.422613 -0.209693  -9.79765 
             28.2006 -0.371103   0.43389 -0.188243 0.00625191  0.0115196 -0.0240148  -0.0559349    0.125785 -0.00157732 -0.0110109 -0.0230626  0.0440703   0.0224368  0.00378752 -0.00323798 0.0116215 0.0047416 0.0175905  0.0261827  0.0108823 -0.0400189 -0.422595 -0.209756  -9.79765 
             28.3005 -0.289389  0.463494 -0.143539  0.0033251  0.0146328 -0.0206529  -0.0555155    0.126609 -0.00145757 -0.0110114 -0.0230609   0.044068   0.014389  0.0108074 0.00462662  0.0115575 0.00471288  0.0175588  0.0264507  0.0107398 -0.0403768 -0.422709 -0.209657  -9.79764 
             28.4009 -0.280175  0.485094 -0.130849 0.00247426  0.0162391 -0.0212046  -0.0554278    0.126972 -0.00141842 -0.0110109 -0.0230606  0.0440674  0.0128263  0.0130905 0.00269578   0.011548 0.00470381  0.0175509  0.0265658  0.0107068 -0.0402832  -0.42276 -0.209635  -9.79764 
             28.5006  -0.278028   0.468871 -0.0298656 0.000368634   0.0156467  -0.0212976  -0.0556949    0.127426 -0.00142035 -0.0110116 -0.0230581  0.0440676  0.0069985  0.0101922 0.00286484  0.0115458 0.00471915  0.0174749  0.0267139  0.0107864 -0.0402483 -0.422838 -0.209661  -9.79764 
             28.6005  -0.284863   0.481152 -0.0114011 -0.000702988    0.0153201   -0.0198127  -0.0558965    0.127686 -0.00142747 -0.0110123 -0.0230572  0.0440673 0.00719426 0.00925703 0.00512236  0.0115513 0.00470642  0.0174637  0.0268019  0.0108479 -0.0403696 -0.422886  -0.20968  -9.79764 
             28.7009  -0.364066   0.463113 -0.0578597 -0.00197671   0.0141016  -0.0229793  -0.0562359    0.127953 -0.00145709 -0.0110132 -0.0230548  0.0440666  0.00483773  0.00837122 -0.00231248  0.0116081 0.00472669  0.0174995  0.0268794  0.0109534 -0.0400176 -0.422935 -0.209729  -9.79763 
             28.8009  -0.405195   0.571291 -0.0898946 -0.0108155    0.01413 -0.0232904  -0.0563848    0.129322 -0.00135056 -0.0110138 -0.0230571  0.0440606   -0.009845   0.0116968 -0.00229659  0.0116392 0.00464129  0.0175226  0.0273263  0.0109848 -0.0399998 -0.423148 -0.209707  -9.79762 
             28.9005  -0.313052    0.42189 -0.0127587 -0.00636302   0.0147508  -0.0240873  -0.0564521    0.128534 -0.00144199 -0.0110146 -0.0230589  0.0440573  0.00266874    0.011013 -0.00345224  0.0115703 0.00475402  0.0174673  0.0270627  0.0110159 -0.0399642 -0.423027 -0.209742  -9.79763 
              29.001  -0.304982   0.523513 0.00822433 -0.00640787   0.0137579   -0.020408  -0.0567408    0.128572 -0.00148425 -0.0110165 -0.0230578  0.0440577 0.00520118 0.00681438 0.00548251  0.0115642 0.00468347  0.0174512  0.0270844  0.0111123 -0.0403497  -0.42304 -0.209778  -9.79763 
             29.1009  -0.270008   0.494644 -0.0909223 -0.00363672    0.015287  -0.0186186 -0.0566165    0.12828 -0.0014865 -0.0110165 -0.0230562  0.0440576  0.0118488 0.00907981 0.00790541  0.0115351 0.00470249  0.0175245 0.0269913 0.0110759 -0.040484 -0.422992 -0.209762  -9.79763 
             29.2006 -0.303254  0.483111 -0.118023 -0.00100789   0.0165236  -0.0222982   -0.056579    0.128097 -0.00149854 -0.0110175 -0.0230555  0.0440574   0.0167433   0.0116691 -0.00200757    0.01156 0.00471683  0.0175454  0.0269191  0.0110664 -0.0400762 -0.422964  -0.20977  -9.79763 
             29.3004 -0.230968  0.455618 -0.163391 -0.00130707   0.0184739  -0.0189718 -0.0564321   0.128389  -0.001446 -0.0110173  -0.023055  0.0440573  0.0139563  0.0121178 0.00567235   0.011507 0.00473534  0.0175756  0.0270267  0.0110149 -0.0404153 -0.423006 -0.209735  -9.79763 
             29.4006  -0.267624   0.430815 -0.0962286 -0.000396517    0.0199947   -0.0221343 -0.056398  0.128468 -0.001435  -0.011018 -0.0230549  0.0440576   0.0146789   0.0146974 -0.00215701  0.0115341 0.00475251  0.0175243  0.0270439   0.011002 -0.0400755 -0.423018 -0.209734  -9.79763 
             29.5005 -0.305736  0.468644 0.0265104 0.000687309    0.014341  -0.0213258 -0.0573992   0.128438 -0.0016067 -0.0110249 -0.0230573   0.044055   0.0169197  0.00184004 0.000145125 0.0115597 0.0047306 0.0174379   0.027034  0.0113374 -0.0401691 -0.423037 -0.209892  -9.79763 
             29.6009  -0.252687   0.476596 -0.0677057 -0.00117987    0.015473  -0.0200702 -0.0572458   0.128947 -0.0015304 -0.0110252 -0.0230578  0.0440542  0.0115387 0.00385901  0.0030659  0.0115197 0.00472446  0.0175069   0.027215  0.0112804 -0.0402879 -0.423114 -0.209854  -9.79762 
             29.7006 -0.342509  0.458795 0.0204686 -0.000218864    0.0116047   -0.0236965  -0.0578796    0.128942 -0.00164571 -0.0110274 -0.0230559  0.0440519    0.014203 -0.00094318 -0.00548949  0.0115853 0.00473766  0.0174424  0.0271991  0.0114916 -0.0399258 -0.423123 -0.209954  -9.79762 
             29.8005  -0.272104    0.46437 -0.0833323 0.000881044   0.0147472  -0.0211071  -0.0573971    0.129022 -0.00154519 -0.0110288 -0.0230561  0.0440514  0.0151908 0.00480259 0.00127281  0.0115319 0.00473771  0.0175184  0.0272394  0.0113309 -0.0402285 -0.423131 -0.209878  -9.79762 
             29.9005 -0.26782 0.499177 -0.18794 0.00273326  0.0162728 -0.0205283  -0.0572538    0.129012 -0.00151959 -0.0110298 -0.0230561  0.0440513  0.0181604 0.00700987 0.00200987  0.0115311 0.00470892  0.0175937  0.0272377  0.0112827 -0.0402798 -0.423127 -0.209856  -9.79762 
             30.0004 -0.323288  0.419976  -0.10163 0.00522671  0.0135864 -0.0243482  -0.0577654     0.12888 -0.00162477 -0.0110312 -0.0230552  0.0440497   0.0212209  0.00356585 -0.00628362 0.0115711 0.0047675 0.0175332  0.0271816  0.0114543 -0.0399105 -0.423112 -0.209937  -9.79762 
             30.1006  -0.350578   0.470665 -0.0673847   0.003818  0.0139311 -0.0238989  -0.0577565    0.129361 -0.00157456 -0.0110311 -0.0230548  0.0440495   0.0161011   0.0051273 -0.00426688  0.0115901 0.00473472  0.0175066  0.0273531  0.0114474 -0.0400144 -0.423189 -0.209925  -9.79762 
             30.2005   -0.27218   0.467415 -0.0334549 0.00388901  0.0126234 -0.0245246  -0.0579919    0.129552 -0.00159017 -0.0110315 -0.0230545  0.0440495   0.0157189   0.0023714 -0.00469605  0.0115344 0.00473298  0.0174817   0.027421  0.0115258 -0.0399966 -0.423225 -0.209958  -9.79762 
             30.3006 -0.323369  0.512421 -0.168766 -0.00175169   0.0144752  -0.0203845  -0.0577604    0.130536 -0.00142788 -0.0110343 -0.0230591   0.044048 0.00468999 0.00703099  0.0048678  0.0115692 0.00470527  0.0175794  0.0277842  0.0114348 -0.0404255 -0.42338 -0.20989 -9.79761 
             30.4005 -0.288248   0.49815 -0.169523 -0.00130767   0.0150693  -0.0191566   -0.057767    0.130539 -0.00142764 -0.0110343 -0.0230589   0.044048  0.0060221 0.00628986 0.00632873 0.0115452 0.0047181 0.0175763  0.0277875  0.0114385 -0.0404987 -0.423381 -0.209891  -9.79761 
             30.5005  -0.277452   0.494821 -0.0205331 -0.00140862   0.0136095   -0.018617   -0.058051    0.130611 -0.00146469 -0.0110358 -0.0230589  0.0440484 0.00841223 0.00357962 0.00598314  0.0115377 0.00471823  0.0174703 0.0278143 0.0115372 -0.040489 -0.423402 -0.209934  -9.79761 
             30.6006  -0.319242   0.473179 0.00447165 -0.00445052   0.0155693  -0.0205458  -0.0578652    0.131147 -0.00135962 -0.0110356 -0.0230563    0.04405   0.0018263  0.00908312 0.000828007  0.0115652 0.00474188  0.0174524 0.0279994 0.0114601 -0.040257 -0.423477 -0.209887  -9.79761 
             30.7005 -0.293694  0.429908 0.0374532 -0.0019725  0.0169748 -0.0215403 -0.0578186   0.130854  -0.001394  -0.011036 -0.0230578  0.0440492  0.00693298   0.0109053 -0.00150974  0.0115489 0.00476944  0.0174246  0.0278917  0.0114441 -0.0401674  -0.42343 -0.209888  -9.79761 
              30.801  -0.30567  0.505709 -0.493406 0.00459589    0.01418 -0.0193544   -0.058306    0.130036 -0.00159763  -0.011018 -0.0230387  0.0440508  0.0237772 0.00227618 0.00258185  0.0115555 0.00471657  0.0178045  0.0276265  0.0116461 -0.0403912 -0.423327 -0.209994  -9.79761 
             30.9006 -0.298533  0.506362  -0.10586 0.00311741  0.0112558 -0.0190588 -0.0587291    0.13047 -0.0016034  -0.011019 -0.0230379    0.04405   0.0182072 -0.00312456  0.00267794  0.0115553 0.00471945  0.0175241  0.0277882   0.011783 -0.0403851 -0.423409 -0.210044  -9.79761 
             31.0005 -0.313215  0.470294 -0.135549 0.00176939  0.0129134 -0.0227458  -0.0585261     0.13093 -0.00150545 -0.0110182 -0.0230356  0.0440507   0.0147905  0.00396301 -0.00687341   0.011568 0.00473935  0.0175437  0.0279442  0.0116916 -0.0400377  -0.42347 -0.209992   -9.7976 
             31.1004 -0.328219  0.461523 -0.131754 -0.00190736   0.0151495  -0.0231211 -0.0583218   0.131611 -0.0013569 -0.0110171 -0.0230338  0.0440524  0.00590576  0.00922527 -0.00614392  0.0115788 0.00475172  0.0175418  0.0281959  0.0116018 -0.0400679 -0.423566 -0.209925   -9.7976 
             31.2006  -0.270538   0.438996 -0.0958657 -0.000611684    0.0158195   -0.0238176  -0.0583469     0.13152 -0.00137728 -0.0110173 -0.0230342  0.0440523  0.00832666  0.00895801 -0.00632718  0.0115391 0.00476306  0.0175139  0.0281617  0.0116132 -0.0400643 -0.423553 -0.209934   -9.7976 
             31.3005  -0.262348   0.485491 -0.0890293 -0.000174544    0.0144329   -0.0206084  -0.0586037    0.131542 -0.00141308 -0.0110186 -0.0230328   0.044053    0.011497  0.00377642 0.000761197  0.011534  0.004732 0.0175108  0.0281807   0.011723 -0.0404151 -0.423572 -0.209977   -9.7976 
              31.401   -0.29051   0.469598 -0.0682359 0.000354825   0.0125408   -0.019733  -0.0588946    0.131565 -0.00145188 -0.0110193 -0.0230329  0.0440529   0.0116247 -0.00131847  0.00166478  0.0115538 0.00475097  0.0174944  0.0281943  0.0118336 -0.0404829 -0.423592 -0.210023   -9.7976 
             31.5006  -0.321791   0.447091 -0.0248966 0.000215296   0.0129251   -0.021987 -0.0588769   0.131731 -0.0014216 -0.0110191 -0.0230316  0.0440531   0.0100473  0.00182799 -0.00454397  0.0115764 0.00476174  0.0174621  0.0282527  0.0118172 -0.0402634 -0.423616 -0.210011   -9.7976 
             31.6005  -0.308913   0.496853 -0.0642195 -0.00101996   0.0142084  -0.0213509  -0.0587541     0.13203 -0.00134897 -0.0110197 -0.0230321  0.0440525   0.0086739  0.00539603 -0.00259452  0.0115654 0.00473051  0.0174895  0.0283711  0.0117676 -0.0403555 -0.423661 -0.209978   -9.7976 
             31.7004  -0.359573   0.461022 -0.0269416 0.00146389  0.0128408 -0.0236577   -0.059032    0.131813 -0.00143978 -0.0110201 -0.0230316  0.0440515  0.0131319 0.00354744 -0.0073165  0.0116001 0.00475618  0.0174602  0.0282799  0.0118716 -0.0401734 -0.423632 -0.210031   -9.7976 
             31.8009 -0.316784  0.458003 -0.110254 0.000899887   0.0155705  -0.0237739  -0.0587527    0.132074 -0.00133837 -0.0110217 -0.0230331  0.0440511  0.0117111  0.0101236 -0.0056176  0.0115652 0.00475498  0.0175185 0.0283836 0.0117598 -0.040222 -0.423668 -0.209976   -9.7976 
             31.9006  -0.26753  0.467069 0.0136279 0.000415988   0.0156614  -0.0226984  -0.0588342    0.132247 -0.00132374 -0.0110219 -0.0230317  0.0440514  0.00982891  0.00690611 -0.00418379  0.0115303 0.00475395  0.0174302  0.0284582  0.0117942 -0.0403773 -0.423702 -0.209985  -9.79759 
             32.0005 -0.389658  0.513336 0.0369123 0.00134027  0.0137663 -0.0246213    -0.05919    0.132247 -0.00139432 -0.0110217 -0.0230309  0.0440498   0.0129232  0.00521363 -0.00732843  0.0116173 0.00472049  0.0174144 0.0284527 0.0119293 -0.040246 -0.423707 -0.210045  -9.79759 
             32.1009  -0.317085   0.499567 -0.0183594 -0.00208216   0.0145927   -0.022272  -0.0591165    0.132764 -0.00127543 -0.0110222  -0.023031  0.0440492  0.00620694  0.00636164 -0.00118316  0.0115641 0.00473075  0.0174536  0.0286829  0.0119038 -0.0405147 -0.423805 -0.210025  -9.79759 
             32.2005  -0.369638   0.485228 -0.0674357 -0.00133766   0.0128797  -0.0224296  -0.0594204    0.132733 -0.00134876 -0.0110209 -0.0230308  0.0440487 0.00845745 0.00334317 -0.0018208  0.0116003 0.00474413  0.0174861  0.0286699  0.0120255 -0.0405098 -0.423803 -0.210077  -9.79759 
             32.3004 -0.274971  0.407372  -0.11547 -0.000859734    0.0141855   -0.0234609  -0.0593074    0.132783 -0.00131843 -0.0110223 -0.0230318  0.0440485  0.00764898  0.00514745 -0.00395546   0.011534 0.00479798  0.0175208  0.0286845  0.0119764 -0.0404313 -0.423808 -0.210058  -9.79759 
             32.4005  -0.338991   0.499706 -0.0518041 0.000364522   0.0141198   -0.023596  -0.0594015    0.132743 -0.00134523 -0.0110225  -0.023032  0.0440487   0.0121636  0.00515028 -0.00529247  0.0115797 0.00473237  0.0174734 0.0286693 0.0120148 -0.040454 -0.423802 -0.210074  -9.79759 
             32.5005  -0.377372    0.51137 -0.0633854  0.0037638  0.0150168 -0.0275853  -0.0594156    0.132527 -0.00138959 -0.0110217 -0.0230308  0.0440491  0.0187745 0.00844963 -0.0126473  0.0116044 0.00472962  0.0174818  0.0285677  0.0120132 -0.0401488  -0.42376 -0.210081  -9.79759 
             32.6009 -0.283267  0.481464 -0.199102 0.00143404  0.0144265 -0.0233885  -0.0595329     0.13296 -0.00132562 -0.0110209 -0.0230311  0.0440495   0.0125118  0.00438078 -0.00190908  0.0115372 0.00474766  0.0175752  0.0287731   0.012071 -0.0406176 -0.423847 -0.210091  -9.79759 
             32.7006 -0.301131   0.44211 -0.085054 0.000624484   0.0151427   -0.021139  -0.0594896    0.133185 -0.00127433 -0.0110197 -0.0230302    0.04405  0.0106857 0.00541134 0.00306281  0.0115494 0.00477785   0.017494  0.0288725   0.012058 -0.0408274 -0.423886 -0.210077  -9.79758 
             32.8005  -0.324872   0.464797 -0.0609031 -0.00189943    0.016993  -0.0224999  -0.0593577    0.133622 -0.00116738 -0.0110186 -0.0230281  0.0440502   0.00544373   0.00977369 -0.000251627  0.0115677 0.00476177  0.0174721  0.0290454  0.0119927 -0.0406747 -0.423953 -0.210046  -9.79758 
             32.9005 -0.337944  0.521267 0.0263981 -0.00406162   0.0151893  -0.0198774   -0.059664    0.133911 -0.00116327 -0.0110218 -0.0230269  0.0440491 0.00447997 0.00588221 0.00449369 0.0115776 0.0047209 0.0174107  0.029169 0.0121232   -0.0409 -0.42401 -0.21009 -9.79758 
             33.0006  -0.365303   0.508205 -0.0133393 -0.00104114    0.015455  -0.0236588  -0.0597615     0.13363 -0.00123879 -0.0110218 -0.0230261   0.044049   0.0119868  0.00728638 -0.00490712  0.0115949 0.00473645   0.017439  0.0290442  0.0121479 -0.0405302 -0.423963 -0.210115  -9.79758 
             33.1005 -0.352985   0.52385 0.0171298 -0.00350402   0.0169932  -0.0244256  -0.0596772    0.134059 -0.00113947 -0.0110215 -0.0230252  0.0440484  0.00683503    0.010983 -0.00611695   0.011588 0.00472424  0.0174164  0.0292199  0.0121083 -0.0404989 -0.424032 -0.210092  -9.79758 
             33.2005  -0.316643   0.479249 -0.0039573 -0.00389501    0.015794  -0.0221022  -0.0599241    0.134165 -0.00115456 -0.0110203 -0.0230242  0.0440491   0.00774402    0.0069071 -0.000841136  0.0115609 0.00475561  0.0174341  0.0292678  0.0122186 -0.0407457 -0.424053  -0.21013  -9.79758 
             33.3009 -0.324875  0.503284 -0.140753 0.00190801  0.0162624 -0.0215264  -0.0599811     0.13361 -0.00126719 -0.0110186 -0.0230196  0.0440492   0.0195526  0.00614534 7.02735e-05  0.0115658 0.00474256  0.0175265  0.0290425  0.0122508 -0.0408033 -0.423962 -0.210145  -9.79758 
             33.4005  -0.263597   0.490671 -0.0519227 -0.000212131    0.0166402   -0.0190656   -0.059978    0.134069 -0.00118578 -0.0110185 -0.0230186  0.0440492  0.0130917 0.00552194 0.00404301  0.0115249 0.00474797  0.0174633  0.0292338  0.0122535 -0.0410025 -0.424036 -0.210139  -9.79758 
             33.5004 -0.338696  0.486623 -0.108492 0.00367149   0.013491  -0.022035  -0.0604673    0.133771 -0.00131489 -0.0110174 -0.0230165  0.0440476   0.0214484 8.51917e-05 -0.00397691  0.0115743 0.00475527  0.0175045   0.029105  0.0124433 -0.0407016 -0.423994 -0.210225  -9.79758 
             33.6006 -0.283423  0.530737 -0.108075 0.00131664  0.0151082 -0.0193066  -0.0602554    0.134285 -0.00118963 -0.0110184 -0.0230162  0.0440458  0.0140421 0.00364421 0.00297838  0.0115362 0.00472632  0.0175044  0.0293251  0.0123599 -0.0409548 -0.424075 -0.210182  -9.79757 
             33.7006 -0.267148  0.522953 -0.147003 0.00258895  0.0162566 -0.0176107  -0.0601579    0.134319 -0.00116318 -0.0110187 -0.0230161  0.0440456  0.0174083 0.00463268 0.00386034  0.0115253 0.00473541  0.0175318  0.0293442  0.0123236 -0.0410829 -0.424079 -0.210164  -9.79757 
             33.8005   -0.2775  0.498058 -0.132717 0.00299134  0.0141543 -0.0208124  -0.0604811    0.134444 -0.00121336 -0.0110197 -0.0230162  0.0440459   0.0164183 0.000184041 -0.00412232 0.0115322 0.0047556 0.0175211  0.0293846  0.0124437 -0.0407663 -0.424107 -0.210216  -9.79757 
             33.9009 -0.289495   0.47527 -0.114166 -0.00106033   0.0137588  -0.0199869  -0.0605339    0.135042 -0.00111472  -0.011019 -0.0230134  0.0440468  0.00708465 0.000754657 -0.00223954  0.0115413 0.00476691  0.0175062  0.0296492  0.0124571 -0.0408598 -0.424209 -0.210207  -9.79757 
             34.0006 -0.289701  0.478024 -0.112168 0.00289937  0.0126783  -0.022548   -0.060687    0.134705 -0.00121295 -0.0110195  -0.023013  0.0440459   0.0159494 -0.00119718 -0.00823383  0.0115389 0.00476964  0.0175056  0.0294906  0.0125214 -0.0406581 -0.424157 -0.210244  -9.79757 
             34.1004  -0.341701   0.511961 -0.0572257 -1.12528e-05    0.0126622   -0.0234936  -0.0607059    0.135182 -0.00112278  -0.011019 -0.0230109  0.0440457  0.00881838  0.00124419 -0.00900596   0.011574 0.00474836  0.0174658  0.0297007  0.0125185 -0.0406351 -0.424238 -0.210227  -9.79757 
             34.2007 -0.327246  0.428454 -0.131075 0.000766464   0.0129965  -0.0246239  -0.0607014    0.135198 -0.00111885 -0.0110192  -0.023011  0.0440458  0.0096804 0.00288987 -0.0103365  0.0115633 0.00480111  0.0175158  0.0297056  0.0125147 -0.0406083  -0.42424 -0.210225  -9.79757 
             34.3005  -0.372925   0.464039 -0.0252237 -0.00031126   0.0132654  -0.0262184 -0.0607328   0.135416 -0.0010812  -0.011019 -0.0230097  0.0440459 0.00721856 0.00532711 -0.0126086  0.0115912 0.00478028  0.0174473  0.0298003  0.0125218 -0.0405493 -0.424277  -0.21022  -9.79756 
             34.4004  -0.309944   0.481401 -0.0478423 -0.00132406   0.0121123  -0.0246488  -0.0608915    0.135565 -0.00108534 -0.0110198 -0.0230085   0.044046  0.00528184  0.00201908 -0.00730357  0.0115475 0.00476807  0.0174629 0.0298822 0.0125992 -0.040778 -0.424314 -0.210244  -9.79756 
             34.5004 -0.381434  0.480181 -0.162557 0.00358508  0.0152553 -0.0274464  -0.0606235    0.135183 -0.00109697 -0.0110205 -0.0230058  0.0440469  0.0160227  0.0107499 -0.0114973  0.0115928 0.00476816  0.0175403  0.0296981  0.0124858 -0.0406038 -0.424234 -0.210214  -9.79757 
             34.6005  -0.320666   0.522899 -0.0128527 0.00248239   0.014811 -0.0242976  -0.0607636    0.135427 -0.00107872 -0.0110228 -0.0230031  0.0440463   0.0134992  0.00751503 -0.00327847  0.0115518 0.00474288  0.0174383  0.0298276  0.0125531 -0.0409564 -0.424289 -0.210226  -9.79756 
             34.7005  -0.345413   0.454354 -0.0620555 -0.000376007     0.013058   -0.0240298   -0.061053    0.135821 -0.00108333 -0.0110225 -0.0230033  0.0440472  0.00615467   0.0044656 -0.00266071  0.0115683 0.00478954   0.017474  0.0300073  0.0126703 -0.0409926 -0.424367 -0.210259  -9.79756 
             34.8006  -0.353282   0.477263 -0.0296661 -0.000505582    0.0138892   -0.0231524  -0.0610244      0.1359 -0.00106215 -0.0110225 -0.0230031  0.0440472  0.00648364  0.00650998 -0.00116052  0.0115729 0.00477633  0.0174527  0.0300487  0.0126582 -0.0410827 -0.424381  -0.21025  -9.79756 
             34.9005 -0.226331  0.480515 -0.138737 -0.00300185   0.0148414  -0.0192875   -0.060968    0.136201 -0.00099033 -0.0110233 -0.0230017  0.0440462  0.0022121 0.00538172 0.00636311  0.0114881 0.00477477  0.0175283  0.0302086  0.0126346 -0.0414026 -0.424441 -0.210225  -9.79756 
             35.0005  -0.295072   0.458863 0.00875038 -0.00212599   0.0146102  -0.0208865  -0.0610787    0.136139 -0.00103199  -0.011024 -0.0230025  0.0440463 0.00463569 0.00544087 0.00108421  0.0115331 0.00479222   0.017428   0.030169  0.0126782 -0.0412094 -0.424429 -0.210248  -9.79756 
             35.1006 -0.256254  0.513045 0.0790398 -0.000776255    0.0130686   -0.0187515  -0.0612968    0.136028 -0.00110297 -0.0110261 -0.0230027  0.0440471  0.00888389 0.000257313   0.0049637  0.0115059 0.00475753  0.0173819  0.0301286  0.0127779 -0.0413715 -0.424419 -0.210284  -9.79756 
             35.2005   -0.276945    0.509615 -0.00897868 -0.000755661    0.0122873   -0.0195499  -0.0613985    0.136139 -0.00111524 -0.0110258  -0.023003   0.044047   0.00899918 -7.54122e-05   0.00175924  0.0115171 0.00475752  0.0174418 0.0301688 0.0128179 -0.041255 -0.424435   -0.2103  -9.79756 
             35.3005  -0.383845   0.480946 -0.0379467 0.00308024  0.0119732  -0.023723   -0.061501    0.135885 -0.00118321 -0.0110261  -0.022997  0.0440456  0.0168093 0.00252462 -0.0079925  0.0115868 0.00477983  0.0174615  0.0300291   0.012856 -0.0408918 -0.424383 -0.210318  -9.79756 
             35.4009 -0.334092  0.488452  0.022396 0.00204166 0.00973233 -0.0230115  -0.0617451    0.136137 -0.00120868 -0.0110262  -0.022997  0.0440453   0.0132986 -0.00114356 -0.00481328  0.0115562 0.00477701  0.0174236  0.0301497  0.0129659 -0.0409984 -0.424429  -0.21036  -9.79756 
             35.5006  -0.348113   0.435347 -0.0388453 0.00153576 0.00902487 -0.0248559  -0.0618244    0.136335 -0.00120238 -0.0110267 -0.0229973  0.0440458    0.0101241 -0.000434549  -0.00891517  0.0115637 0.00481045  0.0174662  0.0302273  0.0129954 -0.0408778 -0.424458 -0.210373  -9.79755 
             35.6005  -0.395398   0.555543 -0.0759169 0.000747189  0.00846155    -0.02437  -0.0618834    0.136537 -0.00118862 -0.0110275 -0.0229988  0.0440445   0.0108387   0.0012602 -0.00694477   0.011594 0.00472974  0.0174912 0.0303245  0.013022 -0.040985 -0.424494 -0.210384  -9.79755 
             35.7009 -0.371442  0.498557 -0.139189 3.66802e-05   0.0125916  -0.0244407  -0.0614609    0.136738 -0.00103431 -0.0110304 -0.0230006  0.0440447  0.0084711  0.0109407 -0.0066497  0.0115778 0.00477169  0.0175367  0.0304196  0.0128351 -0.0410341 -0.424529 -0.210315  -9.79755 
             35.8005 -0.337079  0.542009 -0.109089 0.00131774  0.0145088 -0.0249958  -0.0613824    0.136712 -0.00101625 -0.0110304 -0.0230006  0.0440445  0.0114139  0.0132943 -0.0071387   0.011553 0.00474714  0.0175173  0.0304077  0.0128004 -0.0410376 -0.424525 -0.210302  -9.79755 
             35.9004 -0.255533  0.500749 -0.162037 -0.00145309   0.0140406  -0.0194725   -0.0615315     0.137038 -0.000986152 -0.0110289 -0.0229959  0.0440459 0.00496906 0.00797723 0.00580307  0.0114979 0.00477548  0.0175524  0.0306008  0.0128732 -0.0415427 -0.424593 -0.210312  -9.79755 
             36.0006  -0.293184   0.531969 -0.0705591 -0.00410155   0.0159707  -0.0191859   -0.0614231      0.13738 -0.000901083 -0.0110277 -0.0229941  0.0440455 0.00166296  0.0119464 0.00456561  0.0115232 0.00475471  0.0174931  0.0307573  0.0128162 -0.0415126 -0.424647 -0.210287  -9.79755 
             36.1005  -0.392554   0.531865 -0.0620039 -0.00032311    0.015613   -0.021922  -0.0616103    0.137036 -0.00101734 -0.0110287 -0.0229936  0.0440442   0.0119914   0.0122283 -0.00252114  0.0115873 0.00475645  0.0174905  0.0305813  0.0129055 -0.0412485 -0.424594 -0.210336  -9.79755 
              36.201  -0.284242   0.501089 -0.0460893 0.000316124   0.0165583  -0.0194563  -0.0616135    0.137074 -0.00100598 -0.0110279 -0.0229923  0.0440444  0.0128161   0.011524 0.00325515  0.0115132 0.00478041  0.0174816  0.0306159  0.0129124 -0.0414687 -0.424603 -0.210332  -9.79755 
             36.3004 -0.303371   0.49981  0.016235  0.0011614  0.0130756 -0.0211195 -0.0621004   0.137078 -0.0011335 -0.0110318 -0.0229929  0.0440446     0.01369  0.00350667 -0.00080423  0.0115268 0.00478379  0.0174424  0.0306108  0.0131301 -0.0412906 -0.424621 -0.210417  -9.79755 
             36.4006  -0.308104   0.536319 -0.0815473 0.000810386   0.0124722  -0.0192873   -0.062201    0.137252 -0.00113095  -0.011032 -0.0229933  0.0440442 0.0134316 0.0020827 0.0021846 0.0115286 0.0047577 0.0175066  0.0307019  0.0131745 -0.0414398 -0.424652 -0.210426  -9.79754 
             36.5005 -0.289475  0.536428 0.0111632 0.000205595   0.0127917  -0.0183717   -0.062188    0.137457 -0.00109648 -0.0110319 -0.0229925  0.0440441   0.012509 0.00323558 0.00290156   0.011516 0.00476018  0.0174475  0.0307979   0.013166 -0.0414883 -0.424684 -0.210418  -9.79754 
             36.6009   -0.294149     0.53082 -0.00427121 0.00167434  0.0148859 -0.0204996  -0.0620218    0.137472 -0.00105341  -0.011032 -0.0229924  0.0440442   0.0148908  0.00810653 -0.00277535  0.0115157 0.00476575   0.017459  0.0307917  0.0130886 -0.0412886 -0.424683 -0.210393  -9.79754 
             36.7006  -0.318261   0.510831 -0.0700468 -0.00187279   0.0168301  -0.0208907  -0.0619027    0.137985 -0.00094796 -0.0110331 -0.0229943  0.0440454  0.00616383   0.0122612 -0.00321651  0.0115293 0.00477799  0.0175032  0.0310261  0.0130258 -0.0412696 -0.424764 -0.210366  -9.79754 
             36.8005 -0.369818  0.518484 -0.164635  0.0041343  0.0185715 -0.0242105  -0.0618988    0.137489 -0.00101664 -0.0110322 -0.0229883  0.0440449   0.0184978   0.0153677 -0.00965627    0.01156 0.00477384  0.0175664  0.0307818  0.0130301 -0.0410283 -0.424684 -0.210372  -9.79754 
             36.9004 -0.303831  0.504239 -0.213251 0.00136264    0.01805 -0.0224988   -0.0620805     0.137919 -0.000999893  -0.011031 -0.0229916  0.0440455   0.0117305   0.0120058 -0.00436545  0.0115165 0.00478164  0.0175977  0.0309989  0.0131067 -0.0412372 -0.424758 -0.210394  -9.79754 
             37.0006  -0.286416   0.472962 -0.0706726 -0.000230323    0.0162827   -0.0225074  -0.0623723    0.138158 -0.00104019 -0.0110321 -0.0229906  0.0440466  0.00833641  0.00714175 -0.00360657  0.0115057 0.00480265  0.0175033  0.0311151  0.0132347 -0.0412634 -0.424803 -0.210436  -9.79754 
             37.1005  -0.361459   0.520655 -0.0548255 0.00502142  0.0160031 -0.0245835  -0.0624959    0.137734 -0.00113921 -0.0110328 -0.0229922  0.0440469   0.0196375  0.00788592 -0.00636113  0.0115549 0.00477421  0.0174926  0.0309099  0.0132973 -0.0411283  -0.42474 -0.210469  -9.79754 
             37.2005  -0.313466   0.494557 -0.0786153 0.00357719  0.0128315 -0.0223727  -0.0628776    0.138002 -0.00119544 -0.0110331 -0.0229913  0.0440475     0.015038  0.000591045 -0.000130243  0.0115257 0.00479296  0.0175075   0.031059  0.0134694 -0.0413513  -0.4248 -0.21052 -9.79754 
             37.3005  -0.348046   0.502736 -0.0681272 0.00458071  0.0136395 -0.0227841 -0.0628179   0.138076 -0.0011694 -0.0110329 -0.0229911  0.0440475    0.0156637   0.00491967 -0.000321105  0.0115459 0.00478739   0.017501  0.0310898  0.0134405 -0.0413139 -0.424808 -0.210509  -9.79754 
             37.4005 -0.304782  0.499152 -0.165827 0.000245367   0.0149414  -0.0219422  -0.0627396    0.138697 -0.00107223 -0.0110342 -0.0229943  0.0440469  0.00561547   0.0076988 0.000793872  0.0115175 0.00479094  0.0175655 0.0313716 0.0133899 -0.041377 -0.424897 -0.210473  -9.79753 
             37.5004 -0.295018  0.536308 0.0233636 -0.00197554   0.0150084  -0.0196073  -0.0628116    0.138974 -0.00105903 -0.0110349 -0.0229916  0.0440463 0.00261416 0.00688971 0.00534123  0.0115112 0.00476997  0.0174436  0.0315047  0.0134153 -0.0415522  -0.42494 -0.210471  -9.79753 
             37.6006  -0.371833   0.583483 -0.0397475 -0.00109986   0.0132926  -0.0211101  -0.0630795     0.13892 -0.00113895  -0.011034 -0.0229908  0.0440458  0.00724637  0.00492227 0.000603112 0.0115601 0.0047392 0.0174877 0.0314706 0.0135341 -0.041386  -0.42494 -0.210516  -9.79753 
             37.7006   -0.33541   0.513481 0.00556365 -0.00184306   0.0145264   -0.021658  -0.0630005    0.139086 -0.00110055  -0.011034 -0.0229903  0.0440461   0.00578508   0.00826909 -0.000794758  0.0115362 0.00478582  0.0174595  0.0315409  0.0134971 -0.0413348 -0.424962   -0.2105  -9.79753 
             37.8004  -0.319256   0.484452 -0.0419394 -0.00120011   0.0131357  -0.0229436  -0.0632299    0.139074 -0.00117032  -0.011034 -0.0229903  0.0440462  0.00769255  0.00511691 -0.00329782  0.0115243 0.00480596  0.0174923  0.0315282  0.0135984 -0.0412352 -0.424965 -0.210537  -9.79753 
             37.9006   -0.31055   0.530725 -0.0519266 0.000180128    0.012512  -0.0203483  -0.0633398    0.139002 -0.00120996  -0.011034 -0.0229897  0.0440465   0.011352 0.00312237 0.00282598  0.0115178 0.00477724  0.0174978  0.0315132  0.0136511 -0.0414734 -0.424957  -0.21055  -9.79753 
             38.0005  -0.239969   0.473569 -0.0402584 -0.000371412     0.014667    -0.020811 -0.0631344   0.139189 -0.0011246 -0.0110347 -0.0229905  0.0440459 0.00831201 0.00669376 0.00153813  0.0114697 0.00481587  0.0174892  0.0315966  0.0135526 -0.0414146 -0.424983 -0.210517  -9.79753 
             38.1004  -0.329206    0.48116 -0.0420524 0.00456356  0.0154729 -0.0237833  -0.0631596    0.138825 -0.00117806  -0.011035 -0.0229888  0.0440452   0.0178675   0.0090301 -0.00524315  0.0115298 0.00481148  0.0174897  0.0314055  0.0135658 -0.0411702 -0.424924 -0.210527  -9.79753 
             38.2005  -0.314869   0.490665 -0.0229911 0.000488669   0.0141833  -0.0231469   -0.063359    0.139378 -0.00116643  -0.011035 -0.0229891  0.0440446  0.00851119  0.00785013 -0.00127651  0.0115196 0.00480541  0.0174802  0.0316737  0.0136524 -0.0412457 -0.425014 -0.210553  -9.79753 
             38.3005 -0.428113  0.520291 0.0349947 0.000933562   0.0113823  -0.0240787  -0.0637475    0.139415 -0.00127637 -0.0110363 -0.0229889  0.0440419   0.0108358  0.00512077 -0.00256015  0.0115903 0.00478804  0.0174444  0.0316821  0.0138266 -0.0411814  -0.42502 -0.210611  -9.79752 
             38.4004 -0.312739  0.546562 -0.108557 0.000360318   0.0117014  -0.0215131  -0.0637363    0.139568 -0.00125223 -0.0110374 -0.0229893  0.0440413  0.0095786 0.00431085 0.00291433  0.0115151 0.00477139  0.0175327  0.0317743  0.0138207 -0.0414059 -0.425048 -0.210607  -9.79752 
             38.5005  -0.321799   0.522233 -0.0527231 -0.00101561   0.0129974  -0.0192557  -0.0636377    0.139799 -0.00120076 -0.0110374 -0.0229891  0.0440411 0.00642993 0.00727355 0.00713636  0.0115205 0.00478709  0.0174975   0.031891  0.0137734 -0.0415634 -0.425084  -0.21059  -9.79752 
             38.6005  -0.323712   0.506391 0.00395783 2.58865e-05   0.0143484   -0.019988  -0.0635755    0.139787 -0.00118654 -0.0110373 -0.0229893  0.0440411 0.00908665   0.010502 0.00430623  0.0115207 0.00479523  0.0174621 0.0318771 0.0137475 -0.041452  -0.42508 -0.210583  -9.79752 
             38.7004   -0.25059    0.53543 -0.0206304 -0.00261064   0.0132499  -0.0189202  -0.0637576    0.140133 -0.00121478 -0.0110374 -0.0229889  0.0440414 0.00519108 0.00655887 0.00571998  0.0114718 0.00477799  0.0174788  0.0320412  0.0138266 -0.0414986 -0.425133 -0.210608  -9.79752 
             38.8005  -0.313848    0.54956 -0.0016505 -0.00289643   0.0152213  -0.0198537  -0.0636224    0.140241 -0.00117034  -0.011037 -0.0229885  0.0440415 0.00585298  0.0113443 0.00274042  0.0115112 0.00477254  0.0174681  0.0320834  0.0137666 -0.0413872 -0.425147 -0.210591  -9.79752 
             38.9005   -0.264005    0.518851 0.000907334 -0.00351332   0.0137689  -0.0207658  -0.0638626    0.140356 -0.00123538 -0.0110373 -0.0229888   0.044042    0.0051853   0.00618406 -0.000688074  0.0114783 0.00479285  0.0174669  0.0321285  0.0138759 -0.0412946 -0.425164 -0.210628  -9.79752 
             39.0005  -0.29965  0.532039 -0.049284 -0.00385139   0.0158835  -0.0206708  -0.0637062    0.140464 -0.00118075 -0.0110379 -0.0229893  0.0440424   0.00581183    0.0100195 -0.000944792 0.0115004 0.0047827  0.017498  0.0321826  0.0138029 -0.0413184  -0.42518 -0.210605  -9.79752 
             39.1006 -0.353439  0.563074  0.025641 0.000717122   0.0156131  -0.0233167  -0.0638744    0.140121 -0.00126855  -0.011038 -0.0229889  0.0440419   0.0174458   0.0102261 -0.00576242 0.0115349 0.0047642 0.0174519  0.0319965  0.0138833 -0.0411175 -0.425125 -0.210629  -9.79752 
             39.2005 -0.345795  0.548763 -0.144034 -0.000335966     0.018726   -0.0233488  -0.0636563    0.140402 -0.00116494 -0.0110403 -0.0229923  0.0440426   0.0142304   0.0165803 -0.00365929  0.0115269 0.00477434  0.0175594  0.0321409  0.0137742 -0.0411628  -0.42517 -0.210596  -9.79752 
             39.3006  -0.339936   0.510118 -0.0492425 0.00296782  0.0178348 -0.0225775  -0.0638974     0.14022 -0.00126007 -0.0110403 -0.0229927  0.0440418    0.0198233    0.0125305 -0.000683799  0.0115227 0.00480191  0.0175004  0.0320521  0.0138956 -0.0412604 -0.425139 -0.210633  -9.79752 
             39.4005 -0.346224  0.510677 -0.192034 0.00969447  0.0173408 -0.0253469   -0.064093    0.139802 -0.00137113 -0.0110389 -0.0229892  0.0440409   0.0309442   0.0104519 -0.00640055  0.0115241 0.00480026  0.0175888  0.0318317  0.0139929 -0.0410581 -0.425078 -0.210665  -9.79752 
             39.5005  -0.363882   0.521581 -0.0667385  0.0052337  0.0138298 -0.0236275  -0.0645085    0.140477 -0.00138882 -0.0110402 -0.0229869  0.0440408   0.0191508  0.00403541 -0.00115927  0.0115349 0.00479378  0.0175092   0.032173  0.0141837 -0.0412385 -0.425182 -0.210721  -9.79751 
             39.6005 -0.384577  0.494914 -0.149178  0.0102536   0.015735 -0.0262667  -0.0643742    0.140225 -0.00139011 -0.0110408 -0.0229862  0.0440406 0.0269808 0.0096864 -0.006311  0.0115468 0.00480948  0.0175624  0.0320361  0.0141245 -0.0410527 -0.425143 -0.210709  -9.79752 
             39.7006 -0.374503  0.524026 -0.112414 0.00662091  0.0177127 -0.0258175  -0.0642798    0.140827 -0.00128034 -0.0110403 -0.0229846  0.0440397   0.0165321   0.0143536 -0.00380732 0.0115379 0.0047917 0.0175381   0.032333  0.0140651 -0.0411374 -0.425226 -0.210675  -9.79751 
             39.8005 -0.383286   0.52136 -0.206659 0.00267538   0.015869  -0.023293  -0.0646129    0.141301 -0.00129267 -0.0110397 -0.0229862  0.0440394 0.00795803   0.010172  0.0029022  0.0115425 0.00479257  0.0175981  0.0325859  0.0142063 -0.0413606 -0.425307 -0.210698  -9.79751 
             39.9005 -0.375282  0.554891 -0.169554 0.00284663  0.0155412 -0.0224485 -0.0647454   0.141353 -0.0013173 -0.0110401 -0.0229861  0.0440394 0.00977896 0.00919724 0.00396094 0.0115389 0.0047715 0.0175738  0.0326177  0.0142668 -0.0414082 -0.425321 -0.210713  -9.79751 
             40.0006 -0.369112  0.577585 -0.127602 -0.000479102    0.0161038   -0.0210216  -0.0648046    0.141762 -0.00126974 -0.0110402 -0.0229842   0.044038 0.00467677  0.0109879 0.00619752  0.0115359 0.00475665  0.0175476  0.0328218  0.0142775 -0.0414872  -0.42538 -0.210695  -9.79751 
             40.1005 -0.331256  0.520035 -0.107769 0.00348898  0.0150248 -0.0226893  -0.0649764    0.141411 -0.00137601  -0.011042 -0.0229868  0.0440381  0.0138662 0.00809474 0.00212242  0.0115119 0.00479417  0.0175344 0.0326463 0.0143751 -0.041316 -0.425345  -0.21075  -9.79751 
             40.2006  -0.357765    0.50368 -0.0909307 0.00188872  0.0140066  -0.023557  -0.0651664    0.141663 -0.00138756 -0.0110429 -0.0229859  0.0440389  0.00980609  0.00698557 0.000705109  0.0115286 0.00480603  0.0175238   0.032769  0.0144554 -0.0412337 -0.425393 -0.210765   -9.7975 
             40.3005  -0.347639    0.58032 -0.0524869 -0.000498752    0.0113225   -0.0216498  -0.0655069     0.14193 -0.00142841 -0.0110451 -0.0229844  0.0440383 0.00680538 0.00174864  0.0046356  0.0115215 0.00475722  0.0174997  0.0329171  0.0146069 -0.0413784  -0.42545 -0.210789   -9.7975 
             40.4005 -0.389564  0.488862 0.0556855 8.83113e-05  0.00996947  -0.0261179  -0.0656478    0.141927 -0.00147887 -0.0110487 -0.0229832  0.0440379  0.00820753  0.00270823 -0.00555439  0.0115484 0.00481579  0.0174327 0.0328959 0.0146764 -0.041001 -0.425463 -0.210827   -9.7975 
             40.5005  -0.412759   0.551302 0.00894295 -0.000519652    0.0123693   -0.0248748  -0.0654617      0.1421 -0.00139876 -0.0110488 -0.0229838  0.0440383  0.00838793  0.00964205 -0.00163728  0.0115618 0.00477764  0.0174631  0.0329876  0.0145828 -0.0411507 -0.425477 -0.210786   -9.7975 
             40.6006 -0.348782  0.513696 0.0021794 0.00226489   0.013755 -0.0244184  -0.0654124    0.141933 -0.00141052 -0.0110486 -0.0229834   0.044038   0.0137614    0.011135 -0.00012584  0.0115208 0.00480504  0.0174678  0.0329065  0.0145635 -0.0412081 -0.425449 -0.210782   -9.7975 
             40.7005   -0.386953     0.52728 -0.00513468 0.00432959  0.0123527 -0.0260688  -0.0656566    0.141863 -0.00149033 -0.0110476 -0.0229828  0.0440379   0.0173399  0.00840359 -0.00396091  0.0115433 0.00479602  0.0174737  0.0328647   0.014683 -0.0410883 -0.425445 -0.210824   -9.7975 
             40.8005  -0.369452   0.553304 -0.0741207 0.00266065  0.0122917 -0.0239766  -0.0657303    0.142166 -0.00145998 -0.0110483 -0.0229851  0.0440372   0.0133263  0.00795054 0.000609697  0.0115328 0.00477831  0.0175183  0.0330312  0.0147149 -0.0412897 -0.425491 -0.210822   -9.7975 
             40.9006 -0.324439  0.505613 -0.164252 0.00360986  0.0129457  -0.024972  -0.0657386    0.142213 -0.00145845 -0.0110486 -0.0229859  0.0440373    0.0145075   0.00926192 -0.000453508  0.0115025 0.00480843  0.0175758  0.0330484  0.0147169 -0.0412056 -0.425498 -0.210827   -9.7975 
             41.0005  -0.416593   0.535862 -0.0805267 0.00284318  0.0123919 -0.0247702 -0.0658773   0.142404 -0.0014672 -0.0110485 -0.0229865  0.0440368   0.0134235   0.0100019 0.000665017  0.0115631 0.00479107  0.0175228  0.0331476  0.0147843 -0.0412296 -0.425528 -0.210846   -9.7975 
             41.1005 -0.380019  0.547801 -0.118631 0.00546755  0.0140161 -0.0246317 -0.0658219   0.142308 -0.0014682 -0.0110486 -0.0229863  0.0440369 0.0182793 0.0125447 0.0010374  0.0115396 0.00478529  0.0175462  0.0330977  0.0147583 -0.0412457 -0.425512 -0.210838   -9.7975 
             41.2006   -0.41257   0.563946 -0.0248654  0.0017866  0.0129166 -0.0244424  -0.0660327    0.142779 -0.00144107 -0.011049 -0.022984 0.0440357  0.0103395  0.0116397 0.00142552  0.0115612 0.00477462  0.0174871 0.0333434 0.0148569 -0.041252 -0.425586 -0.210863  -9.79749 
             41.3005 -0.425887  0.561911 -0.165245 0.00155776  0.0160284 -0.0247053  -0.0658646    0.142927 -0.00136492 -0.0110501  -0.022985  0.0440359   0.0104659   0.0185223 0.000803865   0.011568 0.00477456  0.0175756  0.0334157  0.0147675 -0.0412299 -0.425603 -0.210835  -9.79749 
             41.4005 -0.320288  0.521477 -0.206263 0.000673213   0.0167265  -0.0241462  -0.0659585    0.143084 -0.00135922 -0.0110496 -0.0229855  0.0440368 0.00899001  0.0166976 0.00193066  0.0114997 0.00480024  0.0176033  0.0335036  0.0148096 -0.0412693 -0.425629 -0.210842  -9.79749 
             41.5006 -0.298523   0.56883 -0.071472 -0.000511324    0.0134492   -0.0215125 -0.0664024   0.143216 -0.0014491 -0.0110534 -0.0229836  0.0440388 0.00869927 0.00692369 0.00698241  0.0114869 0.00477113  0.0175174  0.0335887  0.0150326 -0.0414569 -0.425662 -0.210895  -9.79749 
             41.6005  -0.331206   0.524034 -0.0956307 0.000280681   0.0129261  -0.0230152  -0.0665112    0.143214 -0.00148428 -0.0110543 -0.0229838  0.0440388  0.0100535 0.00623752 0.00220497  0.0115051 0.00479904   0.017534    0.03358  0.0150876 -0.0412943 -0.425669 -0.210919  -9.79749 
             41.7004  -0.376209    0.53263 -0.0810552 -0.000131842     0.012642   -0.0238064  -0.0666047    0.143336 -0.00148814 -0.0110546 -0.0229831  0.0440388 0.00981156 0.00741207 0.00027765  0.0115345 0.00479186  0.0175251  0.0336415  0.0151306 -0.0412224 -0.425692 -0.210931  -9.79749 
             41.8006  -0.365618   0.531821 -0.0528423 -0.00180881   0.0127098  -0.0225178  -0.0666684    0.143562 -0.00145908 -0.0110546 -0.0229823   0.044039 0.00713253  0.0077756 0.00233025  0.0115271 0.00479312   0.017506    0.03377  0.0151562 -0.0413269 -0.425726 -0.210925  -9.79749 
             41.9005 -0.404986  0.507482 -0.119696  0.0010962  0.0138911 -0.0258738  -0.0666395      0.1434 -0.00148964 -0.0110554 -0.0229801  0.0440385  0.0130854  0.0114668 -0.0051709  0.0115529 0.00481011  0.0175484 0.0336616 0.0151449 -0.041064 -0.425703 -0.210938  -9.79749 
              42.001 -0.452421  0.582739 -0.109143 -0.00268594   0.0127189  -0.0251182 -0.0668657   0.143802  -0.001465 -0.0110562 -0.0229811   0.044036  0.00692886   0.0103973 -0.00260931  0.0115851 0.00476327  0.0175403  0.0338946  0.0152506 -0.0411603 -0.425774 -0.210949  -9.79748 
             42.1006 -0.399443  0.566097 0.0313019 -0.00423518   0.0149203  -0.0250829  -0.0667785    0.144003 -0.00139008 -0.0110553 -0.0229797  0.0440353  0.00489177   0.0151526 -0.00177599  0.0115531 0.00477322  0.0174543 0.0340079 0.0151944 -0.041187 -0.425801 -0.210925  -9.79748 
             42.2005 -0.437824  0.531539 -0.048147 0.000159404   0.0130421  -0.0272754  -0.0670703    0.143666 -0.00156343 -0.0110553 -0.0229793  0.0440339   0.0153762    0.011515 -0.00582766  0.0115768 0.00479521  0.0175045  0.0338092  0.0153653 -0.0410436 -0.425761 -0.210991  -9.79748 
             42.3003  -0.449544   0.522055 -0.0658164 -0.00156884   0.0106471  -0.0260382  -0.0673842    0.143886 -0.00160039 -0.0110544 -0.0229797  0.0440339   0.0115571  0.00746346 -0.00225629  0.0115847 0.00480274  0.0175173  0.0339507    0.01553 -0.0411792 -0.425807 -0.211025  -9.79748 
             42.4006 -0.447605  0.548745 -0.107695 -0.000508241     0.011987    -0.027045  -0.0673451    0.143911 -0.00158564 -0.0110546   -0.02298  0.0440338   0.0137851   0.0114452 -0.00410277  0.0115831 0.00478801  0.0175444  0.0339602   0.015507 -0.0411257  -0.42581 -0.211021  -9.79748 
             42.5005 -0.353827  0.531923 -0.153523 0.000254744   0.0132843  -0.0244616  -0.0673382    0.143958 -0.00155983 -0.0110549 -0.0229782  0.0440337  0.0141416  0.0118773 0.00199744  0.0115237 0.00479736  0.0175727  0.0340022  0.0155017 -0.0413497 -0.425815 -0.211003  -9.79748 
             42.6004 -0.408709  0.536741 -0.108333 -0.00233922   0.0131933  -0.0251877  -0.0674547    0.144277 -0.00153103 -0.0110547 -0.0229783  0.0440336  0.00902555   0.0130353 0.000135661   0.011557 0.00479379  0.0175446  0.0341797   0.015555 -0.0412811 -0.425869 -0.211017  -9.79748 
             42.7004  -0.388957   0.559557 -0.0514489 -0.00194312    0.010278  -0.0234314  -0.0678145    0.144274 -0.00162903 -0.0110569 -0.0229784  0.0440342  0.0120796 0.00579721 0.00312032  0.0115458 0.00478066  0.0175086  0.0341944  0.0157512 -0.0414162  -0.42588 -0.211062  -9.79748 
             42.8005   -0.35297   0.529844 -0.0580272 -0.00505047   0.0137991  -0.0212041  -0.0675815    0.144643 -0.00146657 -0.0110559 -0.0229767  0.0440336 0.00455996  0.0129885  0.0071441  0.0115214 0.00480074  0.0175124  0.0344138  0.0156063 -0.0415639 -0.425927    -0.211  -9.79748 
             42.9007 -0.342107  0.532032 0.0163424 -0.00463568   0.0134108  -0.0232145  -0.0677156    0.144639 -0.00151486  -0.011057 -0.0229775   0.044034 0.00643265  0.0109046 0.00117294  0.0115162 0.00480044  0.0174647 0.0344006  0.015681 -0.041363 -0.425934 -0.211035  -9.79748 
             43.0005 -0.382844  0.531807 -0.105261 -0.00385693   0.0128577  -0.0214641  -0.0678668    0.144612 -0.00156598 -0.0110562  -0.022978  0.0440335 0.00926906 0.00890414 0.00384232  0.0115425 0.00479887  0.0175393  0.0343977  0.0157692 -0.0414894 -0.425934 -0.211053  -9.79748 
             43.1005   -0.382099    0.598792 -0.00481291 -0.00474241   0.0114608  -0.0216388  -0.0680589     0.14475 -0.00159651 -0.0110564 -0.0229776  0.0440329  0.0102368 0.00683758 0.00236542   0.011542 0.00476013  0.0174792  0.0344781  0.0158749 -0.0414449 -0.425962 -0.211083  -9.79747 
              43.201  -0.39236  0.582125 -0.110381 -0.000375143   0.00970417   -0.0233913  -0.0682663     0.14449 -0.00174428 -0.0110543 -0.0229749  0.0440324   0.0196662  0.00331914 -0.00201287  0.0115465 0.00477327  0.0175439  0.0343096  0.0160002 -0.0412992 -0.425924 -0.211129  -9.79747 
             43.3005  -0.364946   0.549273 -0.0703869 -0.00147312    0.010585  -0.0233818  -0.0682217    0.144728 -0.00166328 -0.0110543 -0.0229751  0.0440329   0.0153423   0.0058518 -0.00202484  0.0115295 0.00479319  0.0175167  0.0344549  0.0159688 -0.0413143 -0.425963 -0.211117  -9.79747 
             43.4005  -0.393422   0.534397 -0.0443873 0.000420679  0.00863536  -0.0259565 -0.0684441   0.144699 -0.0017513 -0.0110554 -0.0229749  0.0440322   0.0192278  0.00442789 -0.00651662  0.0115474 0.00480285   0.017501  0.0344226  0.0160914 -0.0411338 -0.425963 -0.211159  -9.79747 
             43.5005 -0.395561  0.550805 -0.178138 0.00323444  0.0122158 -0.0241113  -0.0681945    0.144653 -0.00167326 -0.0110571 -0.0229753  0.0440325   0.0230547   0.0110798 -0.00142511  0.0115474 0.00479546  0.0175855 0.0344098 0.0159555 -0.041332 -0.425949 -0.211113  -9.79747 
             43.6006 -0.383974  0.534995  -0.16448 0.00195204  0.0135811 -0.0236532  -0.0681693    0.144927 -0.00158727 -0.0110573 -0.0229766  0.0440327    0.0173897    0.0132618 -0.000742414  0.0115384 0.00480535  0.0175758  0.0345787  0.0159353 -0.0413818 -0.425992 -0.211102  -9.79747 
             43.7005 -0.351106  0.582196 -0.201581 0.00535729  0.0161493 -0.0224319  -0.0680706    0.144825 -0.00158366 -0.0110582 -0.0229757  0.0440329  0.0242883  0.0163567 0.00155841  0.0115188 0.00477726  0.0175997  0.0345213  0.0158856 -0.0414882 -0.425971 -0.211086  -9.79747 
             43.8005  -0.361371   0.540365 -0.0600191 0.00184211  0.0158229 -0.0226982  -0.0682363    0.145246 -0.00150626 -0.0110584 -0.0229723  0.0440336   0.0148943   0.0146703 0.000420786  0.0115245 0.00480688  0.0175133  0.0347801  0.0159656 -0.0414507 -0.426045 -0.211096  -9.79747 
             43.9006  -0.382984   0.570914 -0.0876569 0.000442539   0.0136301  -0.0234363  -0.0685393    0.145432 -0.00154596 -0.0110596 -0.0229715  0.0440329   0.0126255  0.00970108 -0.00151264  0.0115389 0.00478712   0.017528 0.0348955 0.0161359 -0.041386  -0.42609 -0.211137  -9.79747 
             44.0005  -0.287909   0.578052 -0.0977175 -0.00133955   0.0162236  -0.0206205  -0.0684029    0.145682 -0.00141933 -0.0110598 -0.0229694  0.0440311 0.00931983  0.0118479  0.0033387  0.0114801 0.00478308  0.0175349  0.0350617  0.0160556 -0.0416077 -0.426119 -0.211096  -9.79747 
             44.1005  -0.339245   0.529394 -0.0100636 -0.00528923   0.0140739  -0.0202843  -0.0686881    0.146006 -0.00141263 -0.0110614  -0.022967  0.0440322 0.00171982 0.00712437 0.00319988 0.0115109 0.0048162 0.0174805  0.0352652    0.01621 -0.0415967 -0.426184 -0.211123  -9.79746 
             44.2006  -0.393057   0.573108 -0.0270023 -0.00235278   0.0135978  -0.0212799  -0.0688002    0.145799 -0.00151087 -0.0110614 -0.0229668  0.0440317    0.0104409   0.00667173 -0.000349296   0.011543 0.00478941  0.0174916  0.0351321  0.0162795 -0.0415001 -0.426159 -0.211153  -9.79746 
             44.3005 -0.276939  0.584492 0.0281029 -0.00436777   0.0137409  -0.0188487  -0.0688168    0.146013 -0.00144395  -0.011062 -0.0229646  0.0440311 0.00728952 0.00516712 0.00512546   0.011472 0.00478553   0.017459  0.0352842  0.0162952 -0.0416756 -0.426194 -0.211145  -9.79746 
             44.4005  -0.331353   0.513418 -0.0691826 -0.0021398  0.0148755 -0.0210037  -0.0688024    0.145922 -0.00146728 -0.0110633 -0.0229637  0.0440306    0.0113451   0.00749963 -0.000856638  0.0115047 0.00482982  0.0175215  0.0352069  0.0162749 -0.0414814 -0.426179 -0.211147  -9.79746 
             44.5006  -0.357351    0.55147 -0.0960514 -0.00453326   0.0143149  -0.0230543  -0.0689221    0.146182 -0.00142577 -0.0110632 -0.0229648  0.0440306  0.00709146  0.00668301 -0.00664142  0.0115198 0.00480798  0.0175388  0.0353623  0.0163299 -0.0413381 -0.426227  -0.21116  -9.79746 
             44.6005  -0.341882    0.53769 -0.0395022 -0.00805466   0.0119527  -0.0233744  -0.0691437     0.14646 -0.00141266 -0.0110633 -0.0229646  0.0440307  0.00119546  0.00186078 -0.00636652  0.0115104 0.00481743  0.0175042  0.0355488  0.0164637 -0.0413572  -0.42628 -0.211192  -9.79746 
             44.7005  -0.361839   0.597693 -0.0956634 -0.00227949   0.0127159   -0.023826  -0.0691189    0.146082 -0.00153974 -0.0110629 -0.0229616  0.0440321   0.0157417  0.00322464 -0.00654552  0.0115233 0.00478169  0.0175379  0.0352973  0.0164611 -0.0413787 -0.426212 -0.211194  -9.79746 
             44.8006  -0.352677    0.53859 -0.0527281 -0.00542692   0.0134797  -0.0238802  -0.0690828      0.1464 -0.00139608 -0.0110624 -0.0229605  0.0440325  0.00801951  0.00568018 -0.00591947  0.0115166 0.00481762  0.0175094  0.0355194  0.0164279 -0.0414166 -0.426269 -0.211182  -9.79746 
             44.9005  -0.433821    0.55605 -0.0110661 -0.00279481   0.0129582  -0.0241475  -0.0691817    0.146272 -0.00148639 -0.0110631 -0.0229616  0.0440318   0.0144319    0.005798 -0.00612626 0.0115648 0.0048095 0.0174849  0.0354342  0.0164986 -0.0414408 -0.426248 -0.211202  -9.79746 
             45.0004  -0.369844   0.517999 -0.0133078 -0.00158533  0.00675134  -0.0260387   -0.069692     0.14625 -0.00169138 -0.0110646  -0.022962  0.0440328   0.016122 -0.0069092 -0.0101823  0.0115257 0.00483164  0.0174845  0.0354125  0.0168233 -0.0413331 -0.426252  -0.21129  -9.79746 
             45.1006 -0.411439  0.567627 0.0355867 -0.00250044  0.00800352  -0.0235263  -0.0695282    0.146427 -0.00156813 -0.0110646 -0.0229608  0.0440322   0.0140611 -0.00167927   -0.004178  0.0115484 0.00480309  0.0174554  0.0355555   0.016737 -0.0415897 -0.426281 -0.211261  -9.79746 
             45.2005 -0.417209   0.51022 -0.106044 0.00295718  0.0119424 -0.0273967  -0.0692852    0.146212 -0.00155877 -0.0110678 -0.0229585  0.0440321  0.0229457 0.00953816 -0.0111087  0.0115512 0.00483441  0.0175399 0.0353711 0.0165624 -0.041335 -0.426237 -0.211222  -9.79746 
             45.3004 -0.448282  0.564322 -0.113866 0.000910375   0.0135406   -0.026437  -0.0692311    0.146502 -0.00142729 -0.0110688  -0.022961  0.0440314   0.0170826   0.0131133 -0.00724705  0.0115692 0.00480526  0.0175443  0.0355886  0.0165294 -0.0414823  -0.42629 -0.211209  -9.79746 
             45.4006   -0.41495   0.542401 -0.0678115 0.000164534   0.0170478   -0.026093  -0.0690776     0.14667 -0.00130344 -0.0110688 -0.0229608  0.0440309   0.0138679   0.0197502 -0.00580493 0.0115493 0.0048157 0.0175171   0.035714  0.0164259 -0.0415599 -0.426319 -0.211179  -9.79746 
             45.5005 -0.421431  0.575752 -0.237741 0.000697721   0.0194313  -0.0243543  -0.0690521    0.146723 -0.00126717 -0.0110695 -0.0229617  0.0440306   0.0148368   0.0214913 -0.00149404  0.0115498 0.00479917  0.0176206   0.035771  0.0164149 -0.0417253  -0.42633 -0.211167  -9.79746 
             45.6004 -0.377672  0.647621    -0.181 -0.0016134  0.0190148  -0.019457  -0.0692222    0.146946 -0.00123926 -0.0110727 -0.0229598  0.0440294  0.0123142  0.0172478 0.00804689   0.011524 0.00475316  0.0175877 0.0359643 0.0165364 -0.042083 -0.426375 -0.211175  -9.79745 
             45.7004 -0.326962  0.541617 -0.180746 0.00315951  0.0227796   -0.02169  -0.0690799    0.146746 -0.00127536 -0.0110745 -0.0229618  0.0440274  0.0200681  0.0211314 0.00133533  0.0114923 0.00482312  0.0175895   0.035794  0.0164463 -0.0418625 -0.426333 -0.211171  -9.79746 
             45.8005  -0.363213   0.572119 -0.0662442 0.00207568  0.0225913 -0.0208125 -0.0692587   0.146933 -0.0012738 -0.0110759 -0.0229597  0.0440276  0.0173344  0.0187502 0.00214877  0.0115157 0.00480095  0.0175198 0.0359326 0.0165563 -0.041906 -0.426373  -0.21119  -9.79745 
             45.9007 -0.370671  0.540512 -0.165182 0.00465521  0.0199636 -0.0228162  -0.0695768    0.146819 -0.00143194 -0.0110764   -0.02296  0.0440274   0.0210458   0.0107299 -0.00375964  0.0115183 0.00482547  0.0175822  0.0358597  0.0167697 -0.0417355 -0.426382  -0.21126  -9.79745 
             46.0006 -0.347967  0.576445 -0.155109 0.00448268  0.0184693 -0.0242171  -0.0697814    0.146947 -0.00145926 -0.0110767 -0.0229597  0.0440273   0.0193615  0.00743943 -0.00689608  0.0115038 0.00479842  0.0175736  0.0359528  0.0168896 -0.0416477  -0.42642 -0.211287  -9.79745 
             46.1005 -0.389753  0.571787 -0.217661 0.00322671  0.0190318 -0.0229308  -0.0698256    0.147162 -0.00139603 -0.0110766 -0.0229613  0.0440278   0.0154881  0.00838672 -0.00314375   0.011527 0.00480675   0.017612  0.0361142  0.0169038 -0.0417811 -0.426454 -0.211271  -9.79745 
             46.2005 -0.391859  0.577277 -0.249884   0.005965  0.0195517 -0.0251083  -0.0698603    0.147093 -0.00143732 -0.0110762 -0.0229604  0.0440277   0.0206443   0.0099872 -0.00765195  0.0115301 0.00479995  0.0176321  0.0360562  0.0169271 -0.0416425 -0.426449 -0.211287  -9.79745 
             46.3006 -0.375081  0.568907 -0.066986 -0.000123609    0.0182403   -0.0237301  -0.0700848    0.147586 -0.00131491 -0.0110763 -0.0229522  0.0440285  0.00662225  0.00716894 -0.00351441  0.0115192 0.00481076  0.0175215  0.0364302  0.0170328 -0.0417828 -0.426544 -0.211266  -9.79744 
             46.4005 -0.369517  0.545171 -0.122254 0.000994711   0.0159356  -0.0257833  -0.0703041    0.147515 -0.00143342 -0.0110777 -0.0229525  0.0440282  0.00999248  0.00302895 -0.00782897  0.0115176 0.00482255  0.0175546  0.0363833  0.0171786 -0.0416536 -0.426558 -0.211312  -9.79744 
             46.5004 -0.419756  0.599319 -0.147087 0.000111805   0.0171068  -0.0254483  -0.0702768    0.147656 -0.00136153  -0.011078 -0.0229529   0.044028  0.00933611  0.00660589 -0.00619539  0.0115465 0.00479258  0.0175712 0.0364885 0.0171488 -0.041729 -0.426576  -0.21129  -9.79744 
             46.6006 -0.419573  0.547656 -0.121553 0.00114539  0.0169211 -0.0237937  -0.0703354    0.147617 -0.00139479 -0.0110777 -0.0229532  0.0440278   0.0113468   0.0064503 -0.00242397  0.0115474 0.00482169  0.0175539  0.0364877     0.0172 -0.0418868 -0.426576 -0.211298  -9.79744 
             46.7005 -0.387453  0.579501 -0.325398 0.00605766  0.0177183 -0.0220832  -0.0702842    0.147364 -0.00147647 -0.0110765 -0.0229492  0.0440283    0.021516  0.00655544 0.000595578  0.0115253 0.00480399  0.0176779  0.0363306   0.017205 -0.0420254 -0.426535 -0.211313  -9.79744 
             46.8006 -0.380619  0.563113 -0.151051 0.00603798  0.0179468 -0.0201699  -0.0703349    0.147488 -0.00143867 -0.0110765 -0.0229484  0.0440283  0.0191338 0.00701323 0.00377635  0.0115213 0.00481398  0.0175716  0.0364358  0.0172305 -0.0421492 -0.426558 -0.211303  -9.79744 
             46.9006 -0.356487  0.545515 -0.125607 0.00703538  0.0193262 -0.0225158  -0.0703183    0.147583 -0.00140225 -0.0110766 -0.0229489  0.0440283   0.0190118   0.0106435 -0.00237293  0.0115057 0.00482591   0.017558  0.0364745  0.0171979 -0.0419444  -0.42657 -0.211298  -9.79744 
             47.0005 -0.353332  0.584062  -0.21367 0.00306985  0.0208548 -0.0213489  -0.0703551    0.147977 -0.00125173 -0.0110775 -0.0229513  0.0440269    0.0101481    0.0126432 -0.000318966  0.0115011 0.00480357  0.0176113  0.0367645  0.0171779 -0.0420363 -0.426631 -0.211254  -9.79744 
             47.1005 -0.393089  0.569895 -0.136125 0.00126845  0.0186065 -0.0219554  -0.0706362    0.148104 -0.00131025 -0.0110785 -0.0229506  0.0440263  0.00760488  0.00836397 -0.00234377  0.0115267 0.00481244  0.0175659   0.036873  0.0173492 -0.0419842 -0.426681 -0.211283  -9.79744 
             47.2006 -0.406817  0.568386 -0.183269 0.00522825  0.0181328 -0.0253083  -0.0707073    0.147904 -0.00142873 -0.0110784 -0.0229497  0.0440259   0.0163893  0.00726388 -0.00991234  0.0115346 0.00481542  0.0175934  0.0367071  0.0174151 -0.0417582 -0.426659 -0.211326  -9.79744 
             47.3005 -0.407615  0.586506 -0.100926 0.00271853  0.0186862  -0.024594  -0.0707661    0.148155 -0.00134334 -0.0110783 -0.0229481  0.0440255   0.0110316  0.00903598 -0.00713556  0.0115357 0.00480361  0.0175435  0.0369083  0.0174297 -0.0418708 -0.426703 -0.211301  -9.79744 
             47.4004  -0.41124   0.60862 -0.161554 0.00452138  0.0176049 -0.0243761   -0.070892    0.148081 -0.00142202 -0.0110781  -0.022948  0.0440256   0.0161506  0.00635863 -0.00623001  0.0115357 0.00479212  0.0175802  0.0368755  0.0175307 -0.0419311 -0.426707 -0.211328  -9.79744 
             47.5006 -0.406767  0.613009 -0.189334 0.00497783  0.0181984 -0.0244535   -0.070915    0.148155 -0.00139684 -0.0110783 -0.0229484  0.0440254   0.0163062  0.00775838 -0.00595892  0.0115315 0.00478862  0.0175957  0.0369367  0.0175386 -0.0419636 -0.426721 -0.211321  -9.79744 
             47.6006 -0.404394  0.647555 -0.294072 0.00324349   0.018996 -0.0229377  -0.0709526    0.148367 -0.00131069 -0.0110794 -0.0229512  0.0440244   0.0141583  0.00956999 -0.00232308  0.0115276 0.00476685  0.0176591   0.037114  0.0175424 -0.0421069 -0.426756 -0.211297  -9.79743 
             47.7005 -0.418633  0.546365 -0.171462  0.0054531  0.0182645 -0.0243039   -0.071062    0.148284 -0.00139449 -0.0110806 -0.0229516  0.0440234   0.0167684  0.00826081 -0.00463464  0.0115369 0.00483055  0.0175836  0.0370561  0.0176269 -0.0420175 -0.426758 -0.211327  -9.79743 
             47.8006 -0.324959  0.645725 -0.198406 0.00117582   0.018841 -0.0198491  -0.0711183    0.148655 -0.00124093 -0.0110824 -0.0229477  0.0440206 0.00967667 0.00835199 0.00540164  0.0114798 0.00476623  0.0175994  0.0373722  0.0176415 -0.0423595 -0.426813 -0.211279  -9.79743 
             47.9006 -0.347602  0.593545 -0.241936 0.00144727  0.0192596 -0.0203164  -0.0711638    0.148697 -0.00124006 -0.0110827  -0.022948  0.0440209  0.0102013 0.00853652 0.00310676  0.0114905 0.00480186  0.0176255  0.0374007  0.0176618 -0.0422834 -0.426826 -0.211283  -9.79743 
             48.0005 -0.360019  0.583318 -0.164807 0.00115931  0.0198306 -0.0202585  -0.0712084    0.148781 -0.00122002 -0.0110827 -0.0229475  0.0440212   0.010634 0.00961464 0.00166714  0.0114972 0.00480512  0.0175786 0.0374642 0.0176798 -0.042261 -0.426844 -0.211279  -9.79743 
             48.1004 -0.299891  0.584109 -0.124734 -0.000287526    0.0177845   -0.0193224  -0.0714289    0.148879 -0.00125263 -0.0110838 -0.0229465  0.0440222 0.00744932 0.00300379 0.00230686 0.0114618 0.0048094 0.0175559  0.0375647  0.0178185 -0.0423054 -0.426884 -0.211295  -9.79743 
             48.2006 -0.383114  0.594388 -0.266347 0.00610496   0.017267 -0.0211912  -0.0714372    0.148512 -0.00139535 -0.0110823 -0.0229427  0.0440216   0.0212006  0.00285727 -0.00264065  0.0115105 0.00480023  0.0176405   0.037298  0.0178677 -0.0421585 -0.426842 -0.211347  -9.79743 
             48.3005 -0.365582  0.605566 -0.262328 0.00687327  0.0154324 -0.0200486  -0.0715901    0.148558 -0.00143431 -0.0110817 -0.0229432  0.0440213      0.02264 -0.000527987 -0.000579845  0.0114985 0.00479792  0.0176416  0.0373614  0.0179686 -0.0422507 -0.426866  -0.21136  -9.79743 
             48.4006 -0.323504  0.582979 -0.136385 0.00643016  0.0135806 -0.0195288  -0.0717348    0.148689 -0.00143223 -0.0110823 -0.0229419  0.0440215   0.0188321 -0.00383149 0.000531837 0.0114738 0.0048115 0.0175626  0.0374769  0.0180504 -0.0422813 -0.426902 -0.211361  -9.79743 
             48.5005 -0.359113  0.570166 -0.171776  0.0054632  0.0141773 -0.0222433  -0.0717431    0.148914 -0.00133943 -0.0110824 -0.0229409   0.044022   0.0159475  0.00148253 -0.00571615  0.0114958 0.00481644  0.0175855  0.0376101  0.0180096 -0.0420794 -0.426934 -0.211334  -9.79743 
             48.6005 -0.357388  0.583894 -0.143938 0.00202852  0.0152572 -0.0222009  -0.0717436    0.149256 -0.00118866  -0.011082 -0.0229397  0.0440223  0.00805333  0.00466137 -0.00453692  0.0114938 0.00481307  0.0175706  0.0378612  0.0179654 -0.0421155 -0.426979 -0.211289  -9.79742 
             48.7006 -0.421064  0.582933  -0.24761 0.00229839  0.0156754 -0.0234184  -0.0717737      0.1493 -0.00118176 -0.0110819 -0.0229398  0.0440223  0.00832459  0.00765702 -0.00548017  0.0115305 0.00481295  0.0176312   0.037888  0.0179755 -0.0420588 -0.426989 -0.211287  -9.79742 
             48.8004 -0.375285  0.568033 -0.263405 0.00509504  0.0187334 -0.0243393  -0.0716062    0.149239 -0.00114628 -0.0110828 -0.0229394  0.0440222   0.0147033   0.0132294 -0.00700422  0.0115029 0.00482063   0.017643  0.0378178  0.0178687 -0.0420362 -0.426959 -0.211274  -9.79743 
             48.9006  -0.428435   0.599415 -0.0848004 0.000404625    0.019356  -0.0234552  -0.0717216    0.149615 -0.00102822 -0.0110823 -0.0229346  0.0440215   0.0049273   0.0152866 -0.00300748  0.0115321 0.00480705  0.0175378  0.0381103  0.0179074 -0.0421408 -0.427022 -0.211241  -9.79742 
             49.0004 -0.393502  0.625263 -0.111697 -0.000333271    0.0199777   -0.0230723  -0.0718003    0.149686 -0.00102754 -0.0110828 -0.0229341  0.0440211  0.00634425   0.0151078 -0.00235358  0.0115112 0.00479036  0.0175536  0.0381758  0.0179543 -0.0421854  -0.42704 -0.211242  -9.79742 
             49.1005 -0.334565   0.58602 -0.203131 0.000292525   0.0182815   -0.022433  -0.0720115    0.149621 -0.00113426 -0.0110812 -0.0229332  0.0440226  0.00911894  0.00859097 -0.00118594  0.0114737 0.00481571  0.0176095  0.0381643  0.0181029 -0.0422391 -0.427057 -0.211274  -9.79742 
             49.2005 -0.399149  0.612574 -0.157816 0.00158361  0.0161166 -0.0227072  -0.0722262    0.149547 -0.00124472 -0.0110812 -0.0229332  0.0440224    0.012787  0.00480042 -0.00189161  0.0115115 0.00480002  0.0175815   0.038133  0.0182504 -0.0422229  -0.42707 -0.211308  -9.79742 
              49.301 -0.417452  0.590981 -0.286337  0.0048074  0.0182164 -0.0254371  -0.0721119     0.14948 -0.00122945 -0.0110824 -0.0229317  0.0440225   0.0188732   0.0107035 -0.00748566  0.0115204 0.00481225  0.0176599  0.0380497  0.0181817 -0.0420455 -0.427051 -0.211309  -9.79742 
             49.4005  -0.426479   0.563028 -0.0993446 0.00224426  0.0196455 -0.0269936  -0.0721369    0.149776 -0.00113859 -0.0110815 -0.0229289  0.0440236   0.0115841   0.0146287 -0.00910217 0.0115257  0.004831 0.0175499  0.0382546   0.018164 -0.0419826 -0.427094 -0.211283  -9.79742 
             49.5005  -0.50202  0.588116 -0.143814 0.00213659  0.0175606 -0.0281098  -0.0724011    0.149807 -0.00123514 -0.0110823 -0.0229289  0.0440218   0.0120883   0.0118548 -0.00965499  0.0115697 0.00481436   0.017575  0.0382964  0.0183395 -0.0419651 -0.427125 -0.211316  -9.79742 
             49.6006 -0.406771  0.560293 -0.260086 -0.000118673     0.018262   -0.0242687 -0.0724637   0.149991  -0.001168 -0.0110813 -0.0229292  0.0440225  0.00737874   0.0114807 0.000125561  0.0115119 0.00483079  0.0176459  0.0384855  0.0183615 -0.0423004 -0.427153 -0.211286  -9.79742 
             49.7005  -0.409525   0.595015 -0.0623728 -0.00229719   0.0154281  -0.0238976  -0.0727514    0.150112 -0.00123992 -0.0110842 -0.0229277  0.0440234  0.00468683  0.00597487 0.000671678  0.0115125 0.00481318    0.01753  0.0386018  0.0185483 -0.0423218 -0.427198 -0.211311  -9.79741 
             49.8005  -0.449399   0.568344 -0.0637252 -0.000159013    0.0135566    -0.025188  -0.0729062    0.149981 -0.00136207  -0.011086 -0.0229289  0.0440232   0.0103189  0.00439573 -0.00153753  0.0115362 0.00482686  0.0175301  0.0385061  0.0186714 -0.0422252 -0.427197 -0.211353  -9.79741 
             49.9006 -0.422077  0.550519 -0.155342 -0.00198277   0.0167004  -0.0251883  -0.0727626    0.150212 -0.00121237 -0.0110874 -0.0229306  0.0440232  0.00575808   0.0119226 -0.00173662  0.0115167 0.00483873  0.0175839   0.038662  0.0185439 -0.0422357 -0.427215 -0.211309  -9.79741 
             50.0006  -0.448263   0.545619 -0.0979454 0.000557787   0.0169707  -0.0261869  -0.0728197    0.150083 -0.00128426 -0.0110875 -0.0229307  0.0440232   0.0111063   0.0127911 -0.00365538 0.0115325 0.0048407 0.0175508 0.0385649 0.0185955 -0.042177 -0.427202 -0.211332  -9.79741 
             50.1005 -0.391095  0.562446 -0.057115 -0.00204735   0.0164309   -0.024172   -0.072963    0.150282 -0.00126962  -0.011088 -0.0229292  0.0440232 0.00655308  0.0105545 0.00108655  0.0114977 0.00483109   0.017528  0.0387421  0.0186776 -0.0423366 -0.427241 -0.211325  -9.79741 
             50.2006 -0.461191  0.582311 -0.234435 -0.00261672   0.0172492  -0.0248426  -0.0729955    0.150377 -0.00126126 -0.0110878 -0.0229307   0.044023   0.00584746    0.0136286 -0.000289544  0.0115381 0.00482044  0.0176341  0.0388021  0.0186935 -0.0422818 -0.427256 -0.211328  -9.79741 
             50.3006  -0.451924   0.597714 -0.0267331 -0.000674764    0.0181237   -0.0247508  -0.0730311    0.150292 -0.00130367 -0.0110883  -0.022932  0.0440232    0.0117698    0.0157169 -0.000335457  0.0115327 0.00481007  0.0175096  0.0387433  0.0187228 -0.0422932 -0.427246 -0.211336  -9.79741 
             50.4005   -0.401194    0.587006 -0.00840615 -0.00502417   0.0189343  -0.0237791  -0.0730964    0.150627 -0.00122076 -0.0110882  -0.022931  0.0440232 0.00232065  0.0160408 0.00189888  0.0115026 0.00482035  0.0174998  0.0390044  0.0187474 -0.0423586 -0.427299 -0.211322  -9.79741 
             50.5004  -0.428692   0.511435 -0.0969586 0.000863627   0.0186153  -0.0262621  -0.0732123    0.150286 -0.00140044 -0.0110885   -0.02293  0.0440209   0.0145129   0.0148607 -0.00360387  0.0115181 0.00486016  0.0175519  0.0387237  0.0188521 -0.0421826 -0.427252 -0.211369  -9.79741 
             50.6006  -0.394024   0.606603 -0.0466461 -0.000211866    0.0173266   -0.0230193  -0.0733972    0.150397 -0.00144193 -0.0110902 -0.0229286  0.0440208  0.0130921   0.010003 0.00374638  0.0114956 0.00480896  0.0175216  0.0388541  0.0189819 -0.0424303 -0.427279 -0.211375  -9.79741 
             50.7005   -0.41001   0.583182 -0.0825304 -0.000609824    0.0139073   -0.0226521  -0.0736904    0.150475 -0.00157148 -0.0110893 -0.0229289  0.0440205  0.0125749 0.00352903  0.0036162  0.0115056 0.00481948  0.0175445  0.0389207  0.0191905 -0.0424267   -0.4273 -0.211416  -9.79741 
             50.8006  -0.448747   0.579667 -0.0892275 -9.77145e-05    0.0160135   -0.0238104   -0.073578    0.150558 -0.00149656 -0.0110899 -0.0229286  0.0440212  0.0133961  0.0102958 0.00125479  0.0115259 0.00482685  0.0175528  0.0389623   0.019106 -0.0423235 -0.427308 -0.211404  -9.79741 
             50.9006 -0.474665  0.639026 -0.141343 -0.00318375   0.0184377  -0.0237415  -0.0734917     0.15086 -0.00135694 -0.0110907 -0.0229306  0.0440197 0.00704107  0.0175606 0.00195204  0.0115409 0.00478707  0.0175805  0.039185 0.0190296  -0.04232 -0.427351 -0.211385  -9.79741 
             51.0005  -0.540744   0.572132 -0.0486429 -0.00113868   0.0176323   -0.027734  -0.0736694    0.150796 -0.00149051 -0.0110929 -0.0229287  0.0440174   0.0123527   0.0176476 -0.00714042  0.0115779 0.00483055  0.0175288  0.0390991  0.0191579 -0.0420325 -0.427345 -0.211429  -9.79741 
             51.1005 -0.376041  0.564701  -0.18155 0.00297872  0.0205851 -0.0257488  -0.0735843    0.150609 -0.00149045 -0.0110927 -0.0229261   0.044017    0.018628   0.0192053 -0.00130903    0.01148 0.00483247  0.0176056  0.0389873  0.0191077 -0.0422254 -0.427316 -0.211409  -9.79741 
             51.2006 -0.427787  0.554627 -0.187559 -0.00019764   0.0206244  -0.0238909 -0.0737272   0.150904 -0.0014575 -0.0110916 -0.0229277  0.0440183  0.0115931  0.0188681 0.00309368  0.0115107 0.00484039  0.0176123 0.0392287 0.0191914 -0.042364 -0.427361  -0.21141  -9.79741 
             51.3004 -0.522506  0.576054 -0.161027 0.00482372  0.0204518 -0.0286543  -0.0738454    0.150676 -0.00161001 -0.0110914 -0.0229253  0.0440173   0.0207118   0.0196171 -0.00666677  0.0115658 0.00482984  0.0175936  0.0390246  0.0192955 -0.0420172 -0.427339 -0.211463  -9.79741 
             51.4006 -0.418492   0.55826 -0.174995 -0.000534098    0.0189039   -0.0258319  -0.0741066    0.151083 -0.00157317  -0.011091 -0.0229236  0.0440185    0.009326   0.0150376 0.000782873  0.0115031 0.00483708  0.0176028 0.0393768 0.0194451 -0.042255 -0.427407 -0.211458   -9.7974 
             51.5006 -0.408806  0.574983 -0.105965 -0.00384722   0.0203328  -0.0250125  -0.0741285    0.151354 -0.00149295 -0.0110904 -0.0229213  0.0440185 0.00183813  0.0169577 0.00278706 0.0114976 0.0048328 0.0175623  0.0395803  0.0194411 -0.0423064 -0.427442 -0.211441   -9.7974 
             51.6005  -0.42463  0.607904 -0.178118 -0.00414406   0.0206125  -0.0235752  -0.0742358    0.151368 -0.00153061 -0.0110907 -0.0229213  0.0440185 0.00447429  0.0161355 0.00509542 0.0115085 0.0048114 0.0176063  0.0396112  0.0195121 -0.0423876 -0.427452 -0.211447   -9.7974 
             51.7006 -0.404742  0.603444 -0.130741 -0.00606707   0.0203496  -0.0202598  -0.0743881    0.151476 -0.00154562 -0.0110914 -0.0229203  0.0440185 0.00197391  0.0140707  0.0121307  0.0114951 0.00481737  0.0175789  0.0397266  0.0195999 -0.0425762 -0.427476 -0.211441   -9.7974 
             51.8006 -0.426218    0.5966 -0.190407 0.000129701   0.0192804  -0.0219366  -0.0745112    0.151071 -0.00174916 -0.0110906 -0.0229193  0.0440187  0.0168342  0.0119068 0.00676129   0.011506 0.00481698  0.0176123  0.0394283  0.0197237 -0.0423878 -0.427441 -0.211503   -9.7974 
             51.9005  -0.430282   0.573371 -0.0677238 -0.00268086   0.0185194  -0.0240636  -0.0746627     0.15137 -0.00174009 -0.0110917 -0.0229163  0.0440194 0.00993562  0.0114693 0.00108354  0.0115071 0.00483599  0.0175421  0.0396188  0.0198053 -0.0421943 -0.427488 -0.211514   -9.7974 
             52.0006 -0.436955  0.596447 -0.101579 -0.00336121   0.0171385  -0.0245131  -0.0748494    0.151459 -0.00179928 -0.0110922  -0.022916  0.0440189  0.00951554  0.00970363 0.000258193  0.0115102 0.00482024  0.0175607 0.0396875 0.0199241 -0.042157 -0.427513 -0.211532   -9.7974 
             52.1005 -0.533405    0.6029 -0.108454 0.000574457   0.0146212  -0.0273455  -0.0750791    0.151243 -0.00198693 -0.0110922 -0.0229139   0.044016   0.0188785  0.00744316 -0.00550001  0.0115656 0.00481821  0.0175651   0.039523  0.0200996 -0.0419665 -0.427506 -0.211588   -9.7974 
             52.2005 -0.451054  0.607877 -0.104799 -0.00286892   0.0143733  -0.0247536   -0.075175    0.151554 -0.00190893 -0.0110925 -0.0229134  0.0440157  0.0108676 0.00740313 0.00141663  0.0115161 0.00481381   0.017562  0.0397862  0.0201383 -0.0421843  -0.42755 -0.211564  -9.79739 
             52.3006 -0.463187  0.587544 -0.199145 0.000286685   0.0155564  -0.0264388   -0.075134    0.151451 -0.00193454 -0.0110926 -0.0229125  0.0440156   0.0172252   0.0112483 -0.00186384  0.0115202 0.00482548  0.0176183  0.0396918  0.0201215 -0.0420676 -0.427535 -0.211575  -9.79739 
             52.4006 -0.465105  0.637461 -0.155102 -0.000708438    0.0180677   -0.0253693  -0.0750649    0.151643 -0.00183165  -0.011093 -0.0229128  0.0440149  0.0147842  0.0169187 0.00117168  0.0115206 0.00479855  0.0175914  0.0398392  0.0200552 -0.0421599 -0.427554 -0.211547  -9.79739 
             52.5005 -0.409795   0.63249 -0.233472 -9.85591e-05     0.018978    -0.022135  -0.0751278    0.151676 -0.00182795 -0.0110933 -0.0229116  0.0440151  0.0161532  0.0159094 0.00723407 0.0114883 0.0048008 0.0176369  0.0398986  0.0200951 -0.0423814 -0.427559 -0.211535  -9.79739 
             52.6006 -0.429675  0.574426 -0.285241  0.0027839  0.0194405 -0.0235994  -0.0751816    0.151596 -0.00189408 -0.0110934  -0.022911  0.0440146  0.0207189  0.0154377 0.00247084    0.0115 0.0048376 0.0176667  0.0398269  0.0201447 -0.0422385 -0.427556 -0.211559  -9.79739 
             52.7006  -0.399336   0.597813 -0.0927164 -0.00160288   0.0184705  -0.0227076  -0.0753784    0.151962 -0.00183391  -0.011094 -0.0229054  0.0440154  0.0107045  0.0131661 0.00455024  0.0114844 0.00482262  0.0175515  0.0401233  0.0202519 -0.0422821 -0.427617 -0.211551  -9.79739 
             52.8005 -0.456437  0.608219 -0.120579 0.00043055  0.0159817  -0.025354  -0.0756105    0.151869 -0.00198573 -0.0110957 -0.0229055  0.0440143   0.0167509  0.00916314 -0.00163626  0.0115164 0.00481741  0.0175673  0.0400477  0.0204314 -0.0420721 -0.427633 -0.211605  -9.79739 
             52.9005 -0.508897  0.648538 -0.140774 -0.00262804   0.0192379  -0.0273356  -0.0755218    0.152212 -0.00179326 -0.0110947 -0.0229037  0.0440145  0.00970656   0.0189956 -0.00515793  0.0115479 0.00479312  0.0175775 0.0402884 0.0203196 -0.041954 -0.427668 -0.211567  -9.79739 
             53.0006 -0.430976     0.596 -0.103236 -0.00410922   0.0178193  -0.0249596  -0.0757352    0.152298 -0.00182773 -0.0110946 -0.0229024  0.0440154  0.00828844   0.0138323 0.000699178  0.0115017 0.00482508  0.0175575  0.0404021  0.0204774 -0.0421552 -0.427695 -0.211574  -9.79739 
             53.1005 -0.503415  0.587736 -0.172766 0.000209801   0.0168016  -0.0267068  -0.0758661    0.152061 -0.00199787  -0.011094 -0.0229008  0.0440135   0.0168662   0.0122017 -0.00256562  0.0115436 0.00483198  0.0175964 0.0402166 0.0206009 -0.042039 -0.427681  -0.21162  -9.79739 
             53.2006  -0.448099   0.564729 -0.0749011 -0.00122213   0.0185189  -0.0249806  -0.0758562    0.152249 -0.00189835 -0.0110932 -0.0228993  0.0440138  0.0135903  0.0159121 0.00151469  0.0115109 0.00484204   0.017539  0.0403803  0.0205769 -0.0421802 -0.427701 -0.211593  -9.79739 
             53.3005 -0.413995  0.595365  -0.15261 0.00012258   0.019974  -0.026615  -0.0758618    0.152264 -0.00190085 -0.0110932    -0.0229  0.0440137   0.0150101   0.0168668 -0.00234659    0.01149 0.00482967  0.0175839  0.0403785   0.020577 -0.0420646 -0.427706 -0.211601  -9.79739 
             53.4005  -0.467804    0.59518 -0.0819893 -0.00276741   0.0203542  -0.0263177 -0.0759729   0.152508 -0.0018416 -0.0110934 -0.0228991  0.0440133  0.00962132   0.0182386 -0.00193764  0.0115226 0.00482665  0.0175425  0.0405864  0.0206388 -0.0421045 -0.427746 -0.211595  -9.79738 
             53.5004  -0.422227   0.589115 -0.0906804 -0.00352152   0.0205602  -0.0259279  -0.0760699    0.152585 -0.00184538 -0.0110936 -0.0228987  0.0440136   0.00772849    0.0155561 -0.000928852   0.011495 0.00483732   0.017546  0.0406643  0.0207079 -0.0421506 -0.427764 -0.211599  -9.79738 
             53.6005 -0.487168  0.592509 -0.238589 -0.000351812    0.0187589   -0.0260579  -0.0762634    0.152416 -0.00202239 -0.0110894  -0.022896  0.0440126    0.0159439     0.012426 -0.000971769  0.0115337 0.00482843  0.0176307  0.0405416  0.0208862 -0.0421585 -0.427753 -0.211639  -9.79738 
             53.7005 -0.427302  0.650615 -0.188276 -0.000244015    0.0168921   -0.0232662  -0.0764348    0.152452 -0.00207604 -0.0110898 -0.0228956   0.044013  0.0168714 0.00674856 0.00513691  0.0114971 0.00480194  0.0176014  0.0406184   0.021038 -0.0423602 -0.42777 -0.21165 -9.79738 
             53.8006 -0.455736  0.606242 -0.202559 0.00310161  0.0168153 -0.0252703  -0.0764796    0.152375 -0.00215541 -0.0110894 -0.0228952  0.0440131   0.0225745  0.00895563 9.60616e-05   0.011515 0.00482246  0.0176077 0.0405292 0.0210783 -0.042194 -0.427763 -0.211674  -9.79738 
             53.9006 -0.449914  0.618604 -0.100949 0.000639743   0.0176067   -0.024818  -0.0765078    0.152629 -0.00202615 -0.0110886 -0.0228927  0.0440133    0.016475   0.0112756 0.000931903  0.0115097 0.00481999  0.0175487  0.0407609  0.0210749 -0.0422273 -0.427803 -0.211655  -9.79738 
             54.0005 -0.355106  0.597746 -0.254896 0.00265513  0.0182029 -0.0223606  -0.0765235    0.152586 -0.00204208 -0.0110879 -0.0228912  0.0440136  0.0188292 0.00963263 0.00595767  0.0114541 0.00482952  0.0176361  0.0407567  0.0211017 -0.0423945 -0.427798  -0.21165  -9.79738 
             54.1004 -0.507008  0.547111 -0.191041 0.00623893  0.0170191 -0.0273986  -0.0766522    0.152491 -0.00217382 -0.0110906  -0.022888  0.0440111   0.0247129   0.0108008 -0.00590748  0.0115437 0.00486007  0.0175994  0.0406398  0.0212102 -0.0420184 -0.427804 -0.211702  -9.79738 
             54.2006 -0.416313  0.628618 -0.184695 0.00276788  0.0159122 -0.0238892  -0.0768024    0.152764 -0.00208297 -0.0110921 -0.0228862  0.0440098   0.015848 0.00698765 0.00200054  0.0114895 0.00481247  0.0175948  0.0409336  0.0213092 -0.0422957 -0.427852 -0.211679  -9.79738 
             54.3005 -0.438297  0.588203 -0.211312  0.0012375  0.0161285 -0.0238021  -0.0768648    0.152932 -0.00202198 -0.0110921 -0.0228863  0.0440101  0.0125098 0.00924725 0.00223563  0.0114997 0.00483859  0.0176126  0.0410826  0.0213324 -0.0422905  -0.42788 -0.211668  -9.79738 
             54.4004 -0.421174  0.612532 -0.116358 0.00317713   0.014241 -0.0239011  -0.0770124    0.152848 -0.00213002 -0.0110942 -0.0228874  0.0440101   0.015634 0.00471507 0.00101968   0.011491 0.00482602  0.0175549  0.0410314  0.0214661 -0.0422764 -0.427888 -0.211699  -9.79738 
             54.5006 -0.398906  0.552257 -0.118311 -0.000422442    0.0162786   -0.0244969  -0.0769784    0.153156 -0.00193916 -0.0110937 -0.0228859   0.044011   0.00731482    0.0102132 -0.000475652  0.0114788 0.00485848  0.0175547  0.0412875   0.021384 -0.0422314 -0.427923 -0.211658  -9.79738 
             54.6004  -0.452688   0.561983 -0.0818548 -0.000412579    0.0163889   -0.0259171  -0.0770473     0.15319 -0.00195792 -0.0110942 -0.0228854  0.0440108  0.0074799   0.011003 -0.0035966  0.0115101 0.00485588  0.0175332  0.0413101  0.0214317 -0.0421427 -0.427936 -0.211669  -9.79737 
             54.7005 -0.387671  0.604649 -0.200365 0.000555715   0.0177356  -0.0243982   -0.077025    0.153171 -0.00194797 -0.0110947  -0.022885  0.0440108   0.0106339   0.0120685 0.000239267  0.0114714 0.00482981  0.0176008   0.041319  0.0214251 -0.0422746 -0.427932 -0.211661  -9.79737 
             54.8006 -0.401153  0.617399 -0.192997 0.000687924   0.0185113  -0.0225846  -0.0770493      0.1532 -0.00193361  -0.011095 -0.0228852  0.0440106  0.0118533   0.012203 0.00356276  0.0114786 0.00482482   0.017597 0.0413741 0.0214502 -0.042401 -0.427941 -0.211656  -9.79737 
             54.9006 -0.488017  0.591187  -0.18468 0.000496716   0.0167093  -0.0277817  -0.0772612    0.153284 -0.00202344 -0.0110946 -0.0228819  0.0440092   0.0114536   0.0110432 -0.00810161 0.0115283 0.0048393  0.017592  0.0413981  0.0215949 -0.0420218 -0.427968 -0.211694  -9.79737 
             55.0005  -0.41938  0.555577 -0.102599 -0.00231465   0.0147506  -0.0269183  -0.0774382    0.153425 -0.00201642 -0.0110948 -0.0228806    0.04401  0.00624213  0.00649834 -0.00507876  0.0114878 0.00486181  0.0175464 0.0415738 0.0217341 -0.042131 -0.428008 -0.211699  -9.79737 
             55.1006 -0.482416  0.580303 -0.152082 -0.000400853    0.0137227   -0.0285307  -0.0775371    0.153347 -0.00211428 -0.0110949 -0.0228804  0.0440093   0.0109903  0.00605018 -0.00708061  0.0115239 0.00484851  0.0175741  0.0415004  0.0218249 -0.0420578 -0.428006 -0.211724  -9.79737 
             55.2006 -0.455039  0.605998 -0.152469 -0.00239369   0.0135252  -0.0267555  -0.0775891    0.153479 -0.00204877 -0.0110956 -0.0228804  0.0440086  0.00845378  0.00656857 -0.00260609  0.0115077 0.00483187  0.0175736  0.0416589  0.0218638 -0.0422273 -0.428032 -0.211711  -9.79737 
             55.3004   -0.415644     0.60065 -0.00759391 -0.00331342   0.0148585  -0.0262593  -0.0775539    0.153569 -0.00197582 -0.0110945 -0.0228787  0.0440082  0.00635351  0.00873598 -0.00183866  0.0114853 0.00484131  0.0174914   0.041749  0.0218267 -0.0422858 -0.428043 -0.211695  -9.79737 
             55.4004 -0.440307  0.599426 -0.242745 0.00123216  0.0182799 -0.0266798  -0.0774088    0.153416 -0.00200223 -0.0110954 -0.0228763  0.0440086   0.0159044   0.0153479 -0.00237148  0.0114986 0.00483844  0.0176277  0.0415834  0.0217218 -0.0422804 -0.428006 -0.211689  -9.79737 
             55.5005 -0.485348  0.575773 -0.160244 0.00104338  0.0182996 -0.0285462 -0.0775094   0.153498  -0.002007 -0.0110954 -0.0228763  0.0440086   0.0156009   0.0155833 -0.00675655 0.0115263 0.0048554 0.0175812  0.0416532  0.0217933 -0.0421692 -0.428026 -0.211703  -9.79737 
             55.6006 -0.407551  0.589332 -0.146575 0.00213433  0.0172441 -0.0273933  -0.0776327    0.153474 -0.00207458 -0.0110954 -0.0228755  0.0440096   0.0162578  0.00991581 -0.00366916   0.011481 0.00485073  0.0175712  0.0416671   0.021922 -0.0422898 -0.428035 -0.211718  -9.79737 
             55.7006 -0.450163  0.603516 -0.203551  0.0020042  0.0177945 -0.0256943  -0.0776669    0.153545 -0.00203497 -0.0110956 -0.0228763  0.0440094   0.0164862   0.0116902 0.000404487  0.0115053 0.00483809   0.017604  0.0417653   0.021956 -0.0424299 -0.42805 -0.21171 -9.79737 
             55.8005 -0.427792  0.550217 -0.228641 -0.000965412    0.0190684   -0.0261653  -0.0776954     0.15377 -0.00189351 -0.0110962 -0.0228778  0.0440109   0.00809237    0.0136921 -0.000811013   0.011491 0.00487478  0.0176205  0.0419805  0.0219406 -0.0423905 -0.428086 -0.211694  -9.79737 
             55.9004 -0.422103  0.542247 -0.155087 -0.00156677    0.018275  -0.0277974   -0.077826     0.15382 -0.00192629 -0.0110969 -0.0228778  0.0440112  0.00630246   0.0116482 -0.00431752   0.011489 0.00487524  0.0175751  0.0420277  0.0220437 -0.0422808 -0.428106 -0.211715  -9.79737 
             56.0006 -0.472463  0.611591  -0.12449 -0.00544052   0.0185869  -0.0281803  -0.0779062    0.154038 -0.00181383 -0.0110968  -0.022876  0.0440098  0.00155968   0.0139901 -0.00468046  0.0115179 0.00483501  0.0175591  0.0422467  0.0220866 -0.0422813 -0.428145 -0.211704  -9.79736 
             56.1006 -0.478146  0.564843 -0.154125 -0.00215595   0.0173578  -0.0292836  -0.0780256    0.153848 -0.00201154 -0.0110971 -0.0228762  0.0440088  0.00824244   0.0106353 -0.00608954  0.0115194 0.00486453  0.0175752  0.0420729  0.0222253 -0.0422386 -0.428131 -0.211746  -9.79736 
             56.2005 -0.440781  0.555624 -0.134005 -0.00517946   0.0169099  -0.0264004  -0.0781098    0.153974 -0.00193701 -0.0110968 -0.0228749  0.0440092  0.00286697  0.00978905 0.000293075  0.0114983 0.00486423  0.0175635  0.0422647  0.0223031 -0.0424759 -0.428166 -0.211731  -9.79736 
             56.3006 -0.406271  0.592769 -0.179412 -0.00419799   0.0157761  -0.0249418  -0.0782015    0.153896 -0.00202672 -0.0110965 -0.0228741  0.0440101 0.00778563 0.00600521 0.00258669  0.0114775 0.00484663  0.0175921  0.0422279  0.0224115 -0.0425723 -0.428168 -0.211748  -9.79736 
             56.4006 -0.403986  0.603955 -0.130875 -0.000311314    0.0141906   -0.0253171  -0.0782933    0.153723 -0.00219569  -0.011097 -0.0228749  0.0440113  0.0155097 0.00167496 0.00117334  0.0114755 0.00484327  0.0175621  0.0420599   0.022526 -0.0425293 -0.428151 -0.211783  -9.79736 
             56.5005  -0.432036   0.615213 -0.0769536 -0.00313409   0.0121104  -0.0254026   -0.078439    0.153909 -0.00215944 -0.0110975 -0.0228733  0.0440102   0.0097194 0.000329741 0.000148253  0.0114919 0.00483231  0.0175293  0.0422593  0.0226338 -0.0425101 -0.428193 -0.211787  -9.79736 
             56.6006    -0.400195     0.572112 -0.000390261 -0.00190831   0.0129211   -0.025734  -0.0784065     0.15391 -0.00214252 -0.0110972 -0.0228734  0.0440102     0.01255  0.00298222 -0.00187317  0.0114744 0.00485642  0.0174858  0.0422509  0.0226006 -0.0424839  -0.42819 -0.211783  -9.79736 
             56.7005 -0.462332  0.588095 -0.042833 -0.0026409   0.014741 -0.0272963  -0.0783531     0.15404 -0.00204347 -0.0110976 -0.0228729   0.044011   0.0105478  0.00856995 -0.00597102  0.0115077 0.00485172  0.0175104  0.0423502  0.0225305 -0.0423847 -0.428204  -0.21177  -9.79736 
             56.8004   -0.50433   0.567431 -0.0768832 -0.00442543   0.0140512  -0.0290861  -0.0784541    0.154176 -0.00203689 -0.0110974  -0.022873  0.0440105  0.00583876  0.00913006 -0.00850503  0.0115314 0.00486354    0.01753  0.0424713  0.0226087 -0.0422942  -0.42823 -0.211782  -9.79736 
             56.9006 -0.472675   0.57252 -0.018908 -0.00188188   0.0127788   -0.028664   -0.078562    0.154067 -0.00217086 -0.0110974  -0.022873  0.0440105  0.0128216 0.00647435 -0.0068195  0.0115149 0.00485829   0.017496  0.0423752  0.0227312 -0.0423782 -0.428215 -0.211801  -9.79736 
             57.0006 -0.425757  0.621557 -0.154634 -0.00606526    0.012828  -0.0264773  -0.0785661     0.15428 -0.00202249 -0.0110988 -0.0228768  0.0440089  0.00515738  0.00682236 -0.00126732  0.011486 0.0048321 0.0175773  0.0426533  0.0227484 -0.0425661  -0.42826 -0.211792  -9.79736 
             57.1005  -0.550844   0.668203 -0.0665131 -0.00343454   0.0112529   -0.028328   -0.078706    0.154198 -0.00218253 -0.0110981 -0.0228762  0.0440084    0.012754  0.00646859 -0.00513566  0.0115584 0.00480815  0.0175255  0.0425383  0.0228807 -0.0424499 -0.428244  -0.21182  -9.79736 
             57.2006  -0.414737    0.58352 -0.0333345 -0.00411082   0.0113611  -0.0263327   -0.078707    0.154251 -0.00213303 -0.0110972 -0.0228746  0.0440092    0.0101456   0.00553484 -0.000538317  0.0114773 0.00485667  0.0175064 0.0426374 0.0229047 -0.042615 -0.428257 -0.211815  -9.79736 
             57.3005 -0.438405   0.63345 -0.134038 -0.00355125   0.0118961  -0.0268555  -0.0787152    0.154285 -0.00212128 -0.0110971  -0.022875   0.044009   0.0125815  0.00762329 -0.00228551  0.0114911 0.00482499  0.0175618  0.0426671  0.0229115 -0.0425818 -0.428263 -0.211819  -9.79736 
             57.4005 -0.423061  0.590251 -0.154673 -0.00512746   0.0132935   -0.026888  -0.0786842    0.154412 -0.00201762 -0.0110974 -0.0228759  0.0440095  0.00920854   0.0103895 -0.00274255  0.0114826 0.00484971  0.0175743  0.0428072  0.0228741 -0.0425904 -0.428286 -0.211812  -9.79736 
             57.5006  -0.412502   0.670721 -0.0314113 -0.00798314    0.012326  -0.0236185  -0.0787521    0.154553 -0.00196772 -0.0110992 -0.0228735  0.0440088 0.00601801 0.00770923 0.00372139  0.0114772 0.00480438  0.0175044  0.0429999  0.0229686 -0.0428219  -0.42831 -0.211814  -9.79736 
             57.6005  -0.51168  0.624966 -0.051066 -0.00104634   0.0118172  -0.0284031  -0.0788651    0.154304 -0.00222109 -0.0111008 -0.0228724  0.0440062  0.0205287 0.00844258 -0.0081025 0.0115317 0.0048322 0.0175179  0.0426652   0.023062 -0.0424709  -0.42827 -0.211853  -9.79736 
             57.7005 -0.401999  0.631231 -0.104466 -0.00270023   0.0116989  -0.0255343  -0.0788841    0.154438 -0.00213494 -0.0111003 -0.0228716  0.0440067   0.015633 0.00660466 -0.0016728  0.0114676 0.00482974  0.0175485  0.0428614  0.0231038 -0.0427065 -0.428294 -0.211846  -9.79736 
             57.8006  -0.441738    0.59224 -0.0931968 -0.00162834   0.0117618  -0.0250602  -0.0789199    0.154455 -0.00214578 -0.0111001 -0.0228717  0.0440068   0.0166232  0.00799085 0.000283691  0.0114912 0.00485143  0.0175396  0.0428877  0.0231437 -0.0427408 -0.428297  -0.21185  -9.79735 
             57.9006  -0.41137  0.567709 -0.173013 -0.000984292    0.0133333   -0.0267234  -0.0788989    0.154521 -0.00209603 -0.0111012 -0.0228727   0.044007   0.0161735   0.0110867 -0.00386063   0.011472 0.00486606  0.0175869  0.0429342  0.0231036 -0.0426245 -0.428308 -0.211849  -9.79735 
             58.0005  -0.358811   0.574758 -0.0263743 -2.01222e-05    0.0128285   -0.0235444  -0.0789479    0.154521 -0.00212173 -0.0111017 -0.0228713  0.0440076  0.0176018  0.0068896 0.00259774  0.0114437 0.00486334  0.0175012  0.0429739  0.0231828 -0.0428584 -0.428307 -0.211851  -9.79735 
             58.1006 -0.433133  0.610918 -0.149399 0.00466124  0.0140747 -0.0258702  -0.0789515    0.154425 -0.00218987 -0.0111011 -0.0228696  0.0440079   0.0254985  0.00972083 -0.00346104  0.011485 0.0048446 0.0175718  0.0428301   0.023173 -0.0426852  -0.42829 -0.211859  -9.79735 
             58.2006 -0.371926   0.63036 -0.103637 0.00198358  0.0160068 -0.0242587  -0.0788915    0.154644 -0.00200216 -0.0111014 -0.0228689  0.0440061   0.0171798   0.0118379 4.49941e-05  0.0114493 0.00483336  0.0175444  0.0430955  0.0231111 -0.0428069 -0.428326  -0.21184  -9.79735 
             58.3005  -0.378981   0.597071 -0.0587382 0.00169914  0.0172746 -0.0225488  -0.0788768     0.15472 -0.00193906 -0.0111012 -0.0228683  0.0440061  0.0147241  0.0127773 0.00294339  0.0114541 0.00485037  0.0175175 0.0432016 0.0231091 -0.042916 -0.428339 -0.211834  -9.79735 
             58.4006 -0.353131  0.605722  -0.16302 0.00260469  0.0168888 -0.0212231  -0.0789449    0.154728 -0.00197741 -0.0111005 -0.0228683  0.0440063   0.016267 0.00974029 0.00441315  0.0114396 0.00484353  0.0175768  0.0432322  0.0231932 -0.0429782 -0.428345 -0.211846  -9.79735 
             58.5005 -0.376218  0.627454  -0.29744 0.00387945  0.0141183 -0.0211643  -0.0791283    0.154723 -0.00210598 -0.0110963 -0.0228678   0.044006  0.0195928 0.00340251 0.00249853  0.0114518 0.00483062  0.0176569 0.0432376  0.023381 -0.042942 -0.428354 -0.211877  -9.79735 
             58.6004 -0.501983  0.615468 -0.069414 0.00503501  0.0102207 -0.0250771  -0.0793922    0.154754 -0.00224888 -0.0110995 -0.0228647  0.0440022   0.0211561  -0.0001746 -0.00687039  0.0115224 0.00484157  0.0175293   0.043233  0.0235954 -0.0426478  -0.42837 -0.211915  -9.79735 
             58.7006 -0.402577   0.66124 -0.143591 0.00395535  0.0125888 -0.0253849 -0.0792924   0.154929 -0.0020557 -0.0110993 -0.0228648  0.0440009   0.0166581  0.00504641 -0.00609764   0.011464 0.00481834  0.0175714 0.0434142 0.0234688 -0.042663  -0.42839 -0.211885  -9.79735 
             58.8005 -0.488539  0.591138 -0.209557  0.0053741    0.01303 -0.0292284  -0.0793521    0.154974 -0.00206942 -0.0111001 -0.0228631  0.0440008  0.0173542 0.00878547 -0.0124826 0.0115133 0.0048555  0.017608  0.0434117  0.0234847 -0.0424391 -0.428398  -0.21189  -9.79735 
             58.9005 -0.558608  0.604557 -0.305837 0.00739907  0.0137488 -0.0319539  -0.0793892    0.154978 -0.00209087    -0.0111 -0.0228621  0.0440005  0.0210374  0.0126407 -0.0168324  0.0115515 0.00484655   0.017664 0.0433973  0.023507 -0.042341   -0.4284 -0.211896  -9.79735 
             59.0006 -0.440301  0.604501 -0.213957 0.00365127  0.0144415 -0.0280229  -0.0793993    0.155184 -0.00191106 -0.0110992 -0.0228575      0.044    0.012654   0.0122427 -0.00634197  0.0114848 0.00484772  0.0176123  0.0437045  0.0235261 -0.0427078 -0.428433 -0.211866  -9.79735 
             59.1006 -0.404512  0.613537  -0.23112 0.00184087  0.0143574 -0.0280009  -0.0794824    0.155297 -0.00186354 -0.0110992 -0.0228567  0.0440001 0.00902593  0.0106925 -0.0057659  0.0114622 0.00484644   0.017623  0.0438485   0.023586 -0.0427407 -0.428458 -0.211861  -9.79735 
             59.2005 -0.466822  0.690539  -0.23862 0.000398097   0.0162292  -0.0261119  -0.0794726    0.155404 -0.00176566 -0.0111002  -0.022856  0.0439987  0.00753664   0.0142124 -0.00101474  0.0114973 0.00480302  0.0176261  0.0439882  0.0235605 -0.0429002 -0.428469 -0.211835  -9.79735 
             59.3006 -0.454203  0.603068 -0.118287 0.000860994    0.015023  -0.0261413  -0.0795998    0.155366 -0.00185376 -0.0111026 -0.0228565  0.0439987  0.00830794   0.0108527 -0.00134916  0.0114905 0.00485269  0.0175562   0.043982  0.0236934 -0.0428959 -0.428485 -0.211857  -9.79735 
             59.4005 -0.377844  0.622956 -0.156242 0.000526446    0.015525  -0.0241453  -0.0796305    0.155399 -0.00182931 -0.0111025 -0.0228549  0.0439989 0.00848979  0.0102045 0.00252253  0.0114452 0.00483951  0.0175777  0.0440568  0.0237263 -0.0430314 -0.428493 -0.211847  -9.79735 
             59.5005 -0.415744  0.649279 -0.112828 -0.00343303   0.0153307  -0.0235296 -0.0797427   0.155599 -0.0017296 -0.0111028  -0.022853  0.0439988 0.00258198   0.010893 0.00308392  0.0114661 0.00482375  0.0175553 0.0442973 0.0237865 -0.043045 -0.428534 -0.211827  -9.79734 
             59.6006 -0.435329  0.613142 -0.118673 -0.0040414  0.0132588 -0.0238694  -0.0799044    0.155592 -0.00182093 -0.0111034 -0.0228527  0.0439983 0.00391352 0.00692513 0.00140932  0.0114782 0.00484837   0.017557 0.0443146  0.023946  -0.04299 -0.428557 -0.211851  -9.79734 
             59.7005  -0.37035  0.664373 0.0326877 -0.00909095   0.0124761  -0.0221211  -0.0799986    0.155804 -0.00172018 -0.0111041 -0.0228481  0.0439973 -0.00402888  0.00522438  0.00482238  0.0114438 0.00482009  0.0174722 0.0445852 0.0240109 -0.043083 -0.428599 -0.211832  -9.79734 
             59.8005 -0.403984  0.599753 -0.128868 -0.00551359   0.0111431  -0.0234958  -0.0800825    0.155623 -0.00188795 -0.0111026 -0.0228455  0.0439957  0.00524563  0.00230099 0.000281607  0.0114629 0.00485559  0.0175639  0.0443728  0.0241176 -0.0429566 -0.428582 -0.211868  -9.79734 
             59.9006  -0.447192   0.618852 -0.0722451 -0.00269779   0.0111908   -0.026444  -0.0801118    0.155541 -0.00195274 -0.0111024 -0.0228437  0.0439953   0.0123472  0.00457525 -0.00636427 0.0114871 0.0048443 0.0175307  0.0442522  0.0241414 -0.0427559 -0.428575 -0.211884  -9.79734 
             60.0005   -0.46416   0.625683 -0.0876496 -0.0063132 0.00903335 -0.0254978  -0.0802401    0.155729 -0.00192964 -0.0111021 -0.0228453  0.0439948 0.00593325 0.00225932 -0.0039006 0.0114967 0.0048417 0.0175402  0.0444839  0.0242607 -0.0428479 -0.428611  -0.21189  -9.79734 
             60.1005 -0.514508  0.628065 -0.135597 -0.00531688  0.00799434  -0.0271008  -0.0803203    0.155716 -0.00199337 -0.0111012 -0.0228443  0.0439942  0.00924882   0.0033741 -0.00694284  0.0115232 0.00484286   0.017568  0.0444557  0.0243343 -0.0427605 -0.428613 -0.211903  -9.79734 
             60.2006   -0.431454    0.634568 0.000816039 -0.0082816 0.00823229 -0.0258519  -0.0803051    0.155872 -0.00188901 -0.0111009 -0.0228423  0.0439935  0.00381405  0.00470952 -0.00334496  0.0114756 0.00484088  0.0174919  0.0446539  0.0243252 -0.0428796 -0.428638 -0.211895  -9.79734 
             60.3005 -0.489739   0.61202 -0.113492 -0.00519539   0.0109634  -0.0285891  -0.0802266    0.155796 -0.00188528 -0.0111018 -0.0228413  0.0439935   0.0101846   0.0125048 -0.00832925  0.0115053 0.00485474   0.017558  0.0445278  0.0242334 -0.0427209 -0.428623 -0.211889  -9.79734 
             60.4006   -0.491922     0.59799 -0.00991007 -0.00423923   0.0121213  -0.0293217  -0.0802365      0.1558 -0.00188983 -0.0111018 -0.0228414  0.0439935   0.0112252   0.0152064 -0.00760423  0.0115054 0.00486227  0.0175001  0.0445333  0.0242435 -0.0427239 -0.428624 -0.211891  -9.79734 
             60.5006  -0.43263  0.612331 0.0865503 -0.00718946   0.0126772  -0.0267059  -0.0802481    0.155943 -0.00180852 -0.0111014 -0.0228369  0.0439937   0.00533436    0.0150782 -0.000296017  0.0114739 0.00485587  0.0174452 0.0447484 0.0242798 -0.042942 -0.428649 -0.211886  -9.79734 
             60.6005  -0.424402    0.62569 -0.0994827 -0.00259919   0.0169292  -0.0257368  -0.0801382    0.155769 -0.00180213 -0.0111028 -0.0228343  0.0439937  0.0157097  0.0210778 0.00100184  0.0114681 0.00484859  0.0175544  0.0445796  0.0241714 -0.0430148 -0.428623 -0.211864  -9.79734 
             60.7004  -0.396295    0.61215 -0.0318913 -0.00150942   0.0158637   -0.025706  -0.0802905    0.155789 -0.00191244 -0.0111023 -0.0228344  0.0439947   0.0169662   0.0159056 0.000367602 0.0114521   0.00486 0.0175176  0.0445909  0.0243264 -0.0429997 -0.428622 -0.211887  -9.79734 
             60.8004 -0.450446   0.65771  -0.12823 -0.00130661   0.0190851  -0.0253319 -0.0802087   0.155867  -0.001818 -0.0111035 -0.0228358  0.0439944   0.0162597   0.0212545 0.000638606  0.0114819 0.00483558  0.0175735 0.0446787 0.0242483 -0.043019 -0.428636 -0.211878  -9.79734 
             60.9006 -0.468321  0.640995 -0.153418 0.00107585  0.0181911 -0.0264944  -0.0803701     0.15585 -0.00196169 -0.0111018 -0.0228349  0.0439937   0.0198133   0.0178586 -0.00194953  0.0114914 0.00484559  0.0175858  0.0446326  0.0244055 -0.0429299 -0.428628 -0.211903  -9.79734 
             61.0005 -0.378474  0.635912 0.0505883 -0.00582239   0.0201371  -0.0253389  -0.0802975    0.156233 -0.00174158 -0.0110988 -0.0228264  0.0439928  0.00467141   0.0198333 0.000709334  0.0114403 0.00484737  0.0174686  0.0450698   0.024356 -0.0430061 -0.428686 -0.211903  -9.79734 
             61.1004 -0.371553  0.627308  -0.18297 -0.00168724   0.0212596  -0.0246652  -0.0803496    0.156064 -0.00185501  -0.011097 -0.0228234  0.0439928  0.0149337  0.0179968 0.00152977  0.0114346 0.00485083  0.0176028  0.0449049  0.0244167 -0.0430484 -0.428663 -0.211907  -9.79734 
             61.2006 -0.417962  0.628063 -0.034055 -0.000158587    0.0182917   -0.0258104 -0.0805863    0.15607 -0.0020481 -0.0110995 -0.0228242  0.0439916    0.018489   0.0110786 -0.00156348  0.0114618 0.00485389  0.0175184  0.0448793  0.0246526 -0.0429545 -0.428661 -0.211945  -9.79734 
             61.3004  -0.501407   0.645829 -0.0530303 -0.00322478   0.0156687  -0.0283438 -0.0807636   0.156316  -0.002076 -0.0110999 -0.0228221  0.0439899  0.0118681 0.00921551 -0.0059997  0.0115071 0.00484713  0.0175318 0.0450949 0.0248193 -0.042784 -0.428695 -0.211976  -9.79733 
             61.4006 -0.463624  0.634334 -0.021718 -0.00144087   0.0147853  -0.0279444  -0.0808412    0.156277 -0.00215811 -0.0111004 -0.0228225  0.0439896   0.0143553  0.00710682 -0.00343963  0.0114843 0.00485547   0.017515 0.0450646 0.0249115 -0.042849 -0.428689 -0.211987  -9.79733 
             61.5006 -0.438298  0.633664 -0.021182 -0.00440212   0.0213566  -0.0269898  -0.0805442    0.156481 -0.00182386 -0.0110994 -0.0228217  0.0439887  0.00673944   0.0207596 -0.00129119  0.0114702 0.00485243  0.0175132  0.045325  0.024608 -0.042941  -0.42872 -0.211943  -9.79733 
             61.6005 -0.384691  0.594293 -0.205671 -0.00393772   0.0219055  -0.0245666 -0.0806007   0.156461 -0.0018682 -0.0110967 -0.0228207  0.0439894 0.00925993  0.0178556 0.00308079  0.0114386 0.00487399   0.017618  0.0453513  0.0246856 -0.0431097 -0.428717 -0.211948  -9.79733 
             61.7006  -0.458488   0.593372 -0.0198281 -0.00355275   0.0189696  -0.0256159 -0.0808358   0.156484 -0.0020325 -0.0110994 -0.0228213  0.0439883    0.0109565    0.0119194 -0.000278021  0.0114813 0.00487973  0.0175131   0.045349  0.0249194 -0.0430111  -0.42872 -0.211984  -9.79733 
             61.8006    -0.46425    0.613192 -0.00536051 -0.00660004   0.0156315  -0.0270278  -0.0810369    0.156671 -0.00209952 -0.0111007   -0.02282  0.0439877 0.00489152 0.00609591 -0.0032288  0.0114817 0.00487223  0.0175069  0.0455264  0.0251248 -0.0429055 -0.428748 -0.212017  -9.79733 
             61.9005 -0.457048  0.595011 0.0269514 -0.00297305   0.0142164  -0.0269506  -0.0811463    0.156532 -0.00224355 -0.0111019 -0.0228216  0.0439876   0.0118007  0.00326771 -0.00229803  0.0114783 0.00488236  0.0174876  0.0453687  0.0252417 -0.0429323 -0.428726 -0.212031  -9.79733 
             62.0006 -0.347446  0.588298 0.0698871 -0.0048342  0.0149803 -0.0255014  -0.0810927    0.156646 -0.00214375 -0.0111014 -0.0228191  0.0439866 0.00721456 0.00417845 0.00132537  0.0114146 0.00488395  0.0174627  0.0455351  0.0252011 -0.0430403 -0.428746 -0.212024  -9.79733 
             62.1005   -0.4622  0.603451 -0.120904 -0.00333756   0.0147512  -0.0269789   -0.081143    0.156645 -0.00219065 -0.0111002 -0.0228183  0.0439863   0.0116095  0.00644879 -0.00189952  0.0114796 0.00487378  0.0175727 0.0455004 0.0252456 -0.042939 -0.428743 -0.212033  -9.79733 
             62.2005 -0.421723  0.590804 -0.120383 -0.00222655   0.0185799  -0.0269309  -0.0809925    0.156648 -0.00206385 -0.0111024 -0.0228189  0.0439861   0.0128951   0.0142346 -0.00144758  0.0114544 0.00488349  0.0175739  0.0455185  0.0250823 -0.0429596 -0.428749 -0.212011  -9.79733 
             62.3005 -0.495647  0.654249 -0.167089 -0.00233695   0.0137503  -0.0271267  -0.0812725    0.156712 -0.00226687 -0.0110987 -0.0228192  0.0439834   0.0144663  0.00496624 -0.00122935  0.0114977 0.00485136  0.0176011  0.0455737  0.0253931 -0.0429542 -0.428749 -0.212055  -9.79733 
             62.4005 -0.483078  0.611719 -0.123822 0.000670235   0.0122539  -0.0268607  -0.0813699    0.156638 -0.00238394 -0.0110988 -0.0228195   0.043983    0.0185769   0.00276673 -0.000547107  0.0114907 0.00487373  0.0175758  0.0454913  0.0255035 -0.0429805 -0.428736 -0.212067  -9.79733 
             62.5004 -0.395207  0.617758 -0.127386 -0.00177432   0.0139507  -0.0236967  -0.0812629    0.156801 -0.00220276 -0.0110986 -0.0228177  0.0439817  0.0115956  0.0064648 0.00674786  0.0114404 0.00486834  0.0175774 0.0457333 0.0254118 -0.043195 -0.428764 -0.212049  -9.79733 
             62.6004  -0.454331   0.632392 -0.0846526 -0.000912671    0.0149827   -0.0249064    -0.08126    0.156846 -0.00218415 -0.0110981 -0.0228172  0.0439817  0.0137796  0.0103628 0.00225781  0.0114735 0.00486097  0.0175536  0.0457531  0.0253946 -0.0430746 -0.428768 -0.212051  -9.79733 
             62.7006 -0.385241   0.63549 -0.093931  0.0009828  0.0178565 -0.0240667  -0.0811693    0.156835 -0.00212405 -0.0110976  -0.022817   0.043981  0.0171355  0.0143487 0.00353797  0.0114335 0.00486096  0.0175598 0.0457466 0.0253023 -0.043117 -0.428764 -0.212037  -9.79733 
             62.8005 -0.346119  0.588448 -0.167442 -0.00195458   0.0171808  -0.0222417  -0.0812505    0.157013 -0.00207535 -0.0110972 -0.0228174  0.0439821 0.00948143  0.0107741 0.00694434  0.0114104 0.00488904  0.0176038  0.0459707   0.025383 -0.0432078 -0.428791  -0.21204  -9.79733 
             62.9005 -0.395112  0.574119 -0.070643 0.000792391   0.0161352  -0.0239165  -0.0813617    0.156943 -0.00219793 -0.0110993 -0.0228187  0.0439813  0.0141152 0.00807144 0.00239126  0.0114381 0.00489914  0.0175488  0.0458627  0.0254916 -0.0430524 -0.428786 -0.212062  -9.79733 
             63.0006 -0.329441  0.640556  -0.04607 -0.00477178   0.0193364  -0.0219762  -0.0812282    0.157266 -0.00191619 -0.0110975 -0.0228145  0.0439778  0.0025062  0.0136132 0.00624836  0.0113991 0.00486056  0.0175348  0.0462368  0.0253411 -0.0431637 -0.428822 -0.212028  -9.79733 
             63.1005  -0.406724   0.628731 -0.0914105 -0.00479259   0.0173654  -0.0226988  -0.0813991    0.157274 -0.00203556 -0.0110974 -0.0228141  0.0439765 0.00458093 0.00936033 0.00390575  0.0114442 0.00486786  0.0175622  0.0462327  0.0255076 -0.0430775  -0.42883 -0.212051  -9.79733 
             63.2004  -0.348794   0.645017 -0.0616235 -0.00568345    0.018537  -0.0232227  -0.0813918    0.157353 -0.00198242 -0.0110973 -0.0228141  0.0439763 0.00418756  0.0100453 0.00110045 0.0114094  0.004859 0.0175466  0.0463051  0.0254828 -0.0430218 -0.428839 -0.212046  -9.79733 
             63.3005  -0.402056   0.667753 0.00195455 -0.0101169  0.0139028  -0.022447  -0.0816416    0.157538 -0.00206102 -0.0110995 -0.0228128  0.0439742 -0.00142592  0.00142189  0.00229402  0.0114392 0.00484858  0.0175117  0.0465224  0.0257437 -0.0430562 -0.428872 -0.212075  -9.79732 
             63.4005   -0.4453  0.652761 -0.192448 -0.00406614   0.0115213  -0.0247461  -0.0817937    0.157294 -0.00233097 -0.0110947 -0.0228046  0.0439722   0.0137547 -0.00150931  -0.0020832  0.0114619 0.00485788  0.0176234  0.0462027  0.0258985 -0.0428964 -0.428839 -0.212098  -9.79733 
             63.5006  -0.344974   0.616395 0.00580248 -0.00833988   0.0135337  -0.0227065  -0.0816357    0.157515 -0.00207321 -0.0110914 -0.0228001  0.0439723 0.00355729 0.00324403 0.00363054 0.0114057 0.0048797 0.0175123  0.0465045  0.0257541 -0.0430436 -0.428871 -0.212079  -9.79732 
             63.6005   -0.42093   0.595078 -0.0365088 -0.00619487   0.0130413  -0.0249246   -0.081718     0.15747 -0.00215424 -0.0110926 -0.0227996  0.0439711   0.0079485  0.00371193 -0.00142051 0.0114476 0.0048906 0.0175357  0.0464052  0.0258078 -0.0428829 -0.428865 -0.212085  -9.79732 
             63.7005  -0.473303   0.605493 -0.0562454 -0.00237754   0.0137722  -0.0260295  -0.0817295    0.157354 -0.00222126 -0.0110926 -0.0227988  0.0439709   0.0159164  0.00699702 -0.00305921  0.0114762 0.00488225  0.0175444  0.0462624  0.0258086 -0.0428299 -0.428849 -0.212084  -9.79733 
             63.8005 -0.425585  0.645881 -0.164501 -0.00196319   0.0141411  -0.0232807  -0.0816977    0.157379 -0.00218873 -0.0110935 -0.0227998  0.0439706  0.0171043 0.00727542 0.00338473  0.0114476 0.00485922  0.0176088  0.0463464  0.0258153 -0.0430365 -0.428853 -0.212086  -9.79733 
             63.9006  -0.464116   0.631905 -0.0501939 6.69858e-05   0.0134242  -0.0245846  -0.0817852    0.157379 -0.00225318 -0.0110939    -0.0228  0.0439705   0.0203655  0.00722609 4.68894e-05  0.0114693 0.00487089  0.0175461  0.0463191  0.0258891 -0.0429342 -0.428853 -0.212095  -9.79733 
             64.0005  -0.368135   0.631762 -0.0437689 -0.00375839   0.0138533  -0.0214084  -0.0817347    0.157599 -0.00209617 -0.0110937 -0.0227972  0.0439694  0.0104996 0.00671733 0.00709535  0.0114127 0.00487339  0.0175447  0.0466217  0.0258706 -0.0431398 -0.428883 -0.212092  -9.79732 
             64.1006  -0.449949   0.626817 -0.0254842 -0.00311457   0.0131583  -0.0232459  -0.0818233    0.157645 -0.00214071 -0.0110941 -0.0227969  0.0439693  0.0109989 0.00692605 0.00193049  0.0114574 0.00487566  0.0175342  0.0466294  0.0259404 -0.0429793 -0.428888 -0.212103  -9.79732 
             64.2006  -0.413667   0.622494 -0.0780323 -0.00358532   0.0129163  -0.0244667 -0.0818727   0.157735 -0.0021322 -0.0110941 -0.0227975  0.0439695   0.0104326  0.00717722 -0.00138674  0.0114347 0.00487624  0.0175648  0.0467057   0.025977 -0.0428886  -0.4289 -0.21211 -9.79732 
             64.3006 -0.380175  0.634859 -0.123203 -0.00721446   0.0122178  -0.0225939  -0.0818984    0.157918 -0.00205286 -0.0110941 -0.0227984  0.0439694 0.00475031 0.00559545 0.00294759  0.0114175 0.00486964  0.0175919  0.0469493  0.0260215 -0.0430191 -0.428925 -0.212114  -9.79732 
             64.4006  -0.38713  0.601049 -0.243388 -0.00233738   0.0161236  -0.0247815 -0.0817719   0.157776  -0.002039 -0.0110969 -0.0227953  0.0439685   0.0148579   0.0129968 -0.00143196  0.0114193 0.00489227    0.01766 0.0467376 0.0258714 -0.042872 -0.428904 -0.212098  -9.79732 
             64.5006  -0.31068  0.643042 -0.120169 -0.00176129    0.016774  -0.0212044  -0.0817494    0.157784 -0.00202131 -0.0110977 -0.0227932  0.0439685   0.015471 0.00997443 0.00687358  0.0113764 0.00487218  0.0175916  0.0468005  0.0258898 -0.0431197 -0.428904 -0.212096  -9.79732 
             64.6005  -0.376703   0.598943 -0.0902281 -0.00122057   0.0181514  -0.0216703  -0.0817467    0.157841 -0.00198732 -0.0110975 -0.0227924  0.0439688  0.0136575  0.0123078 0.00504751  0.0114134 0.00489559  0.0175735    0.04685    0.02587 -0.0430522 -0.428911 -0.212093  -9.79732 
             64.7006 -0.374975  0.576966 -0.181983 -0.00151026   0.0167374  -0.0229066  -0.0818828    0.157917 -0.00203328 -0.0110971 -0.0227926  0.0439686  0.0126085 0.00869942 0.00187998   0.011413 0.00490465  0.0176258  0.0469187  0.0259933 -0.0429411 -0.428926 -0.212107  -9.79732 
             64.8006  -0.386354   0.648564 -0.0576035 -0.00216585   0.0167814  -0.0221126 -0.0819101   0.157995 -0.0020063 -0.0110975 -0.0227917  0.0439681  0.0126608 0.00866333 0.00313791  0.0114207 0.00486637  0.0175563  0.0470209  0.0260256 -0.0429865 -0.428937 -0.212108  -9.79732 
             64.9005 -0.348907  0.549555  -0.17035  0.0027423  0.0162893 -0.0243274  -0.0819865    0.157854 -0.00214745 -0.0110981 -0.0227912  0.0439668    0.019851   0.0056056 -0.00172404  0.011398 0.0049273 0.0176212 0.0468209 0.0260978 -0.042829 -0.428922 -0.212123  -9.79732 
             65.0006  -0.389342   0.616915 -0.0608115 -0.00109246    0.015313  -0.0237144 -0.0820536   0.158088 -0.0020499 -0.0110983 -0.0227888  0.0439655  0.0101175 0.00571367 0.00115838  0.0114208 0.00488763  0.0175578   0.047105  0.0261581 -0.0428788 -0.428955 -0.212119  -9.79732 
             65.1006  -0.40884    0.6168 -0.184563 -0.0034049  0.0129481 -0.0219623  -0.0821683     0.15819 -0.00206271  -0.011098 -0.0227905  0.0439643 0.00652469 0.00101788 0.00425667  0.0114327 0.00488385   0.017628  0.0472694  0.0262924 -0.0429883 -0.428978  -0.21213  -9.79732 
             65.2006 -0.414414  0.605269 -0.186285 8.89257e-05   0.0128473  -0.0235187   -0.082192    0.158089 -0.00213897 -0.0110979 -0.0227893  0.0439639    0.014942  0.00223741 0.000930541  0.0114368 0.00489165  0.0176296  0.0471249  0.0263116 -0.0428677 -0.428965 -0.212137  -9.79732 
             65.3006 -0.358597  0.643956 -0.114934 -0.000501172    0.0114003   -0.0207957  -0.0822286    0.158136 -0.00213237 -0.0110989 -0.0227881  0.0439637   0.0138239 -0.00145575  0.00660692  0.0114057 0.00487302  0.0175896  0.0472337  0.0263778 -0.0430435 -0.428978 -0.212142  -9.79732 
             65.4006 -0.401194  0.620518 -0.173726 0.00204003   0.012459 -0.0234266  -0.0822131     0.15814 -0.00212489  -0.011099 -0.0227877  0.0439639   0.0173528  0.00259044 0.000542039  0.0114288 0.00488725  0.0176235  0.0471744  0.0263251 -0.0428368 -0.428971 -0.212137  -9.79732 
             65.5004  -0.429927   0.647771 -0.0729781 0.000293265    0.014154  -0.0222748  -0.0821468    0.158303 -0.00198587  -0.011098 -0.0227859  0.0439637  0.0130887 0.00778419 0.00314844  0.0114454 0.00487039  0.0175673  0.0473666  0.0262469 -0.0429155 -0.428985 -0.212118  -9.79732 
             65.6006   -0.38669   0.577256 -0.0369948 -0.000925566    0.0158642   -0.0223619  -0.0821128    0.158423 -0.00188864 -0.0110975 -0.0227847  0.0439644 0.00926836  0.0107048 0.00251613  0.0114208 0.00491085  0.0175491  0.0474938  0.0261896 -0.0428945 -0.428996 -0.212105  -9.79732 
             65.7006 -0.422958  0.635372 -0.162997 -0.0018409  0.0154165 -0.0231064  -0.0822037    0.158506 -0.00189051 -0.0110969 -0.0227856  0.0439642 0.00847076 0.00982571 0.00055982  0.0114392 0.00487786  0.0176209  0.0475806  0.0262619 -0.0428332 -0.429011 -0.212108  -9.79732 
             65.8005 -0.359499  0.643873 -0.199506 -0.00593451   0.0159006   -0.020884  -0.0822087      0.1587 -0.00176717 -0.0110978 -0.0227881  0.0439633 0.00117028 0.00894229 0.00555013   0.011405 0.00487234  0.0176406   0.047836  0.0262653 -0.0429759 -0.429036 -0.212098  -9.79732 
             65.9006 -0.349178  0.656023 -0.205863 -0.00239788   0.0169024  -0.0209639  -0.0821975    0.158565 -0.00184858 -0.0110975 -0.0227871  0.0439642  0.0102998 0.00877897 0.00409912  0.0113991 0.00486566  0.0176432  0.0476736  0.0262687 -0.0429441 -0.429019 -0.212105  -9.79732 
             66.0006  -0.272718   0.656696 -0.0757295 -0.00305375   0.0164878  -0.0178878  -0.0822121     0.15861 -0.00183094 -0.0110981 -0.0227846  0.0439645 0.00977051 0.00432646 0.00904918  0.0113575 0.00486669   0.017571  0.0477653  0.0263186 -0.0431225 -0.429026 -0.212107  -9.79732 
             66.1004 -0.323682  0.593605 -0.180678 -0.00314284   0.0164125  -0.0209589  -0.0822977    0.158692 -0.00182775 -0.0110997 -0.0227847   0.043965 0.00845643 0.00433021 0.00125591  0.0113852 0.00490513  0.0176302  0.0477966  0.0263393 -0.0428658 -0.429038 -0.212105  -9.79732 
             66.2006  -0.366446   0.633401 -0.0280739 -0.00660869   0.0138574  -0.0228151  -0.0824684    0.158858 -0.00180533  -0.011101 -0.0227809  0.0439645  0.00258378  3.9107e-05 -0.00259418  0.0114116 0.00488352  0.0175427  0.0479887  0.0264767 -0.0427355 -0.429071 -0.212108  -9.79732 
             66.3005  -0.342342   0.618742 -0.0963421 -0.00693094   0.0149788  -0.0210743  -0.0823838    0.158873 -0.00173984 -0.0111008 -0.0227813  0.0439648 0.00355144 0.00226816 0.00155086  0.0113973 0.00489033  0.0175813  0.0480408  0.0264162 -0.0428744 -0.429069 -0.212103  -9.79732 
             66.4006  -0.374617   0.626395 -0.0492196 -0.00464508   0.0135895  -0.0219074  -0.0824627    0.158797 -0.00185955 -0.0111013 -0.0227816  0.0439641    0.0100204 -9.21947e-05  -0.00048971 0.0114159 0.0048911 0.0175574  0.0479333  0.0265053 -0.0428169 -0.429063 -0.212115  -9.79732 
             66.5006  -0.415072   0.624773 -0.0725464 -0.00651105   0.0150127  -0.0229834  -0.0824327    0.158928 -0.00172034 -0.0111015 -0.0227813  0.0439649  0.00539042  0.00468369 -0.00223812  0.0114383 0.00489269  0.0175699  0.0480823  0.0264278 -0.0427535 -0.429079 -0.212099  -9.79732 
             66.6005 -0.421486  0.585495 -0.216593 -0.00347189   0.0128943  -0.0252053 -0.0825729   0.158844 -0.0018972 -0.0110986 -0.0227778  0.0439636   0.0119389  0.00114573 -0.00656828  0.0114418 0.00491231  0.0176501  0.0479394  0.0265734 -0.0426278  -0.42907 -0.212115  -9.79732 
             66.7004 -0.487422  0.626666  -0.09438 -0.0024113  0.0120466 -0.0254238  -0.0826102     0.15884 -0.00192992 -0.0110988 -0.0227783  0.0439631   0.0149384   0.0018861 -0.00598779  0.0114791 0.00489145  0.0175822  0.0479475  0.0266294 -0.0426607 -0.429071 -0.212122  -9.79732 
             66.8006  -0.39479  0.646453 -0.102922 -0.0039371  0.0134185 -0.0232652 -0.0825177   0.158929 -0.0017841 -0.0110997 -0.0227775  0.0439613   0.0101049    0.004903 0.000527062  0.0114262 0.00487907  0.0175851  0.0481199  0.0265552 -0.0428396 -0.429085 -0.212113  -9.79731 
             66.9005 -0.425082   0.61347  -0.07063 -0.00332476   0.0117693  -0.0240868 -0.0826198   0.158944  -0.001853 -0.0111002 -0.0227777  0.0439616    0.0121572   0.00371673 -0.000633963   0.011444 0.00489621  0.0175703  0.0481287  0.0266673 -0.0427861  -0.42909 -0.212125  -9.79731 
             67.0004  -0.391245   0.618771 -0.0657023 -0.0037464 0.00917401  -0.022714  -0.0827192    0.158969 -0.00190965 -0.0111004 -0.0227769  0.0439626   0.0111463 -0.00219198  0.00214256  0.0114246 0.00489818  0.0175679  0.0482035  0.0268081 -0.0428802 -0.429101 -0.212138  -9.79731 
             67.1005   -0.44126   0.665099 -0.0528115 -0.00538171  0.00956161   -0.022615  -0.0826963    0.159086 -0.00181995 -0.0111002 -0.0227764  0.0439618 0.00777398 0.00133941 0.00195046  0.0114557 0.00487044  0.0175586  0.0483494  0.0267738 -0.0428766 -0.429116 -0.212132  -9.79731 
              67.201 -0.440106  0.631405 -0.078739 -0.00115071    0.010109  -0.0245612  -0.0827039    0.158984 -0.00189796 -0.0111002  -0.022776  0.0439617   0.0176062  0.00350461 -0.00323637  0.0114551 0.00488921  0.0175758  0.0481755  0.0267714 -0.0427437 -0.429099 -0.212136  -9.79731 
             67.3005  -0.389317   0.633076 -0.0538468 -0.00535181   0.0123286  -0.0226678  -0.0825919    0.159196 -0.00167102 -0.0110997 -0.0227747  0.0439611 0.00681606 0.00760079 0.00161197  0.0114254 0.00489319  0.0175623   0.048492  0.0266504 -0.0428857 -0.429129 -0.212118  -9.79731 
             67.4006 -0.431154  0.595436 -0.191293 -0.00355244   0.0122329  -0.0244581  -0.0826498    0.159176 -0.00173904  -0.011099 -0.0227738  0.0439609  0.0109985 0.00816919 -0.0025135  0.0114493 0.00490936  0.0176391  0.0484286  0.0267059 -0.0427624 -0.429125 -0.212127  -9.79731 
             67.5005 -0.397196  0.616854 -0.179954 -0.000609301    0.0144871   -0.0247218  -0.0825964    0.159118 -0.00173397 -0.0110995 -0.0227732  0.0439606    0.016621   0.0108805 -0.00262444 0.0114296 0.0049023 0.0176333  0.048348 0.0266426 -0.042765 -0.429116 -0.212121  -9.79731 
             67.6004 -0.398007  0.583698 -0.144556 -0.00230187    0.014529  -0.0244073  -0.0826327    0.159231 -0.00168371 -0.0110992 -0.0227729  0.0439611   0.0110023  0.00993248 -0.00150469 0.0114308 0.0049185 0.0176111  0.0485095  0.0266844 -0.0427978 -0.429133 -0.212123  -9.79731 
             67.7006  -0.427235   0.637148 -0.0988257 0.00156955  0.0157237 -0.0247836  -0.0826343    0.159133 -0.00175381 -0.0110996 -0.0227739  0.0439615   0.0190962   0.0119049 -0.00134143  0.0114473 0.00489199  0.0175873  0.0483777  0.0266928 -0.0427846  -0.42912 -0.212127  -9.79731 
             67.8005  -0.372023   0.611512 -0.0753145 -0.00460416    0.015935  -0.0226414 -0.0826515   0.159404 -0.0015557 -0.0110989   -0.02277  0.0439614  0.0047403  0.0117828 0.00418723  0.0114169 0.00490497  0.0175731  0.0487859  0.0267111 -0.0429247  -0.42916 -0.212115  -9.79731 
             67.9006  -0.381148   0.583738 -0.0457757 -0.00604361   0.0140979  -0.0240193  -0.0827928    0.159479 -0.00161203 -0.0111002 -0.0227697  0.0439617 0.00311451 0.00736143 0.00020857 0.0114217 0.0049228 0.0175583  0.0488574  0.0268557 -0.0428055 -0.429174 -0.212131  -9.79731 
             68.0006   -0.39926   0.645678 -0.0282681 -0.00608361   0.0128669  -0.0223066  -0.0828573    0.159464 -0.00166774 -0.0111015   -0.02277  0.0439614 0.00489449 0.00383249  0.0035437  0.0114343 0.00488769  0.0175479  0.0488764  0.0269577 -0.0429161 -0.429178 -0.212141  -9.79731 
             68.1005  -0.394578   0.624251 -0.0568522 -0.0102113  0.0119908  -0.023419 -0.0829229   0.159662 -0.0015942 -0.0111017   -0.02277  0.0439612  -0.00138712   0.00267162 -0.000633304  0.0114307 0.00490002  0.0175648  0.0490994  0.0270051 -0.0428155 -0.429203 -0.212142  -9.79731 
             68.2006 -0.472858  0.650708 0.0334096 -0.00600598   0.0101929   -0.026448  -0.0830679    0.159526 -0.00179478 -0.0111029 -0.0227708    0.04396  0.00948199  0.00057554 -0.00762113  0.0114772 0.00488791  0.0175144  0.0488606  0.0271394 -0.0426219 -0.429182 -0.212159  -9.79731 
             68.3006   -0.4433  0.599817 0.0017751 -0.0087697  0.0127476 -0.0254614  -0.0829312    0.159643 -0.00159698 -0.0111032 -0.0227719  0.0439612  0.00315096  0.00665347 -0.00499931  0.0114578 0.00491505  0.0175325  0.0490678  0.0270008 -0.0427328 -0.429203 -0.212145  -9.79731 
             68.4006  -0.514676   0.630938 -0.0322458 -0.0071513  0.0113704 -0.0271849  -0.0830469    0.159619 -0.00171957  -0.011102 -0.0227703    0.04396  0.00797467  0.00570593 -0.00768478  0.0114973 0.00489939  0.0175532  0.0489921  0.0271269 -0.0426494 -0.429194 -0.212158  -9.79731 
             68.5004 -0.421081  0.614889 -0.145073 -0.00555264   0.0113402  -0.0257963  -0.0830447    0.159567 -0.00176058 -0.0111009 -0.0227686  0.0439605   0.0115516  0.00439923 -0.00369291   0.011445 0.00490746  0.0176145  0.0489626  0.0271665 -0.0427864 -0.429188 -0.212159  -9.79731 
             68.6006   -0.46777    0.63455 -0.0720659 -0.00488592   0.0110253  -0.0261384  -0.0830769    0.159588 -0.00177885 -0.0111008 -0.0227688  0.0439605   0.0128842   0.0053193 -0.00313391  0.0114727 0.00489903  0.0175727  0.0489862  0.0272131 -0.0427831 -0.429189 -0.212165  -9.79731 
             68.7005 -0.467791  0.645012 -0.111146 -0.00116991   0.0137059  -0.0248618  -0.0830033    0.159493 -0.00177599 -0.0111015 -0.0227681  0.0439607   0.0197947   0.0110497 0.000869487   0.011474 0.00489206  0.0175948  0.0488853   0.027127 -0.0428884 -0.429179 -0.212149  -9.79731 
             68.8006 -0.395596  0.628735  -0.17118 -0.00385959   0.0159327  -0.0223332 -0.0829191   0.159612 -0.0015807 -0.0111023 -0.0227691  0.0439598  0.0123242  0.0132936 0.00544847  0.0114327 0.00490438  0.0176295  0.0491335  0.0270478 -0.0430424 -0.429204 -0.212141  -9.79731 
             68.9006 -0.408687  0.626519  -0.18438 -0.00275218   0.0170336  -0.0230483  -0.0829423    0.159633 -0.00159069 -0.0111022 -0.0227694  0.0439599  0.0142984    0.01444 0.00249884  0.0114413 0.00490524  0.0176365  0.0491364   0.027063 -0.0429601 -0.429206 -0.212146  -9.79731 
             69.0005 -0.407492  0.658017 -0.172091 0.000338937   0.0174639  -0.0232338  -0.0829886    0.159577 -0.00167576 -0.0111023 -0.0227698  0.0439604  0.0200175  0.0127387 0.00124502  0.0114398 0.00489093  0.0176291  0.0490506  0.0271248 -0.0429305 -0.429199 -0.212154  -9.79731 
             69.1006 -0.438113  0.620116  -0.13509 -0.00131542   0.0137467  -0.0227412  -0.0831705    0.159673 -0.00174944 -0.0111036 -0.0227694  0.0439601  0.0155838 0.00523267 0.00124722  0.0114571 0.00490967  0.0176071  0.0492071  0.0273661 -0.0429428 -0.429219 -0.212178  -9.79731 
             69.2005  -0.464527   0.683526 -0.0917291 0.000384641   0.0110993  -0.0233079  -0.0832963    0.159656 -0.00186684 -0.0111052 -0.0227699  0.0439595   0.0197159 0.000269084 -0.00146471  0.0114717 0.00487879  0.0175839  0.0491849  0.0275326 -0.0428897 -0.429225   -0.2122  -9.79731 
             69.3005 -0.426191  0.635435 -0.104925 -0.00266597   0.0116848  -0.0219372  -0.0832804    0.159828 -0.00170132 -0.0111046 -0.0227683  0.0439601  0.0119618 0.00313386 0.00122723  0.0114506 0.00490213  0.0175919  0.0494531  0.0274927 -0.0429765 -0.429246 -0.212182  -9.79731 
             69.4006  -0.419307   0.610503 -0.0420325 -0.00243128   0.0122712   -0.022931  -0.0832868    0.159874 -0.00167091  -0.011105 -0.0227679  0.0439605   0.0109899  0.00445793 -0.00166298  0.0114456 0.00492121  0.0175587  0.0494966  0.0274793 -0.0428983 -0.429252 -0.212181  -9.79731 
             69.5005 -0.378145  0.622908 -0.132278 -0.00411291   0.0139922  -0.0230914 -0.0832559   0.159979 -0.0015468 -0.0111055 -0.0227687    0.04396  0.00748446  0.00837784 -0.00146084  0.011423  0.004911 0.0176094  0.0496495  0.0274094 -0.0428907 -0.429264 -0.212168  -9.79731 
             69.6005 -0.356782  0.601437 -0.124433 -0.00509119   0.0135668   -0.022381  -0.0832924    0.160016 -0.00153851 -0.0111052 -0.0227686  0.0439605   0.00459899   0.00507913 -0.000533688  0.0114118 0.00492795  0.0176042  0.0497321  0.0274686 -0.0429413 -0.429274 -0.212171  -9.79731 
             69.7006 -0.475917  0.621283 -0.101168 -0.000681011    0.0126533   -0.0283599  -0.0834098    0.159938 -0.00171492  -0.011104 -0.0227643  0.0439597  0.0151607 0.00619928  -0.013472   0.011479 0.00491487  0.0175913  0.0495006  0.0275642 -0.0425579 -0.429264 -0.212194  -9.79731 
             69.8005 -0.404839  0.619821 -0.023236 -0.00528433   0.0123103  -0.0262468  -0.0834012    0.160073 -0.00155112  -0.011104 -0.0227612  0.0439594  0.00419771  0.00425141 -0.00704609  0.0114403 0.00491886  0.0175462  0.0498211  0.0275948 -0.0427735 -0.429295 -0.212186   -9.7973 
             69.9005 -0.434327  0.607233 -0.175643 -0.0043325  0.0157489 -0.0253186  -0.0832927    0.160054 -0.00145629 -0.0111057 -0.0227622    0.04396  0.00693837   0.0112704 -0.00453771 0.0114557 0.0049235 0.0176334 0.0498217 0.0274544  -0.04288 -0.429289  -0.21217   -9.7973 
             70.0006 -0.457306  0.628078 -0.138797 -0.00292263   0.0145365   -0.027184  -0.0833901    0.160043 -0.00157556 -0.0111049 -0.0227616  0.0439597  0.00972078  0.00795866 -0.00813458  0.0114704 0.00491454  0.0176109  0.0497677  0.0275841 -0.0427819 -0.429288 -0.212186   -9.7973 
             70.1005  -0.419514   0.637207 -0.0707132 -0.00630504   0.0144955  -0.0238602  -0.0833648    0.160105 -0.00145539 -0.0111056 -0.0227597  0.0439588   0.00428486   0.00698882 -0.000432281  0.0114482 0.00490867  0.0175753  0.0500072  0.0276169 -0.0430399 -0.429311 -0.212182   -9.7973 
             70.2006 -0.445335  0.628084 -0.149908 -0.00366506   0.0159299  -0.0253413  -0.0833659    0.160072 -0.00150813 -0.0111056 -0.0227591  0.0439588 0.00900585 0.00931754 -0.0039544  0.0114617 0.00491669  0.0176185  0.0498925  0.0275953 -0.0429409 -0.429299 -0.212183   -9.7973 
             70.3006  -0.404321    0.64199 -0.0261823 -0.00663841   0.0151547  -0.0233514 -0.0833901   0.160145 -0.0014382 -0.0111063 -0.0227565  0.0439585   0.00452423   0.00712493 -6.09565e-05   0.011438 0.00490788  0.0175504  0.0500968  0.0276739 -0.0430824 -0.429321 -0.212186   -9.7973 
             70.4005   -0.40312   0.628963 -0.0192863 -0.0046984  0.0143169 -0.0213821  -0.0834185    0.160069 -0.00154286  -0.011107 -0.0227569  0.0439586 0.00953486 0.00392916  0.0040833  0.0114393 0.00491481   0.017545  0.0500236  0.0277667 -0.0432016 -0.429315 -0.212195   -9.7973 
             70.5005  -0.368531   0.601769 -0.0293935 -0.0042618  0.0125062 -0.0205507  -0.0834832    0.160072 -0.00161018  -0.011107 -0.0227568  0.0439591    0.0105578 -0.000891765    0.0040593  0.0114213 0.00493252  0.0175494   0.050042  0.0278803 -0.0432211 -0.429318 -0.212207   -9.7973 
             70.6006  -0.445958   0.653777 -0.0616045 -0.00748481   0.0111436  -0.0205687   -0.083526    0.160207 -0.00153147  -0.011107 -0.0227578  0.0439583   0.00475214 -0.000639103   0.00258317  0.0114634 0.00490169  0.0175679  0.0502583  0.0279381 -0.0431845 -0.429342 -0.212213   -9.7973 
             70.7005 -0.349072  0.639563 -0.110763 -0.0015989   0.012658 -0.0227044  -0.0835264    0.160097 -0.00164546 -0.0111071 -0.0227566  0.0439582   0.0167562  0.00106592 -0.00296535  0.0114069 0.00491363  0.0175961  0.0499819  0.0278778 -0.0430283 -0.429315 -0.212206   -9.7973 
             70.8005 -0.318312  0.663291 -0.129963 -0.00195208   0.0127947  -0.0201895   -0.083478    0.160123 -0.00157366 -0.0111078 -0.0227564  0.0439576   0.0153514 2.92317e-05  0.00206093  0.0113889 0.00489953  0.0176075  0.0501031  0.0278693 -0.0432035 -0.429325 -0.212206   -9.7973 
             70.9006  -0.429996   0.604813 -0.0688914 -0.000648664    0.0138709    -0.023065   -0.083497    0.160169 -0.00154239 -0.0111088 -0.0227544  0.0439583   0.0157764  0.00465306 -0.00461124  0.0114516 0.00493487  0.0175758  0.0501044  0.0278243 -0.0429982 -0.429329 -0.212201   -9.7973 
             71.0005 -0.374193   0.61812 -0.147951 0.00147634  0.0153819 -0.0223341  -0.0834481    0.160145 -0.00151794  -0.011109 -0.0227544  0.0439583    0.018073  0.00599973 -0.00287704  0.0114165 0.00492843    0.01762  0.0500894  0.0277736 -0.0430692 -0.429326 -0.212196   -9.7973 
             71.1006 -0.347717  0.685381 -0.157359 -0.00215795   0.0120877  -0.0197243  -0.0835104    0.160266 -0.00148235 -0.0111095 -0.0227553   0.043957  0.0110359 -0.0014477 0.00259259  0.0114008 0.00489134  0.0176258  0.0503727  0.0279503 -0.0432414 -0.429352 -0.212218   -9.7973 
             71.2006 -0.384498  0.682352  -0.13006 -0.000560619    0.0128229   -0.0216592 -0.0835271   0.160285 -0.0014705 -0.0111089 -0.0227548  0.0439571   0.0141861  0.00162159 -0.00221106  0.0114193 0.00489412  0.0176128  0.0503488  0.0279127 -0.0430938 -0.429352 -0.212211   -9.7973 
             71.3005  -0.285107   0.691935 -0.0840301 -0.00286019   0.0123962  -0.0186715  -0.0834837    0.160364 -0.00136142  -0.011109 -0.0227518  0.0439564   0.0103394 -0.00152649  0.00370941  0.0113665 0.00488942  0.0175874  0.0505623  0.0279184 -0.0432902 -0.429368 -0.212213   -9.7973 
             71.4005 -0.381433  0.667751 -0.186195 -4.46014e-06    0.0155627   -0.0194257  -0.0834058    0.160345 -0.00129627 -0.0111097 -0.0227514  0.0439571  0.0154478 0.00600949 0.00150104  0.0114202 0.00490436  0.0176461   0.050485  0.0277657 -0.0432197 -0.429358 -0.212196   -9.7973 
             71.5006 -0.373644  0.610384 -0.108147 -0.00241923    0.013901  -0.0213643  -0.0835255     0.16047 -0.00127198 -0.011111  -0.02275 0.0439582  0.00950817  0.00322545 -0.00325782  0.0114163 0.00493563  0.0176022  0.0506649  0.0278726 -0.0430732 -0.429384 -0.212198   -9.7973 
             71.6004  -0.323719   0.648461 -0.0569895 -0.00423843   0.0119262  -0.0199357  -0.0835688    0.160528 -0.00126804 -0.0111116 -0.0227487  0.0439585   0.00624372  -0.00233259 -0.000365037  0.0113876 0.00491694  0.0175725  0.0508073  0.0279765 -0.0431744 -0.429397 -0.212208   -9.7973 
             71.7006 -0.348457  0.634197 -0.134824 -0.000923321    0.0121972   -0.0225259  -0.0836007    0.160477 -0.00132734 -0.0111117  -0.022748  0.0439583  0.0134614 -0.0010221 -0.0061949  0.0114003 0.00492498   0.017619  0.0506646  0.0279682 -0.0430067  -0.42939 -0.212206   -9.7973 
             71.8006 -0.346549  0.617869 -0.123156 -0.00533492   0.0112009  -0.0233789  -0.0836474    0.160654 -0.00120322 -0.0111118 -0.0227483  0.0439583  0.00283739 -0.00210742 -0.00691659  0.0113996 0.00493504  0.0176122  0.0509552  0.0279936 -0.0429774 -0.429419 -0.212198   -9.7973 
             71.9005 -0.396133  0.667254 -0.115488 -0.00587736   0.0125053  -0.0228784  -0.0835814    0.160685 -0.00112492 -0.0111118 -0.0227484  0.0439583  0.00396568  0.00224141 -0.00486459  0.0114268 0.00490641  0.0176071  0.0510214  0.0279185 -0.0430508  -0.42942 -0.212192   -9.7973 
             72.0006  -0.368048   0.631548 -0.0232108 -0.00635623   0.0130864  -0.0240565  -0.0835855    0.160722 -0.00108689 -0.0111117  -0.022748  0.0439584  0.00251878  0.00337487 -0.00586744  0.0114096 0.00492939  0.0175561   0.051065  0.0278964 -0.0429979 -0.429425 -0.212186   -9.7973 
             72.1006  -0.439352   0.645467 -0.0970441 -0.00614376   0.0103744  -0.0244156  -0.0836871    0.160711 -0.00120285 -0.0111113 -0.0227481  0.0439572   0.00564855 -0.000324901  -0.00555449 0.0114466 0.0049208 0.0175984  0.0510596  0.0280623 -0.0430078 -0.429429 -0.212203   -9.7973 
             72.2005  -0.357922   0.616834 -0.0567254 -0.00698602   0.0121171  -0.0256874   -0.083639    0.160775 -0.00108708 -0.0111113 -0.0227483  0.0439568  0.00352132  0.00233528 -0.00789623  0.0114027 0.00493683  0.0175748  0.0511414  0.0279591 -0.0429595 -0.429436  -0.21219   -9.7973 
             72.3004  -0.379084   0.640181 -0.0658513 -0.00764524   0.0110829   -0.023136  -0.0836247     0.16076 -0.00110119 -0.0111114  -0.022748  0.0439568   0.00386264 -0.000841161  -0.00228923  0.0114137 0.00492745  0.0175835  0.0512089  0.0280222 -0.0431697 -0.429439   -0.2122   -9.7973 
             72.4006 -0.379889  0.624549 -0.127651 -0.00193123   0.0141572  -0.0220991  -0.0835086    0.160597 -0.00113028  -0.011112 -0.0227464  0.0439569     0.015065    0.0044049 -0.000433273  0.0114133 0.00493391  0.0176183  0.0509627  0.0278868 -0.0432541 -0.429412 -0.212191   -9.7973 
             72.5005  -0.458203   0.639983 -0.0691216 -0.000874529    0.0143409   -0.0255161   -0.083579    0.160659 -0.00113625 -0.0111119 -0.0227449  0.0439569   0.0161654  0.00680349 -0.00741765  0.0114568 0.00492905  0.0175866  0.0509735  0.0279097 -0.0430329 -0.429417 -0.212189   -9.7973 
             72.6006 -0.383239  0.677357 -0.114062 -0.00134118   0.0172894  -0.0224786    -0.083441     0.160672 -0.000966733  -0.011114 -0.0227447  0.0439551    0.0144018    0.0107897 -0.000231822 0.0114139 0.0049057 0.0176119   0.051117  0.0277807 -0.0432706 -0.429427  -0.21218   -9.7973 
             72.7006  -0.375064    0.56761 -0.0527984 -0.00196824   0.0160598   -0.023814  -0.0835335    0.160743 -0.00100316  -0.011115 -0.0227448  0.0439562   0.0105214  0.00720866 -0.00305462 0.0114084 0.0049715 0.0175787  0.0511998  0.0278925 -0.0431784 -0.429437  -0.21219   -9.7973 
             72.8005  -0.429849   0.617518 -0.0727334 -0.00421383   0.0164643  -0.0242689   -0.0835413     0.160842 -0.000915133  -0.011115 -0.0227448   0.043956  0.00583154  0.00915803 -0.00365148  0.0114377 0.00494239  0.0175911  0.0513744  0.0279006 -0.0431639 -0.429454  -0.21219   -9.7973 
              72.901 -0.392874  0.607932 0.0155476 -0.00781322   0.0155037  -0.0243063   -0.0835799     0.160951 -0.000854038 -0.0111154 -0.0227428  0.0439563 -0.00125374  0.00713559 -0.00236987 0.0114161 0.0049507 0.0175422  0.0515854  0.0279781 -0.0431764 -0.429474 -0.212198   -9.7973 
             73.0005    -0.421998     0.621483 -0.000636973 -0.00667162   0.0130092  -0.0254681  -0.0836967    0.160933 -0.00101308 -0.0111158 -0.0227431  0.0439564  0.00325834  0.00308231 -0.00376266    0.01143 0.00494247  0.0175527   0.051506  0.0281558 -0.0431156 -0.429467 -0.212215   -9.7973 
             73.1005  -0.349117   0.617714 -0.0216032 -0.00727491   0.0124549  -0.0222709   -0.083664    0.160901 -0.00100214 -0.0111161 -0.0227415  0.0439565   0.00304333 -0.000716241   0.00216975 0.0113898 0.0049452 0.0175634  0.0515713  0.0281899 -0.0433478 -0.429471 -0.212219   -9.7973 
             73.2004  -0.332789   0.622053 -0.0290758 -0.00575027   0.0120908  -0.0226604  -0.0836874    0.160881 -0.00104136  -0.011116 -0.0227415  0.0439568  0.00716242 -0.00216407 4.65547e-05  0.0113799 0.00494482  0.0175673  0.0515108  0.0282095 -0.0433061 -0.429466 -0.212219   -9.7973 
             73.3005  -0.460097   0.605377 -0.0407985 -0.00697195   0.0109073  -0.0252983  -0.0837438     0.16099 -0.00104131 -0.0111162 -0.0227402  0.0439568   0.00425806 -0.000337447  -0.00553854  0.0114509 0.00495495  0.0175751 0.0515967 0.0282636 -0.043131 -0.429472 -0.212227   -9.7973 
             73.4005   -0.460838    0.659687 -0.00105838 -0.00969183  0.00917777  -0.0248122  -0.0837626    0.161073 -0.00102101 -0.0111166 -0.0227405  0.0439554 0.000862092 -0.00153591 -0.00352177 0.0114501 0.0049264 0.0175532  0.0517649   0.028337 -0.0431897 -0.429485  -0.21224  -9.79729 
             73.5005 -0.488266  0.639837 -0.019859 -0.00558933  0.00811092  -0.0272735  -0.0838532    0.161003 -0.00116749 -0.0111161 -0.0227391  0.0439552   0.0105357 -0.00121715 -0.00807872  0.0114652 0.00493635  0.0175646    0.05155  0.0284142 -0.0430548 -0.429463 -0.212238   -9.7973 
             73.6006 -0.417531  0.648683 0.0994079 -0.0123578  0.0117416 -0.0256344   -0.0836234     0.161158 -0.000807943 -0.0111123 -0.0227333  0.0439535 -0.00377597  0.00770226 -0.00311358  0.0114252 0.00493327  0.0174988  0.051982 0.0281697 -0.043207 -0.429513 -0.212236  -9.79729 
             73.7005   -0.52512   0.633481 -0.0883464 -0.00833443   0.0100954  -0.0257861  -0.0837396    0.161035 -0.00102945 -0.0111078 -0.0227284  0.0439522 0.00705622 0.00572134 -0.0028779  0.0114829 0.00494006  0.0176041  0.0517567  0.0283376 -0.0432213 -0.429485 -0.212239  -9.79729 
             73.8004  -0.470481   0.642285 -0.0383128 -0.00338344  0.00865941  -0.0253754  -0.0838351     0.16092 -0.00121982 -0.0111075 -0.0227278  0.0439527   0.0172368  0.00258839 -0.00122241  0.0114523 0.00493732  0.0175762  0.0515405  0.0284685 -0.0432669 -0.429458 -0.212238   -9.7973 
             73.9005  -0.370607   0.623627 -0.0778551 -0.000693027     0.009577   -0.0243454  -0.0838068    0.160876 -0.00121033 -0.0111075 -0.0227267  0.0439523  0.0209609 0.00349197 0.00138874  0.0113943 0.00494695  0.0175988  0.0515039  0.0284339 -0.0433431 -0.429456  -0.21223   -9.7973 
             74.0004 -0.454166     0.623 0.0511999 0.00289287 0.00865076 -0.0249396  -0.0838712     0.16085 -0.00129988 -0.0111089 -0.0227284  0.0439521   0.0255674  0.00288545 5.00111e-06  0.0114403 0.00494814  0.0175264  0.0514208  0.0285131 -0.0433017 -0.429446 -0.212234   -9.7973 
             74.1004  -0.397799   0.644327 -0.0224537 -0.000209005     0.010479   -0.0226317    -0.08375    0.160983 -0.00108421  -0.011109 -0.0227277  0.0439505  0.0156928 0.00667764 0.00403893  0.0114064 0.00493906  0.0175694  0.0517426  0.0283977 -0.0434504 -0.429476 -0.212234  -9.79729 
             74.2005 -0.466557  0.625082 -0.046389 -0.000635059   0.00950083   -0.0251496  -0.0838099    0.161094 -0.00110118 -0.0111092 -0.0227275  0.0439507   0.0131449  0.00685909 -0.00201421  0.0114447 0.00494832  0.0175818  0.0518327  0.0284758 -0.0432564 -0.429483 -0.212253  -9.79729 
             74.3004  -0.409406   0.611318 -0.0893233 -0.000779885    0.0123172   -0.0253049   -0.0837243     0.161137 -0.000981763 -0.0111105 -0.0227285  0.0439506   0.0110676   0.0116972 -0.00177779  0.0114101 0.00495792  0.0176086  0.0519203  0.0283518 -0.0432578 -0.429495 -0.212246  -9.79729 
             74.4005 -0.432361  0.633557 -0.146552 -0.00165008   0.0131556  -0.0253168   -0.0837205     0.161201 -0.000944681 -0.0111105 -0.0227296  0.0439504  0.00919102   0.0132391 -0.00152999  0.0114207 0.00494368  0.0176409  0.0520289   0.028361 -0.0432678 -0.429503 -0.212251  -9.79729 
             74.5006 -0.458548  0.605556  -0.13043 0.00105772  0.0140866 -0.0258047  -0.0837468    0.161152 -0.00100337 -0.0111104 -0.0227292  0.0439499   0.0135739   0.0139708 -0.00203637  0.0114349 0.00496224  0.0176335  0.0519376  0.0283933 -0.0432484 -0.429495 -0.212252  -9.79729 
             74.6005  -0.46498  0.664592 0.0401667 -0.00259098   0.0145129  -0.0243289    -0.083733      0.16129 -0.000908874 -0.0111104 -0.0227241  0.0439483 0.00657435  0.0149438 0.00170476  0.0114371 0.00492875  0.0175377 0.0522056  0.028421 -0.043355 -0.429515 -0.212258  -9.79729 
             74.7005  -0.482208   0.611543 -0.0419354 -0.00146151   0.0113058  -0.0264562  -0.0839046     0.16131 -0.00109849 -0.0111116 -0.0227241  0.0439473  0.00892738  0.00844381 -0.00250389  0.0114455 0.00496163  0.0175857  0.0521524  0.0286696 -0.0432069  -0.42951 -0.212284  -9.79729 
             74.8006  -0.492646    0.62834 -0.0683876 -1.70688e-05    0.0105838   -0.0254689 -0.0839506   0.161276 -0.0011648 -0.0111116 -0.0227243  0.0439471   0.0122803   0.0074269 0.000341408   0.011451 0.00495065  0.0175998 0.0521298 0.0287572  -0.04329 -0.429507 -0.212289  -9.79729 
             74.9005 -0.427947  0.667231  -0.11352 -0.00296184   0.0104627  -0.0231047  -0.0839439     0.16137 -0.00108133 -0.0111124 -0.0227247  0.0439459 0.00618889 0.00613152 0.00427427  0.0114132 0.00493057  0.0176258 0.0523593 0.0287766 -0.043442 -0.429524 -0.212288  -9.79729 
             75.0006  -0.475523   0.637673 -0.0561714 0.00240037  0.0112966 -0.0243752 -0.0839682   0.161252  -0.001194 -0.0111129 -0.0227269  0.0439457  0.0173349 0.00902992 0.00173116  0.011442 0.0049458 0.0175924  0.0521136  0.0287917 -0.0433398 -0.429506 -0.212291  -9.79729 
             75.1005 -0.391931  0.630848 -0.156229 -0.00388576   0.0120867  -0.0230064   -0.0839396     0.161487 -0.000988524 -0.0111144 -0.0227317  0.0439452 0.00270842  0.0103177 0.00479737  0.0113952 0.00494883  0.0176465  0.0525395   0.028752 -0.0434149 -0.429539 -0.212287  -9.79729 
             75.2004 -0.483814  0.706455 -0.139075 -0.0036496  0.0116764 -0.0223352 -0.0839911   0.161488 -0.0010426 -0.0111143  -0.022732  0.0439448 0.00617098  0.0100453 0.00495701  0.0114466 0.00490947  0.0176377  0.0525491  0.0288354 -0.0434324 -0.429539 -0.212294  -9.79729 
             75.3006 -0.415579  0.635968 -0.105566 -0.0026517  0.0134595 -0.0228153  -0.0839679    0.161493 -0.00102217 -0.0111145 -0.0227323  0.0439446 0.00790427  0.0129231 0.00329994  0.0114085 0.00494789  0.0176196  0.0525301  0.0287908 -0.0433725 -0.429538 -0.212292  -9.79729 
             75.4005  -0.402549   0.600086 -0.0415959 -0.00478736   0.0124038  -0.0232612   -0.084044    0.161587 -0.00103808 -0.0111155 -0.0227315  0.0439457 0.00316099 0.00978305 0.00231591  0.0114014 0.00496901  0.0175849  0.0526662  0.0288959 -0.0433208 -0.429552 -0.212301  -9.79729 
             75.5004  -0.533158   0.652426 -0.0425745 -0.000359057    0.0122263   -0.0262219  -0.0841098    0.161487 -0.00117997 -0.0111153 -0.0227299  0.0439449   0.0135491   0.0119335 -0.00383659   0.011473 0.00493798  0.0175862  0.0524436  0.0289801 -0.0431239 -0.429542 -0.212318  -9.79729 
             75.6009 -0.419858  0.645124 -0.187692 -0.00224958   0.0148774   -0.024204  -0.0840453     0.16156 -0.00103144 -0.0111165 -0.0227313  0.0439442 0.00841086  0.0149099 0.00146795  0.0114074 0.00494424  0.0176703  0.0526404  0.0288834 -0.0432823 -0.429552 -0.212302  -9.79729 
             75.7005  -0.493421    0.64303 -0.0514446 -0.00160208   0.0128127  -0.0261021  -0.0841772    0.161577 -0.00116562 -0.0111187 -0.0227314  0.0439432   0.0107609   0.0115478 -0.00248042  0.0114498 0.00494475  0.0175946  0.0526253  0.0290717 -0.0431549 -0.429558 -0.212322  -9.79729 
             75.8004  -0.431329   0.612674 -0.0897634 -0.00142107   0.0143586  -0.0262751 -0.0841568   0.161609 -0.0011208 -0.0111187 -0.0227315  0.0439432  0.00954956   0.0129262 -0.00258798  0.0114131 0.00496178  0.0176168  0.0526771  0.0290416 -0.0431653 -0.429561 -0.212318  -9.79729 
             75.9006 -0.489308  0.668042 -0.208142  -0.004715   0.014754 -0.0244824  -0.0841835    0.161717 -0.00105103 -0.0111194 -0.0227352  0.0439422  0.0041671  0.0137016 0.00138427  0.0114439 0.00493039   0.017684  0.0529165  0.0290773 -0.0433007 -0.429577 -0.212312  -9.79729 
             76.0005  -0.49846  0.614115 -0.184585 0.000918034   0.0158036  -0.0278729  -0.0842027    0.161596 -0.00120291 -0.0111196 -0.0227333   0.043941   0.0149794   0.0156467 -0.00468705   0.01145 0.0049602 0.0176698  0.0526264  0.0291131 -0.0430821  -0.42956 -0.212329  -9.79729 
             76.1009 -0.409439  0.641402 -0.123553 -0.00112098   0.0169657  -0.0242487  -0.0841935    0.161652 -0.00110702   -0.01112 -0.0227301  0.0439404  0.0103193  0.0150423 0.00384178 0.0114011 0.0049461 0.0176372  0.0528366  0.0291194 -0.0433475 -0.429572 -0.212314  -9.79729 
             76.2006 -0.409874   0.63698 -0.120397 -0.0009919  0.0146653 -0.0229065  -0.0843075    0.161644 -0.00121828 -0.0111209 -0.0227299  0.0439413  0.0104418 0.00869553 0.00622087  0.0114023 0.00494848  0.0176333  0.052871 0.0293094 -0.043409 -0.429581 -0.212326  -9.79729 
             76.3004  -0.425671   0.638252 -0.0765169 -0.00351327   0.0123006  -0.0246902  -0.0844307     0.16177 -0.00124988  -0.011122 -0.0227289  0.0439418 0.00573211 0.00495478 0.00168108  0.0114106 0.00494954    0.01761  0.0530324  0.0294604 -0.0432534 -0.429602 -0.212337  -9.79729 
             76.4005  -0.390906   0.715044 -0.0951964 -0.00547915    0.012257  -0.0196871  -0.0844211    0.161789 -0.00119042 -0.0111248 -0.0227276  0.0439404 0.00416485 0.00361172  0.0120271  0.0113915 0.00490466  0.0176211 0.0531947 0.0294794 -0.043568  -0.42961 -0.212323  -9.79729 
             76.5006 -0.404945  0.644938  -0.12517 -0.0049817  0.0124691 -0.0238353  -0.0844582    0.161864 -0.00121013 -0.0111261 -0.0227272  0.0439406 0.00568476 0.00543316 0.00165818   0.011399 0.00494559   0.017639  0.0531693  0.0294807 -0.0432315 -0.429613 -0.212332  -9.79729 
             76.6005  -0.438835   0.633184 -0.0664727 -0.00558415   0.0115286  -0.0234532  -0.0845084     0.16189 -0.00123613 -0.0111263 -0.0227272  0.0439404 0.00496229  0.0044394 0.00257978  0.0114187 0.00495162  0.0176071  0.0532251  0.0295549 -0.0432508  -0.42962 -0.212336  -9.79729 
             76.7004 -0.430839  0.628314 -0.172464 -0.000140693     0.014072   -0.0253654  -0.0844474     0.16178 -0.00127803 -0.0111271 -0.0227247  0.0439397   0.0156586   0.0098665 -0.00100882 0.0114119 0.0049566 0.0176693  0.0529764   0.029462 -0.0431205 -0.429601 -0.212338  -9.79729 
             76.8006 -0.382624  0.634253 -0.107711 -0.00115977    0.016528  -0.0245354 -0.0843888   0.161865 -0.0011557 -0.0111268 -0.0227242  0.0439391 0.0119781 0.0141903 0.0017999  0.0113842 0.00495183  0.0176317  0.0531254  0.0293728 -0.0431827 -0.429607 -0.212327  -9.79729 
             76.9004 -0.454675  0.699335 -0.100928 -0.0039419  0.0161821 -0.0234386  -0.0844499    0.161985 -0.00112718 -0.0111273 -0.0227245  0.0439378 0.00759222  0.0133201  0.0044795  0.0114238 0.00491812  0.0176305  0.0533346  0.0294536 -0.0432469 -0.429623 -0.212326  -9.79729 
             77.0009 -0.385442  0.643309 -0.221739 -0.00155223   0.0196993  -0.0235776  -0.0843667     0.16196 -0.00107452 -0.0111286 -0.0227242  0.0439374  0.0121534  0.0175822 0.00376901  0.0113847 0.00494757  0.0176961  0.0532655  0.0293393 -0.0432196 -0.429615  -0.21232  -9.79729 
             77.1004  -0.327258   0.689158 -0.0400125 -0.00405883   0.0203553  -0.0190094  -0.0843679    0.162044 -0.00102354 -0.0111291 -0.0227196  0.0439369 0.00735987  0.0144758  0.0125245  0.0113517 0.00492482  0.0175966  0.0534756  0.0293729 -0.0434905 -0.429623 -0.212314  -9.79729 
             77.2004 -0.390608  0.653094 -0.166333 0.00133523  0.0185227 -0.0219185  -0.0845079    0.161909 -0.00123518 -0.0111282 -0.0227175  0.0439355  0.0188672  0.0093616 0.00439077  0.0113855 0.00494284  0.0176664  0.0532065  0.0295621 -0.0432323 -0.429619 -0.212338  -9.79729 
             77.3009  -0.436465   0.683935 -0.0238937 -0.00304652   0.0132916  -0.0234587  -0.0847544    0.162102 -0.00132934 -0.0111305 -0.0227141   0.043933  0.00987673 0.000385783 0.000736813  0.0114123 0.00492826  0.0175878  0.0534858  0.0298583 -0.0431008 -0.429652 -0.212349  -9.79728 
             77.4005 -0.451782  0.692997 -0.101572 -0.00700384   0.0118368   -0.023504  -0.0848181    0.162265 -0.00127904 -0.0111307 -0.0227144  0.0439324  0.00330613 0.000257475 0.000914195    0.01142 0.00492084  0.0176321  0.0537384  0.0299179 -0.0430945 -0.429672 -0.212345  -9.79728 
             77.5005 -0.486251  0.671063 0.0936865 -0.00423719  0.00821107  -0.0241792  -0.0849559    0.162171 -0.00147072 -0.0111343 -0.0227171    0.04393    0.0106857  -0.00512158 -0.000430926  0.0114406 0.00493719  0.0175231  0.0535884  0.0301191 -0.0430508 -0.429669 -0.212362  -9.79728 
             77.6004  -0.457831     0.6766 0.00180376 -0.00452413  0.00803196  -0.0233943  -0.0849343    0.162209 -0.00142338 -0.0111343 -0.0227171  0.0439299   0.0102892 -0.00183876  0.00211109   0.011422 0.00493169  0.0175771  0.0536722  0.0300983 -0.0431067 -0.429672 -0.212359  -9.79728 
             77.7006  -0.512495   0.689062 -0.0410761 -0.00376611  0.00888263  -0.0250749  -0.0849163    0.162243 -0.00138189 -0.0111348 -0.0227169  0.0439301     0.011784   0.00347742 -0.000705683  0.0114515 0.00492971  0.0176005 0.0536871 0.0300483 -0.042991 -0.429678 -0.212357  -9.79728 
             77.8005 -0.474104  0.693867 -0.120882 -0.00173825  0.00940886  -0.0247023  -0.0849091    0.162216 -0.00139092 -0.0111347 -0.0227163  0.0439302   0.0159789  0.00557016 0.000555453 0.0114305 0.0049227 0.0176424  0.0536548  0.0300437 -0.0430275 -0.429674 -0.212356  -9.79728 
             77.9004 -0.444822  0.692955 -0.198713 -0.00468617  0.00989981  -0.0219316  -0.0848784    0.162342 -0.00128144 -0.0111356 -0.0227195  0.0439299  0.0102121 0.00602497 0.00602472  0.0114121 0.00492731  0.0176867 0.0539126 0.0300225 -0.043207 -0.429686 -0.212355  -9.79728 
             78.0005 -0.388134  0.664922 -0.118509 -0.0035461  0.0137947 -0.0224708  -0.0847627    0.162356 -0.00116467 -0.0111357 -0.0227203  0.0439279  0.0111234  0.0134046 0.00401837  0.0113801 0.00494073  0.0176409  0.0539146  0.0298439 -0.0431397 -0.429691 -0.212346  -9.79728 
             78.1005  -0.388527   0.693419 -0.0795342 -0.00615756   0.0160259   -0.020516 -0.0847116   0.162471 -0.0010466 -0.0111353 -0.0227188  0.0439271 0.00695319  0.0157712 0.00733064  0.0113801 0.00492702  0.0176215   0.054125  0.0297793 -0.0432444 -0.429701  -0.21234  -9.79728 
             78.2004 -0.453592  0.679724 -0.176811 -0.000591863    0.0130438   -0.0225781  -0.0848842    0.162325 -0.00131828 -0.0111334 -0.0227164  0.0439252  0.0184533 0.00815416 0.00211761   0.011416 0.00493448  0.0176757  0.0538492  0.0300408 -0.0430715 -0.429692 -0.212365  -9.79728 
             78.3009  -0.416458   0.619072 -0.0169241 -0.000189078    0.0116678   -0.0238623  -0.0849605    0.162374 -0.00136132 -0.0111352 -0.0227164  0.0439258   0.0176938  0.00548617 -0.00120974  0.0113954 0.00496942  0.0175862  0.0539036  0.0301449 -0.0429777   -0.4297 -0.212375  -9.79728 
             78.4005  -0.398605   0.666944 -0.0911426 -0.00414406   0.0128076  -0.0214065   -0.084918    0.162535 -0.00119705 -0.0111352 -0.0227161  0.0439254 0.00813146 0.00705313 0.00433524  0.0113861 0.00494546  0.0176294  0.0542214  0.0300919 -0.0431432 -0.429713 -0.212363  -9.79728 
             78.5009  -0.39342  0.653039 -0.176427 -0.00329377   0.0128607  -0.0224088  -0.0849518    0.162548 -0.00122219 -0.0111349 -0.0227162  0.0439255  0.0103944  0.0071222 0.00193481  0.0113825 0.00495157  0.0176779  0.0542143   0.030126 -0.0430532 -0.429717 -0.212367  -9.79728 
             78.6005  -0.403835   0.694073 -0.0233196 -0.00508253   0.0119737  -0.0200541  -0.0849787    0.162611 -0.00120127 -0.0111362 -0.0227146  0.0439248 0.00807096 0.00453445 0.00614146    0.01139 0.00493224   0.017595  0.0543689  0.0301981 -0.0431941 -0.429723 -0.212369  -9.79728 
             78.7004   -0.38582   0.737669 -0.0637999 -0.00140214   0.0115845  -0.0189448  -0.0849949    0.162521 -0.00129773 -0.0111367 -0.0227152  0.0439261  0.0171859 0.00210961 0.00685379 0.0113812 0.0049078 0.0176161  0.0542277  0.0302521 -0.0432343 -0.429714 -0.212375  -9.79728 
             78.8009 -0.459346  0.660979 -0.105909 0.00204612    0.01187 -0.0248204 -0.0850703    0.16254 -0.0013592 -0.0111387 -0.0227114  0.0439257   0.0224519  0.00546114 -0.00685643  0.0114225 0.00495178  0.0176404 0.0541053 0.0302608  -0.04282 -0.429719 -0.212379  -9.79728 
             78.9005 -0.389806  0.696133 -0.170031 0.000126066   0.0131346   -0.021321  -0.0849925    0.162618 -0.00120834 -0.0111399 -0.0227127  0.0439251  0.0169105  0.0064673 0.00190997   0.011383 0.00493344  0.0176752  0.0543561  0.0302048 -0.0430915 -0.429726 -0.212372  -9.79728 
             79.0004 -0.475245   0.68583 -0.132053 0.000568055   0.0149433  -0.0256786 -0.0850259   0.162688 -0.0011461 -0.0111395 -0.0227099  0.0439259   0.0164633   0.0122684 -0.00755993  0.0114295 0.00494007  0.0176544 0.0544063 0.0301449 -0.042803 -0.429741 -0.212366  -9.79728 
             79.1004 -0.522525  0.682753 -0.108084 -0.000251077    0.0118367   -0.0269663  -0.0851589    0.162737 -0.00122648 -0.0111402 -0.0227094  0.0439238   0.0149325  0.00735113 -0.00870617 0.0114571 0.0049418 0.0176424  0.0545131  0.0303723 -0.0427681 -0.429755 -0.212381  -9.79728 
             79.2006   -0.458229     0.69277 -0.00537574 -0.00426851   0.0154585  -0.0264295   -0.0850656     0.162875 -0.000967086 -0.0111369 -0.0227044  0.0439224  0.00654986   0.0144911 -0.00631042  0.0114216 0.00493726  0.0175846  0.0548253  0.0302011 -0.0428601  -0.42977 -0.212362  -9.79728 
             79.3005 -0.459198  0.653772 -0.170828 -0.000473534    0.0157469   -0.0269485 -0.0850888   0.162797 -0.0010983 -0.0111351 -0.0227024  0.0439218    0.014241   0.0128306 -0.00628988   0.011422 0.00496013  0.0176782  0.0546605  0.0302808 -0.0428705 -0.429759 -0.212371  -9.79728 
             79.4009 -0.414621  0.696982 -0.131071 -0.00353501   0.0160325  -0.0235566   -0.0850774     0.162877 -0.000997064 -0.0111354 -0.0227005  0.0439213  0.0084406  0.0112883 0.00197921   0.011398 0.00493717  0.0176557 0.0549163 0.0303193 -0.043124 -0.429767 -0.212364  -9.79728 
             79.5005 -0.411553  0.669148 -0.201367 -0.00193859   0.0169965   -0.022897  -0.0850761    0.162856 -0.00102092 -0.0111351 -0.0227001  0.0439214  0.0122537  0.0116902 0.00367073 0.0113965 0.0049537 0.0176974   0.054883  0.0303331 -0.0431557 -0.429764 -0.212365  -9.79728 
             79.6005  -0.442701   0.702991 -0.0321042 0.000804435   0.0140256  -0.0208884  -0.0851658    0.162786 -0.00119551 -0.0111379 -0.0227021  0.0439215  0.0185333 0.00412441  0.0068292  0.0114153 0.00493838  0.0176015  0.0547895   0.030559 -0.0432616 -0.429759 -0.212382  -9.79728 
             79.7006  -0.43462  0.717879 -0.133623 -0.00183396   0.0134594  -0.0207284 -0.0852052   0.162903 -0.0010999 -0.0111377 -0.0227016  0.0439207  0.0123392 0.00399848  0.0054364  0.0114098 0.00492833  0.0176562  0.0550286   0.030595 -0.0432258 -0.429779 -0.212379  -9.79728 
             79.8008 -0.466879  0.670552 -0.186882 0.000888813   0.0131617  -0.0221497  -0.0852389    0.162874 -0.00117338 -0.0111375 -0.0227005  0.0439202   0.0178684  0.00413682 0.000322254   0.011428 0.00495228  0.0176841   0.054939  0.0306435 -0.0431023  -0.42978 -0.212388  -9.79728 
             79.9004  -0.334139   0.720276 -0.0528426 -0.00192855   0.0134915  -0.0186992   -0.085211    0.162973 -0.00103266 -0.0111372 -0.0226952  0.0439186  0.0123705 0.00255714 0.00724695  0.0113542 0.00492927  0.0176122  0.0552075  0.0306258 -0.0433164 -0.429788 -0.212375  -9.79728 
             80.0009  -0.353301    0.66527 -0.0226496 -0.00245909   0.0112481  -0.0204226 -0.0853095   0.163021  -0.001078  -0.011139 -0.0226953  0.0439194   0.0102265 -0.00200157  0.00236207  0.0113656 0.00496112  0.0175949   0.055271   0.030752 -0.0431544 -0.429805 -0.212385  -9.79728 
             80.1005  -0.372943   0.649584 -0.0471575 -0.00204247  0.00809311   -0.020079  -0.0853891    0.163022 -0.00116061 -0.0111393 -0.0226953  0.0439192    0.011086 -0.00751666  0.00194904 0.0113774  0.004966  0.017608  0.0552914   0.030911 -0.0431595 -0.429811 -0.212396  -9.79728 
             80.2005  -0.421663    0.67992 -0.0366772 -0.0058403 0.00691373 -0.0230163  -0.0854455    0.163166 -0.00104107 -0.0111394 -0.0226936  0.0439195  0.00465087 -0.00542499 -0.00503504  0.0114052 0.00494953  0.0176035  0.0555359  0.0309193 -0.0429528 -0.429838 -0.212393  -9.79728 
             80.3009    -0.44498    0.709293 -0.00187064 -0.00146224  0.00791985  -0.0234138 -0.0854135   0.163077 -0.0011041 -0.0111392 -0.0226937  0.0439203   0.0144172  -0.0022405 -0.00471813  0.0114174 0.00493666  0.0175838  0.0553409  0.0308602 -0.0429617 -0.429823 -0.212389  -9.79728 
             80.4008 -0.458399  0.693149  0.082928 -0.00523508  0.00710046  -0.0232706   -0.0854022     0.163189 -0.000968574 -0.0111391 -0.0226912  0.0439201   0.0059623 -0.00109497 -0.00333565  0.0114272 0.00494491  0.0175352  0.0556188   0.030874 -0.0429973 -0.429843 -0.212393  -9.79728 
             80.5004   -0.51345   0.685722 -0.0842109 -0.00292375  0.00758193  -0.0257044  -0.0854318    0.163178 -0.00100632 -0.0111389 -0.0226889  0.0439202   0.0123506  0.00311921 -0.00831723  0.0114574 0.00494735    0.01763  0.0555283  0.0308624 -0.0428666 -0.429841 -0.212389  -9.79728 
             80.6006  -0.459767   0.755517 -0.0647968 -0.00515299  0.00998681  -0.0236203   -0.0853097     0.163224 -0.000809659 -0.0111411 -0.0226901  0.0439182 0.00937724 0.00792373 -0.0027525  0.0114273 0.00491213  0.0176201  0.0557424  0.0307344 -0.0430521 -0.429854 -0.212389  -9.79727 
             80.7005  -0.447615   0.715437 -0.0989495 -0.0051267  0.0101876 -0.0235772    -0.085318     0.163243 -0.000804792 -0.0111409 -0.0226904  0.0439183  0.00954741  0.00735224 -0.00234444  0.0114198 0.00493565  0.0176382  0.0557901   0.030766 -0.0430689 -0.429856 -0.212392  -9.79727 
             80.8009  -0.549521   0.742274 -0.0689195 -0.000384655    0.0116085   -0.0258096    -0.085357     0.163173 -0.000908661 -0.0111407 -0.0226892  0.0439185  0.0193199  0.0114795 -0.0075453  0.0114771 0.00492031  0.0176222   0.055589   0.030767 -0.0429398 -0.429847 -0.212387  -9.79728 
             80.9006 -0.453786  0.682391 0.0420463 -0.0047967  0.0109295 -0.0247276   -0.0853438     0.163302 -0.000771025 -0.0111399 -0.0226847  0.0439205   0.0101124  0.00979237 -0.00417023  0.0114258 0.00495265  0.0175639  0.0559295  0.0308361 -0.0430494 -0.429865 -0.212401  -9.79727 
             81.0005 -0.478171  0.691977 -0.108546 -0.00142515   0.0134302  -0.0247098  -0.0853196    0.163245 -0.00078909 -0.0111403 -0.0226838    0.04392   0.0169694   0.0134806 -0.00399266 0.0114371 0.0049505 0.0176492  0.0558189  0.0307763 -0.0430761 -0.429858 -0.212392  -9.79727 
              81.101 -0.470239  0.674529  -0.16752 8.61336e-05   0.0157231  -0.0249838   -0.0852985     0.163249 -0.000752885 -0.0111407  -0.022684  0.0439199   0.0178184    0.016144 -0.00425024  0.0114321 0.00496093  0.0176819  0.0558338  0.0307318 -0.0430799  -0.42986 -0.212389  -9.79727 
             81.2009 -0.464316  0.704109 -0.137093 -0.00151965   0.0152121  -0.0239772   -0.0853266     0.163317 -0.000725042 -0.0111405 -0.0226844  0.0439197   0.0141209   0.0135907 -0.00226165   0.011431 0.00494197  0.0176632  0.0560192  0.0308382 -0.0431667 -0.429866 -0.212398  -9.79727 
             81.3008  -0.499571   0.706806 -0.0220523 0.000954466    0.014111  -0.0268692   -0.0854093     0.163315 -0.000854205 -0.0111423 -0.0226856  0.0439196   0.0195972   0.0112438 -0.00866372  0.0114518 0.00494037     0.0176  0.0559414  0.0309786 -0.0429933 -0.429868 -0.212416  -9.79727 
             81.4009   -0.446872    0.730854 -0.00626818 -0.0017124  0.0143739 -0.0240378   -0.0853812     0.163375 -0.000723808 -0.0111425 -0.0226816  0.0439191  0.0134787 0.00981545 -0.0016746 0.0114217 0.0049287  0.017592  0.0562112  0.0310118 -0.0432243 -0.429876 -0.212411  -9.79727 
             81.5006 -0.496096  0.661658 -0.124194 -0.00196489   0.0104132   -0.026845   -0.0855012     0.163429 -0.000878817 -0.0111413 -0.0226814  0.0439185   0.0121704  0.00295914 -0.00750227  0.0114488 0.00496719  0.0176595  0.0562549  0.0312758 -0.0430493 -0.429888 -0.212441  -9.79727 
             81.6005 -0.526342  0.658905 -0.176504 -0.00010351   0.0116714  -0.0290833   -0.0855022     0.163435 -0.000871783 -0.011142 -0.022681 0.0439185  0.0148207  0.0072402 -0.0110962   0.011465 0.00496884  0.0176877  0.0562187  0.0312353 -0.0429519 -0.429889 -0.212442  -9.79727 
             81.7009 -0.491226  0.680749 -0.220959 -0.00151896   0.0129595   -0.026574   -0.0854622     0.163455 -0.000747031 -0.0111432 -0.0226827  0.0439181   0.0112656  0.00932349 -0.00444429  0.0114431 0.00495666  0.0177121  0.0564027  0.0312064 -0.0431789 -0.429893 -0.212429  -9.79727 
             81.8008 -0.533445  0.746727 -0.189762 0.00276987   0.014062  -0.027213   -0.0854623     0.163401 -0.000848215 -0.0111431 -0.0226826  0.0439194   0.0211743   0.0116071 -0.00635005  0.0114663 0.00492202  0.0176967  0.0562419  0.0312231 -0.0431627 -0.429882 -0.212433  -9.79727 
             81.9005 -0.476566  0.677918  -0.11715 -0.000493127    0.0139725   -0.0263102   -0.0854941     0.163477 -0.000719333 -0.0111427  -0.022679  0.0439204   0.0122722    0.010709 -0.00342892  0.0114353 0.00496302  0.0176569  0.0565302  0.0312802 -0.0432512 -0.429901 -0.212426  -9.79727 
             82.0009  -0.528145   0.678204 -0.0638075 -0.00092235   0.0132616   -0.026485    -0.085539     0.163495 -0.000742417 -0.0111439 -0.0226783  0.0439203   0.0109916   0.0098449 -0.00365348  0.0114646 0.00496422  0.0176268  0.0566099  0.0313854 -0.0432544 -0.429911 -0.212431  -9.79727 
             82.1008 -0.468379   0.70496 -0.145911 -0.00343159   0.0136592  -0.0262787    -0.085566     0.163558 -0.000650283 -0.0111441 -0.0226787  0.0439195  0.00687656   0.0103384 -0.00302215  0.0114309 0.00494683  0.0176744  0.0568128  0.0314118 -0.0432811 -0.429925 -0.212424  -9.79727 
             82.2005 -0.443561  0.706797 -0.121431 -0.00324992   0.0150844   -0.023635   -0.0855483     0.163542 -0.000613625 -0.0111443 -0.0226776  0.0439193 0.00903682  0.0112757 0.00200798  0.0114166 0.00494795  0.0176619  0.0568633  0.0314015 -0.0434653 -0.429921  -0.21241  -9.79727 
             82.3009 -0.520036  0.694926  -0.20953 0.00168587  0.0154648  -0.026938   -0.0855636     0.163493 -0.000772258 -0.0111434 -0.0226745  0.0439186   0.0188252   0.0121491 -0.00575702  0.0114581 0.00495673  0.0177115  0.0566249  0.0314614 -0.0432388 -0.429916 -0.212437  -9.79727 
             82.4008 -0.474624  0.698677 -0.113823 -0.00171827   0.0181095  -0.0251947   -0.0855504     0.163582 -0.000565822 -0.0111426 -0.0226725  0.0439183  0.00984573   0.0161101 -0.00163108  0.0114344 0.00495448  0.0176577  0.0569296  0.0313778 -0.0433804 -0.429928 -0.212411  -9.79727 
             82.5005  -0.516338   0.671398 -0.0850027 0.00118021  0.0154761 -0.0247712 -0.0856262    0.16351 -0.0007797 -0.0111443 -0.0226738  0.0439167   0.0165922  0.00985959 -0.00145199  0.0114584 0.00496693  0.0176411  0.0568062  0.0316233 -0.0434116  -0.42993 -0.212433  -9.79727 
             82.6009 -0.468425  0.715714 -0.144059 0.00144769  0.0150659 -0.0248894   -0.0856618     0.163527 -0.000786996 -0.0111441 -0.0226741  0.0439167   0.017559 0.00851406 -0.0023655  0.0114301 0.00494268   0.017676  0.0568805  0.0316968 -0.0434036  -0.42994 -0.212436  -9.79727 
             82.7008 -0.449284  0.729857 -0.110732  -0.001522  0.0131017 -0.0221973   -0.0857185     0.163566 -0.000740727 -0.0111448 -0.0226728  0.0439166  0.0109613 0.00365164 0.00307444  0.0114177 0.00493983  0.0176577  0.0571363  0.0318399 -0.0435798 -0.429958 -0.212428  -9.79727 
              82.801  -0.507303   0.699214 -0.0648657 0.00339647  0.0102406  -0.027776   -0.0858117     0.163531 -0.000998199 -0.0111467 -0.0226727  0.0439151   0.0199997 0.000315677 -0.00925338  0.0114504 0.00495634  0.0176309  0.0568778  0.0320279 -0.0431928 -0.429964 -0.212469  -9.79727 
             82.9009 -0.559739  0.700365 -0.108352 0.00101611 0.00815534 -0.0286679   -0.0858739     0.163603 -0.000949722 -0.0111466 -0.0226732  0.0439146   0.0147223 0.000422512 -0.00990942  0.0114788 0.00495186  0.0176556  0.0571091  0.0321412 -0.0431856 -0.429985 -0.212469  -9.79727 
             83.0008 -0.502368  0.723653 -0.135918 -0.00102585  0.00870429  -0.0255199  -0.0858462     0.16363 -0.00081028 -0.0111471  -0.022674  0.0439144   0.0111722  0.00208557 -0.00271027  0.0114477 0.00494457  0.0176744  0.0573324  0.0321126 -0.0434466 -0.429989  -0.21245  -9.79727 
             83.1005 -0.556464  0.734769  -0.22812 0.00249124  0.0105363 -0.0280418   -0.0858249     0.163619 -0.000832165 -0.0111475 -0.0226721  0.0439148   0.0169585  0.00720434 -0.00823042  0.0114768 0.00494226  0.0177244  0.0572034  0.0320429 -0.0433004 -0.429984 -0.212455  -9.79727 
             83.2009   -0.47454   0.720482 -0.0462324 -0.00172554   0.0106879  -0.0238535   -0.0858218     0.163687 -0.000646107 -0.0111477 -0.0226647  0.0439132 0.00763957 0.00691036 0.00145469   0.011433 0.00494688  0.0176212  0.0575466  0.0320657 -0.0436122 -0.429994 -0.212431  -9.79727 
             83.3008 -0.510348    0.6785 -0.246273 0.00134224  0.0112574 -0.0263018  -0.0858401    0.163689 -0.00073884 -0.0111481 -0.0226632  0.0439124   0.0145018  0.00929456 -0.00495124  0.0114516 0.00497004   0.017734  0.0574114   0.032086 -0.0434423 -0.429992 -0.212446  -9.79727 
             83.4005  -0.458407   0.728723 -0.0940804 0.00205426  0.0120344 -0.0255834  -0.0858381    0.163691 -0.00071866  -0.011148 -0.0226627  0.0439125   0.0160485  0.00943288 -0.00341587  0.0114224 0.00494628  0.0176488  0.0574601  0.0320961 -0.0435118 -0.429993 -0.212441  -9.79727 
             83.5008 -0.522666  0.753968 -0.149027 0.000125484   0.0100562  -0.0248444    -0.085903     0.163724 -0.000732155 -0.0111484 -0.0226631  0.0439114   0.0116885  0.00618576 -0.00154979  0.0114578 0.00493136  0.0176771  0.0576449  0.0322551 -0.0435717 -0.430009 -0.212443  -9.79727 
             83.6008 -0.497928  0.724417 -0.213008 0.00344126  0.0121169 -0.0269254   -0.0858829     0.163726 -0.000746313 -0.0111487 -0.0226625  0.0439113   0.0174607   0.0110082 -0.00583298 0.0114425 0.0049425 0.0177129  0.0575331   0.032187 -0.0434428 -0.430005 -0.212449  -9.79727 
             83.7009 -0.479043  0.717592 -0.194083 -0.000484347    0.0109699   -0.0242545   -0.0859375     0.163771 -0.000651263  -0.011148 -0.0226627  0.0439123   0.0100565  0.00843445 0.000214344  0.0114311 0.00494857  0.0177048  0.0578549  0.0323025 -0.0436436 -0.430022 -0.212433  -9.79727 
             83.8009 -0.505322  0.702722  -0.28661 0.00208933  0.0109333 -0.0271953   -0.0859628      0.16377 -0.000748376  -0.011148 -0.0226614  0.0439118   0.0147245  0.00869188 -0.00625763  0.0114445 0.00495903  0.0177563   0.057749  0.0323543 -0.0434471 -0.430029 -0.212452  -9.79727 
             83.9008 -0.481809  0.690197 -0.131054 -0.000532008    0.0106865   -0.0265388   -0.0860079     0.163823 -0.000667613 -0.0111477 -0.0226586  0.0439123  0.00854499  0.00824077 -0.00483815  0.0114317 0.00496332  0.0176682  0.0579725  0.0324098 -0.0435232 -0.430042 -0.212439  -9.79727 
             84.0005 -0.478337  0.699646 -0.208853 -0.000842729    0.0135708   -0.0256969  -0.0859798    0.163859 -0.00054507 -0.0111479 -0.0226589  0.0439123  0.00853082   0.0142507 -0.00204172  0.0114287 0.00495641  0.0177112  0.0580665  0.0323077 -0.0436043 -0.430036 -0.212421  -9.79727 
             84.1009 -0.544926  0.677356 -0.125042 0.000213042   0.0150703  -0.0278274   -0.0859914     0.163875 -0.000562421 -0.0111483 -0.0226582  0.0439122   0.0101443   0.0175477 -0.00673863  0.0114665 0.00496956  0.0176653  0.0580418  0.0323128 -0.0434764 -0.430041 -0.212429  -9.79727 
             84.2008  -0.425054   0.725052 -0.0560062 -0.00708532   0.0161661  -0.0231376   -0.0860446     0.163961 -0.000331145 -0.0111488 -0.0226482  0.0439092 -0.00378443   0.0162611   0.0037335  0.0114015 0.00494182  0.0176261  0.0585221  0.0323362 -0.0438086 -0.430058 -0.212379  -9.79727 
             84.3004  -0.45662  0.722351 -0.131185 -0.00802049   0.0162872  -0.0242308   -0.0860904     0.163977 -0.000385212 -0.0111485 -0.0226485  0.0439093 -0.00209761   0.0150901 0.000318659  0.0114187 0.00494138   0.017668  0.0585403  0.0324204 -0.0437074  -0.43007 -0.212388  -9.79727 
             84.4008  -0.514503   0.759315 -0.0893136 -0.00753374   0.0156481  -0.0262498   -0.0861452     0.163969 -0.000503962 -0.0111483 -0.0226479  0.0439089  0.00289741   0.0138041 -0.00441118  0.0114506 0.00492313  0.0176461 0.0584842  0.032545  -0.04357  -0.43008 -0.212405  -9.79726 
             84.5005 -0.492764  0.741743 -0.159328 -0.0036072  0.0145387 -0.0234209   -0.0861551      0.16383 -0.000711078 -0.0111464  -0.022646  0.0439088   0.012611  0.0089003 0.00203636  0.0114374 0.00493367   0.017686  0.0582984  0.0327009 -0.0437767 -0.430068 -0.212417  -9.79727 
             84.6009 -0.480463  0.713674 -0.238222 -0.000214873    0.0162903   -0.0254249   -0.0861408     0.163831 -0.000739539  -0.011147 -0.0226446  0.0439086   0.0179296     0.01248 -0.00169258  0.0114273 0.00494697  0.0177284  0.0581796  0.0326601 -0.0436323 -0.430064 -0.212425  -9.79726 
             84.7004  -0.487788   0.723887 -0.0851293 0.000179431   0.0149235   -0.023636   -0.0861944     0.163822 -0.000806117 -0.0111482 -0.0226446  0.0439085  0.0186715 0.00916743 0.00183434   0.011432 0.00494173  0.0176444  0.0582614  0.0328054 -0.0437544  -0.43007 -0.212427  -9.79726 
             84.8008 -0.499362  0.677611 -0.165012 0.000649215   0.0155237  -0.0264074   -0.0862284     0.163891 -0.000790214 -0.0111493 -0.0226448  0.0439089   0.0169085   0.0108172 -0.00488852  0.0114356 0.00497079  0.0176907  0.0583146  0.0328174 -0.0435616 -0.430083 -0.212432  -9.79726 
             84.9005  -0.515648   0.736418 -0.0666079 0.00115975   0.013938 -0.0243341   -0.0862832     0.163872 -0.000869226 -0.011151 -0.022645 0.0439085    0.0176463   0.00689205 -6.69585e-06  0.0114478 0.00493789  0.0176347  0.0583854  0.0329676 -0.0437188 -0.430086 -0.212433  -9.79726 
             85.0009  -0.492995   0.701606 -0.0654458 -0.000431044    0.0128926   -0.0249015    -0.086341     0.163945 -0.000849967 -0.0111513 -0.0226444  0.0439085   0.0140104  0.00626617 -0.00162746 0.0114356 0.0049554 0.0176372  0.0585551  0.0330525 -0.0436738 -0.430102 -0.212433  -9.79726 
             85.1008 -0.543118  0.740384 -0.057657 -0.00334484   0.0119164  -0.0260292   -0.0863974     0.164047 -0.000795324 -0.0111513 -0.0226437  0.0439081  0.00851775  0.00660036 -0.00405437 0.0114619 0.0049373 0.0176343  0.0587746  0.0331303 -0.0436047 -0.430122 -0.212433  -9.79726 
             85.2005 -0.530186  0.776585 -0.111738 -0.00440978   0.0109892  -0.0244177    -0.086427     0.164059 -0.000799428 -0.0111518 -0.0226441  0.0439076  0.00724964  0.00549657 2.98823e-05  0.0114532 0.00491639  0.0176623  0.0588896  0.0332177 -0.0437276 -0.430126  -0.21243  -9.79726 
             85.3008 -0.540355  0.691433 -0.153427 -0.00395144   0.0109751  -0.0264354   -0.0864538      0.16409 -0.000828945  -0.011152 -0.0226439  0.0439076   0.0086634  0.00819654 -0.00445381  0.0114572 0.00496092   0.017686  0.0588921  0.0332508 -0.0435961 -0.430133 -0.212439  -9.79726 
             85.4005  -0.581706   0.731866 -0.0992702 -0.00405396   0.0120302  -0.0280058   -0.0864555     0.164128 -0.000791565 -0.0111521 -0.0226438  0.0439077   0.0102335   0.0126213 -0.00701117  0.0114789 0.00494214  0.0176574  0.0589464  0.0332384 -0.0435228  -0.43014 -0.212442  -9.79726 
              85.501  -0.558468   0.744906 -0.0608829 -0.00641509   0.0143296  -0.0265435   -0.0864272     0.164178 -0.000637996 -0.0111517 -0.0226424  0.0439072  0.00499596   0.0169307 -0.00233645  0.0114649 0.00493707  0.0176377  0.0591515  0.0331769 -0.0436621 -0.430144 -0.212427  -9.79726 
             85.6009  -0.57295  0.689354 -0.139454 -0.00611206   0.0145632  -0.0291779   -0.0864673     0.164206 -0.000702759 -0.0111519 -0.0226425  0.0439072  0.00641311   0.0183457 -0.00758147  0.0114716 0.00496141  0.0176794   0.059146  0.0332567 -0.0435102 -0.430153 -0.212442  -9.79726 
             85.7008   -0.54761   0.706494 -0.0628809 -0.00812825    0.016693  -0.0282105   -0.0864602     0.164243 -0.000605965 -0.0111513 -0.0226414  0.0439074  0.00387576   0.0207949 -0.00547922  0.0114557 0.00495728  0.0176403  0.0593074  0.0332351 -0.0436237 -0.430157  -0.21243  -9.79726 
             85.8004  -0.522214   0.772682 -0.0727572 -0.00903885   0.0162606  -0.0256637 -0.0865109   0.164229 -0.0006607 -0.0111529   -0.02264  0.0439079 0.00317578  0.0174918  0.0015717  0.0114399 0.00492257  0.0176446  0.0593914  0.0333756 -0.0438153 -0.430155 -0.212423  -9.79726 
             85.9009 -0.498182  0.733277 -0.120038 -0.00305733    0.018576  -0.0251279   -0.0864983     0.164124 -0.000799278 -0.0111526 -0.0226383  0.0439085  0.0168486  0.0198855 0.00196389  0.0114259 0.00494027  0.0176729  0.0591011  0.0333775 -0.0438416 -0.430135 -0.212424  -9.79726 
             86.0008  -0.398064   0.709745 -0.0338535 -0.00661747   0.0192565  -0.0216011   -0.0865161     0.164178 -0.000688416 -0.0111516 -0.0226338  0.0439095 0.00919933  0.0169918 0.00862118  0.0113703 0.00495833  0.0176284 0.0594013 0.0334231 -0.044048 -0.430145 -0.212409  -9.79726 
             86.1005 -0.495153   0.71995 -0.179115 -0.00365566   0.0176201   -0.022008   -0.0865935     0.164144 -0.000897579  -0.011149 -0.0226321  0.0439083  0.0150535  0.0125548 0.00624951  0.0114237 0.00495457  0.0177089  0.0592725  0.0336191 -0.0439643 -0.430143 -0.212428  -9.79726 
             86.2009 -0.459782  0.705754 -0.105086 -0.00241097   0.0162789  -0.0230723  -0.0866527    0.164165 -0.00100455 -0.0111491 -0.0226322  0.0439083     0.0169 0.00942195 0.00284369  0.0114033 0.00495933  0.0176691  0.0592688   0.033753 -0.0438526  -0.43015 -0.212444  -9.79726 
             86.3007  -0.481705   0.748846 -0.0200326 -0.00654269   0.0137122  -0.0248049  -0.0867257    0.164311 -0.00100368 -0.0111493 -0.0226289  0.0439068  0.00984376  0.00630951 -0.00123219  0.0114161 0.00493754  0.0176237   0.059562  0.0339121 -0.0437171 -0.430174 -0.212459  -9.79726 
             86.4005 -0.500109  0.700065 -0.120479 -0.00141684   0.0138517  -0.0256522 -0.0867449   0.164229 -0.0011349 -0.0111489 -0.0226275  0.0439052   0.0192671  0.00631656 -0.00245587   0.011425 0.00496689  0.0176816  0.0593326  0.0339592 -0.0436754 -0.430164 -0.212466  -9.79726 
             86.5008  -0.466625   0.745926 -0.0870935 -0.00619026   0.0144006  -0.0232154   -0.0867181     0.164344 -0.000951632 -0.0111493 -0.0226273  0.0439039 0.00838318  0.0080999  0.0042682  0.0114056 0.00494017  0.0176636  0.0597209   0.033932 -0.0438498 -0.430178 -0.212456  -9.79726 
             86.6007 -0.497355  0.712754 -0.007945 -0.0082644   0.012872 -0.0254548   -0.0867852     0.164435 -0.000979617 -0.0111504 -0.0226255  0.0439037  0.00501865  0.00665585 -0.00182271  0.0114238 0.00495829  0.0176206  0.0598538  0.0340443 -0.0436836 -0.430194 -0.212468  -9.79726 
             86.7005  -0.474661   0.748552 -0.0925636 -0.00781237   0.0145176  -0.0243283   -0.0867503     0.164428 -0.000925893 -0.0111509 -0.0226259  0.0439037  0.00759381  0.00988286 0.000781653  0.0114076 0.00494038  0.0176697 0.0598821 0.0339919 -0.043772 -0.430191 -0.212462  -9.79726 
             86.8008  -0.481817   0.756692 -0.0341592 -0.00977264   0.0129129  -0.0245776   -0.0868111     0.164493 -0.000962222 -0.0111511 -0.0226255  0.0439032  0.00478463  0.00701767 0.000202166  0.0114119 0.00493571  0.0176381  0.0600201  0.0341217 -0.0437468   -0.4302 -0.212471  -9.79726 
             86.9008 -0.468373  0.751263 -0.140602 -0.00229749   0.0148894  -0.0234973  -0.0867877    0.164324 -0.00108398 -0.0111506  -0.022622  0.0439036  0.0208464 0.00940676 0.00253017  0.0114032 0.00493732  0.0176963  0.0596751  0.0340874 -0.0438234 -0.430177 -0.212464  -9.79726 
             87.0004 -0.444807   0.74847 -0.203774 -0.00186083   0.0163236  -0.0219929  -0.0867604    0.164353 -0.00100943 -0.0111515 -0.0226235  0.0439033  0.0204583  0.0113492 0.00526185  0.0113895 0.00493913  0.0177335   0.059783  0.0340521 -0.0439065 -0.430179 -0.212461  -9.79726 
             87.1009 -0.560618  0.731538 -0.130219 -0.000608436    0.0129493   -0.0237833  -0.0868948     0.16439 -0.00119156 -0.0111524 -0.0226225  0.0439006   0.0223078  0.00717699 0.000782587  0.0114543 0.00494985  0.0176944  0.0597932  0.0342961 -0.0437582 -0.430188 -0.212478  -9.79726 
             87.2008 -0.445481  0.735382 -0.125006 0.00155413  0.0136716 -0.0242758  -0.0868952    0.164399 -0.00118133 -0.0111524 -0.0226229  0.0439005    0.0240027   0.00752538 -0.000101504  0.0113886 0.00494839  0.0176919  0.0598003  0.0342847 -0.0437236  -0.43019 -0.212478  -9.79726 
              87.301 -0.452343  0.662192   -0.2635 0.00249832  0.0159967 -0.0246267  -0.0868639    0.164449 -0.00107584 -0.0111537 -0.0226244  0.0439011   0.0209635   0.0120821 1.82127e-05  0.0113906 0.00498799  0.0177702  0.0598862  0.0341941 -0.0437077 -0.430193 -0.212472  -9.79726 
             87.4008 -0.498611  0.742695  -0.12678  0.0050877  0.0176946 -0.0265344  -0.0868637    0.164459 -0.00106606 -0.0111529 -0.0226243  0.0439014   0.0252563   0.0159732 -0.00367196  0.0114166 0.00494251  0.0176944  0.0598633  0.0341706 -0.0435941 -0.430198 -0.212474  -9.79726 
             87.5007 -0.483909  0.724071 -0.166829 -0.000166465    0.0187942   -0.0250119  -0.0869001    0.164628 -0.00087232 -0.0111527 -0.0226234  0.0439012     0.012666    0.0174206 -0.000340618  0.0114071 0.00495359  0.0177202  0.0603023  0.0341672 -0.0437198 -0.430211 -0.212453  -9.79726 
             87.6009 -0.492733  0.754071  -0.24917 0.000504193   0.0189395  -0.0232748   -0.0869314     0.164606 -0.000918497 -0.0111527 -0.0226237   0.043901  0.0140081  0.0150311 0.00263221  0.0114121 0.00493929  0.0177661  0.0603466  0.0342539 -0.0438384 -0.430213 -0.212452  -9.79726 
             87.7008  -0.446456   0.728521 -0.0537094 -0.00426136    0.020013  -0.0229564   -0.0869798     0.164748 -0.000763892 -0.0111512 -0.0226179  0.0439005  0.0031073  0.0160536 0.00366125  0.0113874 0.00495312  0.0176589   0.060685  0.0342516 -0.0438391 -0.430228 -0.212433  -9.79726 
             87.8007 -0.480003  0.739469 -0.181161 -0.00464533   0.0149814  -0.0234781  -0.0871395    0.164704 -0.00102581 -0.0111498 -0.0226177  0.0439003  0.0060571 0.00548227  0.0017941  0.0114055 0.00494326  0.0177326  0.0606867  0.0346106 -0.0437811 -0.430255 -0.212455  -9.79726 
             87.9004 -0.498341  0.772409  -0.12002 -0.00475465   0.0139475   -0.024497  -0.0871908    0.164719 -0.00106815   -0.01115 -0.0226172  0.0438999   0.00928609   0.00512447 -0.000705228  0.0114164 0.00492648  0.0177003  0.0607197  0.0346926 -0.0437083 -0.430266 -0.212459  -9.79726 
             88.0008 -0.502012  0.765614 0.0595849 -0.00746517   0.0104752  -0.0239556  -0.0872963    0.164757 -0.00112416  -0.011154 -0.0226139  0.0438994   0.00520667 -0.000258137  0.000952006  0.0114185 0.00493622  0.0176017  0.0608958  0.0348979 -0.0437468 -0.430285 -0.212459  -9.79725 
             88.1007  -0.609987   0.779789 -0.0397028 -0.00510876  0.00953007  -0.0267102   -0.087335    0.164742 -0.00122123 -0.0111538 -0.0226121  0.0438986   0.0110872  0.00236338 -0.00407621  0.0114765 0.00492799  0.0176558  0.0607821   0.034962 -0.0435725 -0.430292 -0.212472  -9.79725 
             88.2009 -0.458229  0.727995 0.0277337 -0.00816324  0.00772396   -0.025937  -0.0873762    0.164801 -0.00117334  -0.011154 -0.0226104  0.0438998  0.00545087 -0.00037438 -0.00119923  0.0113911 0.00495278  0.0176202  0.0610108  0.0350503 -0.0436489 -0.430304 -0.212468  -9.79725 
             88.3008  -0.443912   0.733182 -0.0441737 -0.00917321  0.00861547  -0.0227518  -0.0873288     0.16481 -0.00108273 -0.0111537 -0.0226099  0.0438998 0.00589768 0.00180474 0.00579361  0.011383 0.0049505 0.0176629  0.061132 0.0349947 -0.043868 -0.430297 -0.212455  -9.79725 
             88.4003  -0.502703   0.740497 -0.0451413 -0.00333069  0.00934276  -0.0246535 -0.0873474   0.164714    -0.0012 -0.0111535 -0.0226079  0.0438993   0.0180469  0.00406728 0.000302585   0.011413 0.00495129  0.0176652  0.0608423  0.0349885 -0.0437229 -0.430289 -0.212458  -9.79725 
             88.5008 -0.524249   0.74825 0.0350217 -0.00426167   0.0098945  -0.0221249  -0.0873126     0.16476 -0.00111725 -0.0111537 -0.0226079  0.0438992   0.014689 0.00705763 0.00604513  0.0114248 0.00494361  0.0176193  0.0610116  0.0349735 -0.0438901 -0.430288 -0.212454  -9.79725 
             88.6007  -0.51766  0.714465 -0.120921 -0.00101458   0.0106615  -0.0224998  -0.0873285    0.164737 -0.00116246 -0.0111535 -0.0226066  0.0438989  0.0204139 0.00999886 0.00504815  0.0114204 0.00495778  0.0177054  0.0609206  0.0349805 -0.0438334 -0.430286 -0.212454  -9.79725 
             88.7007  -0.454372   0.742961 -0.0608351 -0.000509681   0.00943195   -0.0231619  -0.0873769    0.164788 -0.00119806 -0.0111528 -0.0226075  0.0438995  0.0209659  0.0070534 0.00286952  0.0113852 0.00494546  0.0176732  0.0609982  0.0350833 -0.0437611 -0.430291 -0.212465  -9.79725 
             88.8008  -0.423162   0.752708 -0.0646118 -0.00121245  0.00790301  -0.0215092  -0.0874013    0.164847 -0.00120254 -0.0111528 -0.0226073  0.0438998  0.0177945 0.00300548 0.00633751  0.011368   0.00494 0.0176742  0.0611531  0.0351838 -0.0438512  -0.43029 -0.212472  -9.79725 
             88.9008 -0.476048  0.703447 -0.218075 -0.000415035    0.0123089   -0.0247329  -0.0873083     0.16491 -0.00102072  -0.011158 -0.0226087   0.043901    0.0168236     0.014076 -0.000854684  0.0113962 0.00496356  0.0177594  0.0612024  0.0349538 -0.0436147 -0.430311 -0.212473  -9.79725 
             89.0007  -0.462571   0.738325 -0.0982468 -0.00272009   0.0121493  -0.0233051   -0.0873132        0.165 -0.000972823 -0.0111579 -0.0226083  0.0439008  0.0126573  0.0127942 0.00262738  0.0113893 0.00494625  0.0176944  0.0614258  0.0350159 -0.0437155 -0.430315  -0.21248  -9.79725 
             89.1009 -0.507323  0.743474 -0.108814 -0.0015959  0.0114309  -0.024344  -0.0873749    0.165017 -0.00104865 -0.0111582 -0.0226082  0.0439002   0.0147852   0.0110494 0.000337504  0.0114137 0.00494608  0.0177025  0.0614224  0.0351234 -0.0436378 -0.430317 -0.212488  -9.79725 
             89.2007 -0.485205  0.772039 -0.227331 -6.44134e-05     0.015543   -0.0232141   -0.0872878     0.165017 -0.000922559 -0.0111598 -0.0226086  0.0439001  0.0169657  0.0178372 0.00306456  0.0113997 0.00492932  0.0177675  0.0614503  0.0349619 -0.0437174 -0.430314 -0.212477  -9.79725 
             89.3007  -0.417736   0.729394 -0.0478871 -0.00297164   0.0150693  -0.0216011   -0.0873244     0.165116 -0.000876149  -0.01116 -0.022605 0.0439006   0.010524  0.0139749 0.00516922  0.0113627 0.00495213  0.0176685  0.0616961  0.0350554 -0.0438039  -0.43032 -0.212479  -9.79725 
             89.4008 -0.456782  0.778801 -0.218114 0.00311979  0.0171014 -0.0218431   -0.0873094     0.164999 -0.000981451 -0.0111596 -0.0226029  0.0439015  0.0236155  0.0161576 0.00439213  0.0113819 0.00492595  0.0177635  0.0614373  0.0350418 -0.0437661 -0.430312 -0.212483  -9.79725 
             89.5007 -0.388184  0.802429 -0.140851 0.000456355   0.0167151  -0.0187973   -0.0873349     0.165088 -0.000905641 -0.0111603 -0.0226005  0.0439005 0.0174827 0.0119765 0.0105365  0.0113458 0.00491485    0.01772  0.0617213  0.0351232 -0.0439336 -0.430318 -0.212478  -9.79725 
             89.6007  -0.452846   0.746636 -0.0964389 -0.000443459    0.0139325   -0.0207113 -0.0874737   0.165161 -0.0010058 -0.0111624 -0.0225991     0.0439  0.0151121 0.00723688 0.00483164  0.0113825 0.00494344  0.0176968  0.0618247  0.0353274 -0.0437452 -0.430339 -0.212487  -9.79725 
             89.7008  -0.489333   0.733098 -0.0324504 -0.00215796   0.0114187  -0.0230958  -0.0875946    0.165248 -0.00105172 -0.0111649 -0.0225964  0.0438997    0.0119266   0.00419568 -0.000985138  0.0114015 0.00495092  0.0176629   0.061963  0.0354899 -0.0435645 -0.430362 -0.212491  -9.79725 
             89.8008 -0.455403  0.756456 -0.128403 -0.00248681   0.0131565  -0.0223369   -0.0875535     0.165287 -0.000947494 -0.0111652 -0.0225971  0.0438998   0.011097 0.00758388 0.00117138  0.0113819 0.00494027  0.0177166  0.0620669  0.0354115 -0.0436252  -0.43036 -0.212484  -9.79725 
             89.9007 -0.461667  0.707484 -0.232572 -0.000432616    0.0174562   -0.0243621   -0.0874888     0.165313 -0.000828801 -0.0111686 -0.0225973  0.0438999   0.0135613   0.0161777 -0.00256354  0.0113845 0.00496526   0.017775  0.0620266  0.0352242 -0.0434976 -0.430359 -0.212476  -9.79725 
             90.0008  -0.433792   0.746488 -0.0661715 -0.00459537   0.0150586  -0.0225464    -0.087567     0.165405 -0.000829847 -0.0111702 -0.0225942  0.0439004 0.00694498 0.00967002 0.00155055  0.0113696 0.00494522  0.0176832 0.0623197 0.0354181  -0.04363 -0.430371 -0.212477  -9.79725 
             90.1008 -0.509974  0.750257 -0.110879 -0.00190496   0.0128067  -0.0259985  -0.0876829    0.165376 -0.00102192 -0.0111702 -0.0225929  0.0438994  0.0132053 0.00579572 -0.0054868  0.0114104 0.00494621  0.0177085  0.0621735  0.0356041 -0.0434034 -0.430383 -0.212491  -9.79725 
             90.2005  -0.474147   0.744549 -0.0314286 -0.00372095   0.0102973  -0.0254046  -0.0877507    0.165421 -0.00105574 -0.0111715 -0.0225915  0.0438992   0.0101347  0.00228348 -0.00260079  0.0113928 0.00494502  0.0176632  0.0623359  0.0357589 -0.0434736 -0.430392 -0.212493  -9.79725 
             90.3009  -0.513338   0.746866 -0.0596184 -0.00494009   0.0108561  -0.0257835   -0.0877458     0.165478 -0.000983956 -0.0111716 -0.0225915  0.0438994  0.00783197    0.005573 -0.00225433  0.0114134 0.00494932  0.0176821  0.0624635  0.0357361 -0.0434707 -0.430398 -0.212489  -9.79725 
             90.4008 -0.519607  0.721786 -0.152722 -0.00357066   0.0120024  -0.0280325   -0.0877495     0.165493 -0.000980579 -0.011172 -0.022591 0.0438994  0.00987998  0.00864602 -0.00614929  0.0114174 0.00496184  0.0177317  0.0624253  0.0357094 -0.0433483 -0.430401  -0.21249  -9.79725 
             90.5005  -0.451911   0.772901 -0.0233826 -0.00799411   0.0101303  -0.0234556    -0.087765     0.165556 -0.000932602 -0.0111742 -0.0225865  0.0438987 0.00395373 0.00376858 0.00442008  0.0113806 0.00493619   0.017664  0.0627479  0.0358355 -0.0436804 -0.430402 -0.212485  -9.79725 
             90.6008 -0.508679  0.746383 -0.142285 -0.00361087   0.0123268  -0.0238303    -0.087731     0.165479 -0.000962918 -0.0111745 -0.0225853  0.0438985  0.0127209 0.00857123  0.0031968  0.0114112 0.00495219  0.0177271  0.0625413  0.0357588 -0.0436383 -0.430394 -0.212484  -9.79725 
             90.7007  -0.475816   0.780673 -0.0445483 -0.0080461  0.0136443 -0.0229712   -0.0877027     0.165603 -0.000779906 -0.0111741 -0.0225836  0.0438965 0.00583265  0.0120153 0.00399336  0.0113933 0.00492974  0.0176733 0.0628629 0.0357097 -0.043675 -0.430407 -0.212481  -9.79725 
             90.8007  -0.500123   0.772218 -0.0260473 -0.00665326  0.00955061   -0.021367 -0.0878281   0.165567 -0.0010273 -0.0111751 -0.0225843   0.043896  0.0102779  0.0024375 0.00660949  0.0114084 0.00493914  0.0176649 0.0628043 0.0360064 -0.043751 -0.430401 -0.212491  -9.79725 
             90.9008 -0.425318  0.693577 -0.121405 -0.00413654  0.00994428  -0.0231784  -0.0878479    0.165569 -0.00106693 -0.0111761  -0.022585  0.0438957  0.0149794 0.00332417 0.00121555  0.0113656 0.00497787  0.0177175  0.0627108  0.0359999 -0.0435963 -0.430404 -0.212496  -9.79725 
             91.0008  -0.447539   0.817793 -0.0492537 -0.00621201   0.0102754  -0.0200632   -0.0878082     0.165623 -0.000961823 -0.0111777 -0.0225842  0.0438939  0.0117383 0.00381236 0.00711549  0.0113782 0.00491389  0.0176781  0.0629352  0.0359889 -0.0437908 -0.430404 -0.212491  -9.79725 
             91.1007  -0.511509   0.787554 -0.0955947 -0.00258664   0.0107937   -0.023566  -0.0878508    0.165618 -0.00103891 -0.0111767  -0.022582  0.0438942    0.01936 0.00755357 -0.0017941  0.0114114 0.00492804  0.0177061  0.0627824   0.035998 -0.0435245 -0.430411 -0.212498  -9.79725 
             91.2008  -0.534677   0.767417 -0.0825151 -0.00372773  0.00982735  -0.0261167  -0.0879027    0.165703 -0.00103057 -0.0111771 -0.0225812  0.0438944   0.0156618  0.00712596 -0.00750799  0.0114235 0.00494248  0.0177003  0.0629268  0.0360788 -0.0433734 -0.430425 -0.212508  -9.79725 
             91.3008  -0.471469   0.710625 -0.0676834 -0.00367685   0.0132708    -0.02474   -0.0878204     0.165708 -0.000867062 -0.0111761 -0.0225806  0.0438947   0.0141697    0.013594 -0.00315143  0.0113882 0.00497156  0.0176925  0.0630397   0.035925 -0.0435165 -0.430424 -0.212497  -9.79725 
             91.4009 -0.553126  0.749901 -0.235913 0.000437992   0.0147136  -0.0274957  -0.0878452    0.165692 -0.00094773 -0.0111754 -0.0225772  0.0438944   0.0215669   0.0163753 -0.00802393  0.0114325 0.00495271  0.0177865  0.0628838  0.0359416 -0.0433667 -0.430424 -0.212501  -9.79725 
             91.5017 -0.475181  0.706593 -0.120336 0.000382386   0.0160256   -0.027568   -0.0878405     0.165718 -0.000892481  -0.011175 -0.0225767  0.0438947   0.0194356   0.0165813 -0.00707768  0.0113893 0.00497388  0.0177213  0.0630081  0.0359468 -0.0434146 -0.430428 -0.212501  -9.79725 
             91.6008 -0.560234  0.710054 -0.221316 -0.00262336   0.0176129  -0.0300957   -0.0878645     0.165821 -0.000760597 -0.0111755 -0.0225783  0.0438955  0.0114541  0.0201757 -0.0111369  0.0114359 0.00497267   0.017778  0.0632681  0.0359385 -0.0433002 -0.430447 -0.212502  -9.79725 
             91.7005 -0.536901  0.728316 -0.236504 0.00094348  0.0154825 -0.0285123   -0.087902    0.165729 -0.00100214 -0.0111748 -0.0225777  0.0438958   0.0194028   0.0126578 -0.00616151  0.0114239 0.00496174  0.0177875 0.0631361  0.036187 -0.043472 -0.430438 -0.212513  -9.79725 
             91.8017  -0.522999   0.743732 -0.0157736 -0.00444123   0.0174188  -0.0266272   -0.0878966     0.165821 -0.000740203 -0.0111713 -0.0225673   0.043894  0.00740875   0.0165459 -0.00139954  0.0114177 0.00495594  0.0176647  0.0635592  0.0361321 -0.0436283 -0.430449 -0.212491  -9.79725 
             91.9007 -0.488416  0.724105 -0.230314 -0.00321773   0.0165798  -0.0241828 -0.0879181   0.165757 -0.0008528 -0.0111701 -0.0225667  0.0438947  0.0107032  0.0117461 0.00353003  0.0113977 0.00496576  0.0177835  0.0635386  0.0362804 -0.0437893 -0.430449 -0.212493  -9.79725 
             92.0007   -0.4891  0.752165 -0.180262 -0.00238656   0.0189019  -0.0238651   -0.0879068     0.165773 -0.000801341 -0.0111701 -0.0225667  0.0438942  0.0127021  0.0156517 0.00325248  0.0113971 0.00495092  0.0177563  0.0635638  0.0362226 -0.0437873 -0.430447 -0.212488  -9.79725 
             92.1008 -0.429494  0.778596 -0.142189 -0.00432119   0.0164131   -0.022156   -0.0879761     0.165774 -0.000852008 -0.0111713 -0.0225653  0.0438951   0.010024 0.00853756 0.00676234  0.0113647 0.00493647  0.0177352  0.0637285  0.0364329 -0.0438679 -0.430463 -0.212489  -9.79725 
             92.2007  -0.53537  0.768819 -0.110601 -0.0010179  0.0124565 -0.0249617  -0.0880697    0.165737 -0.00113527 -0.0111727  -0.022565  0.0438929    0.0182527   0.00219307 -0.000967377  0.0114247 0.00494462  0.0177212  0.0635518  0.0367065 -0.0436446  -0.43048 -0.212522  -9.79724 
             92.3004  -0.483879   0.795499 -0.0246794 -0.00405575   0.0116849  -0.0227246  -0.0880891    0.165785 -0.00101566 -0.0111731 -0.0225615   0.043892  0.0116106 0.00140886  0.0033334  0.0113969 0.00492898  0.0176706  0.0638307  0.0367514 -0.0437911 -0.430489 -0.212505  -9.79724 
             92.4008   -0.4702   0.74342 -0.215292 -0.0043562  0.0113239 -0.0234272   -0.0881169     0.165823 -0.000997669 -0.0111734 -0.0225632  0.0438926   0.0111931  0.00178544 0.000826814  0.0113887 0.00495942  0.0177779  0.0639059  0.0367777 -0.0437218 -0.430497 -0.212506  -9.79724 
             92.5007 -0.446463  0.780953 -0.159988 0.000721942  0.00786667  -0.0223171  -0.0881646     0.16572 -0.00126042 -0.0111736 -0.0225633  0.0438938   0.0225433 -0.00601778   0.0023198  0.0113765 0.00493627  0.0177446  0.0636823  0.0369937 -0.0437843 -0.430491 -0.212522  -9.79724 
             92.6017 -0.488516  0.725771 -0.158771 -0.00199692   0.0127258  -0.0250494   -0.0881044     0.165877 -0.000894824 -0.0111767 -0.0225638  0.0438981   0.0137972  0.00746724 -0.00429328 0.0113997 0.0049702 0.0177457  0.0639661  0.0366802 -0.0435965 -0.430503 -0.212502  -9.79724 
             92.7008   -0.48349    0.71607 -0.0726011 -0.00149191   0.0105864  -0.0236219   -0.0881436     0.165857 -0.000986872 -0.0111774 -0.0225641  0.0438979   0.0142051  0.00245954 -0.00123485  0.0113977 0.00497408  0.0176963  0.0640074  0.0368438 -0.0437092 -0.430505 -0.212506  -9.79724 
             92.8007  -0.499874   0.792532 -0.0540345 -0.00510804   0.0143706  -0.0216888   -0.0880711      0.16594 -0.000680567 -0.0111764 -0.0225627  0.0438968 0.00733256  0.0108884 0.00205216  0.0114062 0.00493515  0.0176879  0.0643317  0.0366413 -0.0438384 -0.430507 -0.212483  -9.79724 
             92.9005 -0.402801  0.724015 -0.124413 -0.00537509   0.0155048   -0.021278   -0.0880719     0.165953 -0.000644391 -0.0111766 -0.0225631  0.0438969 0.00650012  0.0110047 0.00280465  0.0113531 0.00496847  0.0177258 0.0643877 0.0366333 -0.043844 -0.430509 -0.212481  -9.79724 
             93.0007  -0.36907  0.752642 -0.247757 0.000647697   0.0166244  -0.0204373   -0.0880468      0.16587 -0.000812257 -0.0111751 -0.0225575  0.0438975  0.0195574 0.00783103 0.00332786  0.0113346 0.00495742  0.0177955  0.0641024  0.0366541 -0.0438819 -0.430492 -0.212488  -9.79724 
             93.1006  -0.359578   0.741051 -0.0694036 0.000389694     0.01465  -0.0195073   -0.0880839     0.165886 -0.000850578  -0.011176 -0.0225571  0.0438981  0.0183273 0.00218866 0.00378487 0.0113307 0.0049597 0.0176956  0.0642133   0.036798 -0.0439148   -0.4305 -0.212493  -9.79724 
             93.2004  -0.454804   0.699772 -0.0836414 0.000756738   0.0126176  -0.0235025   -0.0882021     0.165958 -0.000911444 -0.0111779 -0.0225543  0.0438975    0.0165203 -0.000190552  -0.00568059  0.0113838 0.00498766  0.0177052  0.0642501  0.0369222 -0.0436286 -0.430518 -0.212497  -9.79724 
             93.3008  -0.414245   0.758772 -0.0187793 -0.00414648   0.0154307  -0.0222695   -0.0881317     0.166034 -0.000558292 -0.0111757 -0.0225503  0.0438956  0.00607032    0.006302 -0.00262926  0.0113623 0.00495065  0.0176685  0.0646477   0.036742 -0.0437372  -0.43053 -0.212481  -9.79724 
             93.4008 -0.381743  0.705267 -0.036328 -0.00818349   0.0106547   -0.023527   -0.0882429     0.166095 -0.000625516 -0.0111767 -0.0225499  0.0438965 -0.00130485  -0.0045754  -0.0048685  0.0113449 0.00498461  0.0176801  0.0648648  0.0370195 -0.0436586 -0.43055 -0.21249 -9.79724 
             93.5017  -0.529679   0.801204 -0.0281931 -0.00503255    0.011008  -0.0255917   -0.0882739     0.166072 -0.000714037 -0.0111757 -0.0225486  0.0438981   0.00911166 -0.000263205  -0.00915119  0.0114257 0.00492955   0.017676  0.0646917  0.0370083 -0.0435586 -0.430544 -0.212487  -9.79724 
             93.6008  -0.502969   0.730611 -0.0859039 -0.0083894  0.0110987 -0.0261118   -0.0882624     0.166121 -0.000555954 -0.0111763 -0.0225505  0.0438996  0.00135958  0.00129446 -0.00878583   0.011411 0.00497119  0.0177102  0.0649283  0.0369863 -0.0435751 -0.430557 -0.212488  -9.79724 
             93.7007 -0.537968   0.70238 0.0111326 -0.00846237  0.00812752  -0.0283182   -0.0883482      0.16615 -0.000694383 -0.0111775 -0.0225501  0.0438981 0.00334143 -0.0022515 -0.0124899  0.0114299 0.00498556   0.017658  0.0649173  0.0371706 -0.0434835 -0.430557 -0.212494  -9.79724 
             93.8017 -0.486484  0.778414 -0.107389 -0.00639289   0.0122001  -0.0239467   -0.0881716     0.166036 -0.000555499 -0.0111822 -0.0225487  0.0438978   0.0089786  0.00504599 -0.00126409  0.0113995 0.00494344  0.0177218  0.0648848  0.0369483 -0.0438402 -0.430548 -0.212487  -9.79724 
             93.9008  -0.471169   0.755825 -0.0789835 -0.00609625   0.0101494  -0.0233012   -0.0881967     0.166041 -0.000641976 -0.0111816 -0.0225484  0.0438985    0.0108147  0.000567161 -0.000781103  0.0113918 0.00495654  0.0177091  0.0649166  0.0370926 -0.0438829 -0.430545 -0.212495  -9.79724 
             94.0007 -0.545736  0.749447 -0.102637 -0.00081505   0.0104444  -0.0259624   -0.0882599     0.166027 -0.000801327 -0.0111814 -0.0225466  0.0438984   0.0212528  0.00332169 -0.00679587  0.0114322 0.00496007  0.0177211 0.0646733 0.0371142 -0.043719 -0.430537  -0.21249  -9.79724 
             94.1017 -0.525917  0.746671 -0.161146 -0.00160031   0.0124645    -0.02579   -0.0882154     0.166048 -0.000622103 -0.0111823 -0.0225482  0.0438983   0.0176151  0.00835768 -0.00587152 0.0114202 0.0049617 0.0177546  0.0648515  0.0370133 -0.0437684 -0.430547 -0.212489  -9.79724 
             94.2007   -0.4174  0.743287 -0.231107 0.00226006   0.012337  -0.024763  -0.0882073    0.166003 -0.00072794 -0.0111815 -0.0225456  0.0438994   0.0240203  0.00474174 -0.00340735   0.011359 0.00496449   0.017793  0.0647445  0.0370784 -0.0438636 -0.430537 -0.212488  -9.79724 
             94.3007  -0.412456   0.716185 0.00720643 -0.00123365   0.0113128  -0.0233503   -0.0881921     0.166054 -0.000582253 -0.0111807 -0.0225387  0.0439007    0.0143095   0.00268604 -0.000416373 0.0113575 0.0049814 0.0176631   0.065072   0.037138 -0.0439641 -0.430549 -0.212491  -9.79724 
             94.4009 -0.429111  0.740183 -0.169923 -0.00253875   0.0117033  -0.0218803 -0.0881745    0.16607 -0.0004845 -0.0111809 -0.0225398  0.0439006  0.0108626 0.00297513 0.00209276  0.0113644 0.00496954  0.0177608  0.0652426  0.0371278 -0.0440526 -0.430554 -0.212488  -9.79724 
             94.5007 -0.492202  0.730528 -0.213878 0.00126532  0.0119723 -0.0252072   -0.0882179     0.166084 -0.000584612 -0.0111806 -0.0225373  0.0439002   0.0181902  0.00462209 -0.00586321  0.0113996 0.00497433  0.0177854  0.0650745  0.0371481 -0.0438217 -0.430554 -0.212495  -9.79724 
             94.6017 -0.465017  0.767585 -0.152439 -0.00282588   0.0120245  -0.0220236   -0.0881863      0.16611 -0.000400188 -0.0111812 -0.0225365  0.0438993  0.00921651  0.00433844 0.000944757   0.011384 0.00495631  0.0177536  0.0654278  0.0371555 -0.0440533 -0.430563 -0.212486  -9.79724 
             94.7016 -0.515713  0.738831 -0.137376 -0.00204369   0.0109315  -0.0260218   -0.0882673     0.166163 -0.000470854 -0.0111825 -0.0225346  0.0438986   0.0114594  0.00422147 -0.00800494  0.0114137 0.00497133  0.0177454  0.0654059   0.037246 -0.0437835 -0.430574 -0.212494  -9.79724 
             94.8007  -0.504566   0.768454 -0.0838788 -0.00327103  0.00990827  -0.0270656   -0.0883009     0.166188 -0.000449883  -0.011183 -0.0225334  0.0438981  0.00935491  0.00281472 -0.00894747  0.0114094 0.00495905  0.0177159  0.0655326  0.0373242 -0.0437589 -0.430584 -0.212495  -9.79724 
             94.9007  -0.532679   0.747713 -0.0945586 -0.00778853  0.00940835  -0.0257998    -0.088306     0.166221 -0.000294073 -0.0111831 -0.0225326   0.043898  0.00150065  0.00366056 -0.00547232  0.0114257 0.00496886  0.0177227  0.0658482   0.037364 -0.0438899 -0.430595 -0.212484  -9.79724 
             95.0009  -0.43697   0.70525 -0.107565 -0.00344003   0.0111779  -0.0272986   -0.0882883     0.166199 -0.000388555 -0.0111834 -0.0225335  0.0438966  0.00983947  0.00497406 -0.00810693  0.0113714 0.00499714  0.0177303   0.065613  0.0372964 -0.0438235 -0.430584 -0.212489  -9.79724 
             95.1007  -0.485044   0.742978 -0.0171386 -0.00454526   0.0086754  -0.0258399   -0.0883055     0.166183 -0.000437391 -0.0111848  -0.022533  0.0438966   0.0091217 0.000699333 -0.00440412 0.0113987 0.0049736   0.01768  0.0657309  0.0374732 -0.0439611  -0.43059 -0.212493  -9.79724 
             95.2007   -0.47374   0.729499 -0.0242431 -0.00537257   0.0108517  -0.0261431   -0.0882814     0.166209 -0.000292187 -0.0111842 -0.0225325  0.0438966  0.00620191  0.00541001 -0.00450979  0.0113914 0.00498469  0.0176857  0.0658408  0.0373529 -0.0439631 -0.430592 -0.212484  -9.79724 
             95.3009 -0.484051  0.700114 -0.135951 -0.00472208   0.0116537  -0.0261743   -0.0882751     0.166205 -0.000284722 -0.0111842 -0.0225326  0.0438966  0.00774512  0.00763542 -0.00405089  0.0113947 0.00499522  0.0177463  0.0658477  0.0373475 -0.0439837 -0.430592 -0.212484  -9.79724 
             95.4007  -0.526212   0.735867 -0.0916478 -0.00687967   0.0103289   -0.025295   -0.0882887     0.166218 -0.000272276 -0.0111841 -0.0225334   0.043896   0.0035743  0.00517428 -0.00206264  0.0114182 0.00497872   0.017722   0.066011  0.0374636 -0.0440571 -0.430599 -0.212487  -9.79724 
             95.5007 -0.459658  0.721866  -0.14479 -0.00464734   0.0122496    -0.02517    -0.088267     0.166197 -0.000272138 -0.0111845 -0.0225329  0.0438957  0.00915908  0.00796871 -0.00224716  0.0113797 0.00498531  0.0177525  0.0659212  0.0373943 -0.0440741 -0.430594 -0.212484  -9.79724 
             95.6017 -0.420627  0.825718 -0.101998 -0.00847221   0.0114643  -0.0205079   -0.0882192     0.166175 -0.000163981 -0.0111881 -0.0225309  0.0438929 0.00365489 0.00380166 0.00673281  0.0113605 0.00492857  0.0177291  0.0662179  0.0374671 -0.0443767 -0.430602 -0.212482  -9.79724 
             95.7016 -0.511111  0.784351 -0.137965 -0.00367868  0.00956445  -0.0231994   -0.0882967     0.166183 -0.000429209 -0.0111876 -0.0225295   0.043892   0.0156023 0.000681523 -0.00119619  0.0114082 0.00495515   0.017752  0.0659487  0.0376229 -0.0441593 -0.430594 -0.212494  -9.79724 
             95.8007 -0.508276  0.773261 -0.159652 -0.00194452   0.0113011  -0.0248522   -0.0882977     0.166214 -0.000365784 -0.0111881 -0.0225291  0.0438925  0.0174841 0.00539184  -0.005151   0.011406 0.00495987  0.0177632   0.065942  0.0375356 -0.0440568 -0.430596 -0.212491  -9.79724 
             95.9009  -0.509412   0.774512 -0.0712714 -0.00628419     0.01184  -0.0244901  -0.0882898    0.166266 -0.00015548  -0.011187 -0.0225267  0.0438932  0.00815554  0.00769932 -0.00391101  0.0114062 0.00496085  0.0177143  0.0662895  0.0375135 -0.0441022 -0.430611 -0.212486  -9.79724 
             96.0007 -0.461272  0.689084 -0.100978 -0.00164708    0.014074  -0.0274359  -0.0883102    0.166276 -0.00023562  -0.011189 -0.0225278  0.0438911   0.0155331   0.0109714 -0.00959796  0.0113776 0.00500721  0.0177307   0.066067   0.037449 -0.0439365 -0.430606 -0.212488  -9.79724 
             96.1017  -0.420803    0.73809 -0.0378121 -0.00626225    0.013566  -0.0235341   -0.0882532     0.166268 -7.66471e-05 -0.0111885 -0.0225233  0.0438917   0.00606003   0.00768444 -0.000159673 0.0113553 0.0049825 0.0176979  0.0664367   0.037518 -0.0442356 -0.430612 -0.212483  -9.79724 
             96.2008  -0.476923   0.730055 -0.0840751 -0.00546087   0.0119273  -0.0232669   -0.0882806      0.16626 -0.000190695 -0.0111885 -0.0225234  0.0438913  0.00804315  0.00463548 0.000523465  0.0113837 0.00498578  0.0177236  0.0664186  0.0376608 -0.0442491 -0.430612  -0.21249  -9.79724 
             96.3008   -0.45787   0.772127 -0.0858623 -0.00638532   0.0101704   -0.022028   -0.0882896      0.16626 -0.000220405 -0.0111885 -0.0225237  0.0438909  0.00779571 0.000755465  0.00224051  0.0113735 0.00496576  0.0177267  0.0665214  0.0377799 -0.0443185 -0.430616 -0.212495  -9.79724 
             96.4017  -0.415193   0.780832 -0.0228646 -0.00764687  0.00704997  -0.0202896   -0.0883054      0.16626 -0.000281924   -0.01119 -0.0225227  0.0438914  0.00642093 -0.00552079  0.00509376  0.0113488 0.00496162  0.0176923  0.0666319  0.0379482 -0.0444065 -0.430619 -0.212503  -9.79724 
             96.5016  -0.516026   0.718224 -0.0800809 -0.00615494    0.008394   -0.024852   -0.0883497     0.166339 -0.000243034 -0.0111919 -0.0225197  0.0438925  0.00910306  0.00105683 -0.00643039  0.0114041 0.00499724  0.0177251  0.0665662  0.0378526 -0.0440878 -0.430627   -0.2125  -9.79724 
             96.6007  -0.478819   0.795049 -0.0591189 -0.00607084  0.00732891  -0.0241337   -0.0883436      0.16633 -0.000259451 -0.0111924 -0.0225199   0.043892   0.0108468 -0.00118448 -0.00487186  0.0113844 0.00495501  0.0177152  0.0666254  0.0379158 -0.0441684 -0.430626 -0.212504  -9.79724 
             96.7007  -0.420722   0.730322 -0.0427481 -0.00444069  0.00736994  -0.0225446   -0.0883115     0.166291 -0.000259272 -0.0111919 -0.0225191   0.043892   0.0135005 -0.00173777 -0.00124768  0.0113516 0.00499091  0.0177075  0.0666101  0.0379098 -0.0442949 -0.430621 -0.212503  -9.79724 
             96.8008 -0.497168  0.730546 -0.031983 -0.00258404    0.010285  -0.0256056 -0.0883188   0.166325 -0.0001476 -0.0111925  -0.022518  0.0438931  0.0152464  0.0066462 -0.0072711  0.0113934 0.00499113  0.0177014  0.0665812  0.0377461 -0.0441064 -0.430629 -0.212495  -9.79724 
             96.9007  -0.487427   0.777092 -0.0660734 -0.00461636  0.00856851  -0.0235851    -0.088288     0.166329 -0.000125229 -0.0111929  -0.022519  0.0438921   0.0117256  0.00331992 -0.00212356  0.0113882 0.00496353  0.0177206  0.0667972  0.0378667 -0.0442737 -0.430632 -0.212506  -9.79724 
             97.0017 -0.503028   0.70916 -0.109748 -0.00226288   0.0078164  -0.0265909   -0.0883548     0.166367 -0.000224358 -0.0111933 -0.0225181  0.0438915   0.0145623  0.00316672 -0.00774759 0.0113955 0.0050012 0.0177453  0.0667097  0.0379363 -0.0440929 -0.430632 -0.212507  -9.79724 
             97.1017   -0.51092   0.730782 -0.0141127 -0.00387643  0.00682827  -0.0262539   -0.0883385      0.16639 -0.000175271 -0.0111935 -0.0225174  0.0438914   0.0111395  0.00344847 -0.00502702  0.0113993 0.00498733  0.0176933  0.0668864  0.0379978 -0.0441596 -0.430637 -0.212514  -9.79724 
             97.2007  -0.534628   0.703291 -0.0364011 -0.00182117  0.00775861  -0.0272032   -0.0883422     0.166384 -0.000184492 -0.0111935 -0.0225173  0.0438913   0.0131143  0.00628445 -0.00647313  0.011412 0.0050043 0.0177065  0.0668374  0.0379751 -0.0441349 -0.430636 -0.212512  -9.79724 
             97.3017 -0.539115   0.73984 -0.113633 -0.00201338   0.0064931  -0.0253812   -0.0883334      0.16637 -0.000212285 -0.0111934 -0.0225181   0.043891   0.0133414  0.00448457 -0.00158442  0.0114121 0.00498295  0.0177494 0.0669392 0.0380813  -0.04429 -0.430634 -0.212517  -9.79724 
             97.4008 -0.470893  0.739511 -0.177252 -0.00551839   0.0097252  -0.0225869 -0.0882394   0.166379 6.8426e-05 -0.0111961 -0.0225202  0.0438884 0.00468961   0.010236 0.00364546  0.0113744 0.00498231  0.0177835   0.067242  0.0378999 -0.0444794 -0.430647 -0.212512  -9.79724 
             97.5007  -0.465626   0.714901 -0.0393943 -0.00493746   0.0120392  -0.0249932  -0.0882429    0.166422 0.000113289 -0.0111955 -0.0225212   0.043888  0.00631944   0.0140265 -0.00288311  0.0113723 0.00499803  0.0177066  0.0672281  0.0378239 -0.0443014 -0.430651 -0.212514  -9.79724 
             97.6017 -0.450227  0.746985 -0.125263 -0.00437961  0.00904554  -0.0221551  -0.088279   0.166369 -6.139e-05 -0.0111958 -0.0225202  0.0438894  0.0088325 0.00564353 0.00320448  0.0113633 0.00497614  0.0177536  0.0672389   0.038075 -0.0444955 -0.430646  -0.21252  -9.79724 
             97.7008   -0.510475    0.768617 -0.00185759 -0.00851123   0.0111937  -0.0220942  -0.0882429    0.166441 0.000141288 -0.0111936 -0.0225162  0.0438895 0.00104625  0.0118189 0.00258628  0.0113963 0.00496745  0.0176858   0.067528  0.0379691 -0.0444759 -0.430659 -0.212518  -9.79724 
             97.8007  -0.564272   0.749648 -0.0458755 -0.00518443   0.0111119  -0.0274306   -0.0883131     0.166503 -1.79663e-05 -0.0111937 -0.0225138  0.0438886  0.00891796   0.0135122 -0.00873005  0.0114253 0.00497578    0.01771  0.0673171  0.0380574 -0.0441217 -0.430656 -0.212531  -9.79724 
             97.9017  -0.487152   0.749438 -0.0476723 -0.00550631   0.0127127  -0.0247921  -0.0882752    0.166456 4.23773e-05 -0.0111935 -0.0225128  0.0438886 0.00865024  0.0141265 -0.0015784  0.0113824 0.00497813  0.0177125  0.0674138  0.0380381 -0.0443454 -0.430656 -0.212524  -9.79724 
             98.0016  -0.507316   0.722922 -0.0651373 -0.00576879   0.0126911  -0.0253188  -0.0882959    0.166478 9.53846e-06 -0.0111935 -0.0225129  0.0438888  0.00788172   0.0135645 -0.00205987  0.0113935 0.00499091  0.0177218   0.067471  0.0381148 -0.0443222 -0.430658 -0.212529  -9.79724 
             98.1008 -0.553177  0.802615 -0.234316 -0.000860483    0.0146596   -0.0240405   -0.0882866     0.166395 -6.92458e-05 -0.0111934 -0.0225091    0.04389  0.0192712  0.0164093 0.00145656  0.0114176 0.00494894  0.0178153  0.0672698   0.038109 -0.0444273 -0.430647 -0.212522  -9.79724 
             98.2006  -0.503474   0.735244 -0.0262124 -0.0025456  0.0148462 -0.0238497   -0.0882975      0.16644 -3.07867e-05 -0.0111936 -0.0225073  0.0438905  0.0135143  0.0156121 0.00166219  0.0113912 0.00498488  0.0177033  0.0674647  0.0381696 -0.0444296 -0.430655 -0.212528  -9.79724 
             98.3016  -0.498956   0.764346 -0.0861285 -0.00253247   0.0137848  -0.0239973    -0.088336     0.166465 -0.000102808 -0.0111938 -0.0225074  0.0438909   0.0131884   0.0113133 3.76185e-05  0.0113874 0.00497079  0.0177374  0.0675352  0.0383063 -0.0444124 -0.430658 -0.212535  -9.79724 
             98.4016 -0.471247  0.784039 -0.206238 -0.00278013   0.0140159  -0.0211893   -0.0883317     0.166442 -8.95377e-05 -0.0111938 -0.0225076  0.0438908 0.0131511 0.0101919 0.0058891  0.0113692 0.00495847  0.0178045  0.0676487  0.0383524 -0.0445901 -0.430657  -0.21253  -9.79724 
             98.5017   -0.433831    0.781207 -0.00334168 -0.00470595   0.0128652  -0.0208879   -0.0883621     0.166492 -9.06189e-05 -0.0111947 -0.0225057  0.0438912 0.00922438 0.00684267 0.00530019  0.0113499 0.00496158  0.0176909  0.0678182  0.0384513 -0.0445683 -0.430665 -0.212535  -9.79724 
             98.6016 -0.509809   0.76951 -0.107235 0.000655585   0.0144274   -0.024484   -0.0883809     0.166491 -0.000178573 -0.0111949 -0.0225042  0.0438908  0.0199164  0.0110453 -0.0030524  0.0113884 0.00496766  0.0177503    0.06756  0.0384243 -0.0443081 -0.430665 -0.212544  -9.79724 
             98.7008  -0.474455   0.741085 -0.0689958 -0.00303498   0.0159433  -0.0240656   -0.0883579     0.166573 -3.98096e-07 -0.0111947  -0.022504  0.0438929  0.00982541   0.0137712 -0.00113643   0.011369 0.00498408  0.0177304 0.0678852 0.0383724 -0.044354 -0.430674 -0.212539  -9.79724 
             98.8017  -0.534275   0.693257 -0.0478002 0.000615073   0.0139989  -0.0266332    -0.088447     0.166561 -0.000226613 -0.0111966 -0.0225037  0.0438896   0.0164084   0.0100576 -0.00585728  0.0114022 0.00501023  0.0177189  0.0677024  0.0385716 -0.0441992 -0.430675 -0.212551  -9.79724 
             98.9008  -0.496251   0.751122 -0.0718932 -0.00238984   0.0126497  -0.0249957   -0.0884539       0.1666 -0.000191682 -0.0111968  -0.022504  0.0438892   0.00961791    0.0068384 -0.000785641  0.0113815 0.00497952  0.0177339  0.0679713  0.0386788 -0.0443393  -0.43068 -0.212552  -9.79724 
             99.0017   -0.49802   0.722886 -0.0896006 -0.00550785     0.01286  -0.0248416   -0.0884499     0.166664 -9.97181e-05  -0.011197 -0.0225047  0.0438892  0.00314048   0.0082802 0.000824469  0.0113829 0.00499222  0.0177433  0.0682009  0.0386857 -0.0443577 -0.430688 -0.212553  -9.79723 
             99.1017  -0.522075   0.703181 -0.0496248 -0.00415725  0.00900165  -0.0265478   -0.0885592     0.166674 -0.000339144 -0.0111977 -0.0225047  0.0438882  0.00694343  0.00103263 -0.00265608  0.0113964 0.00500494  0.0177238  0.0681124  0.0389507 -0.0442484 -0.430687 -0.212564  -9.79723 
             99.2016 -0.468487  0.765718 0.0824032 -0.00807625   0.0114481  -0.0229389   -0.0884487     0.166692 -9.28375e-05 -0.0111964 -0.0224995  0.0438851 -0.000251755   0.00656405   0.00465695  0.0113677 0.00496959  0.0176529  0.0684132  0.0387963 -0.0444983 -0.430693 -0.212556  -9.79723 
             99.3007  -0.475492   0.713943 -0.0181557 -0.00561405   0.0107703  -0.0227082   -0.0884907     0.166652 -0.000218765 -0.0111959  -0.022499  0.0438852 0.00611211 0.00468839 0.00451847  0.0113692 0.00499998  0.0177111 0.0682724 0.0388824 -0.044489 -0.430687 -0.212557  -9.79723 
             99.4017  -0.437699   0.724982 -0.0586097 -0.00453888   0.0112508  -0.0221666   -0.0884895     0.166643 -0.000223549 -0.0111958 -0.0224989  0.0438852 0.00793024 0.00494986 0.00517464  0.0113478 0.00499176   0.017734 0.0682538 0.0388792 -0.044497 -0.430686 -0.212556  -9.79723 
             99.5016 -0.432571  0.745502 -0.208267 -0.00618134   0.0121243  -0.0218208   -0.0884693     0.166693 -0.000136856 -0.0111971 -0.0225024  0.0438847 0.00552267 0.00678304 0.00522416  0.0113442 0.00497961  0.0178193  0.0683994  0.0388403 -0.0444891 -0.430692  -0.21256  -9.79723 
             99.6016  -0.518867   0.711989 -0.0779214 -0.0043773  0.0111731  -0.023766   -0.0885343     0.166717 -0.000247909 -0.0111977 -0.0225019  0.0438834 0.00884606  0.0062966 0.00102833 0.0113928 0.0049999 0.0177482  0.0683106  0.0389411 -0.0443391 -0.430689 -0.212563  -9.79723 
             99.7017 -0.416821   0.74825 0.0896789 -0.00749517   0.0107823  -0.0217646   -0.0885048     0.166755 -0.000164499 -0.0111979 -0.0224972  0.0438822 0.00377602 0.00466007 0.00523655  0.0113373 0.00497817  0.0176551  0.0685444  0.0389648 -0.0444598 -0.430694 -0.212569  -9.79723 
             99.8008 -0.467038  0.728956 -0.139036 -0.00415287   0.0117269   -0.023887   -0.0885398     0.166753 -0.000223112 -0.0111979 -0.0224954  0.0438821   0.0107084  0.00691437 0.000491296  0.0113637 0.00499088  0.0177839   0.068377   0.038955 -0.0443026 -0.430691 -0.212565  -9.79723 
             99.9006   -0.556216    0.762675 -0.00881419 -0.00189501  0.00908802   -0.024812   -0.0886313     0.166749 -0.000400011  -0.011198 -0.0224954    0.04388     0.01575  0.00348405 -0.00105188  0.0114155 0.00497126  0.0177102  0.0683001  0.0391543 -0.0442479 -0.430685  -0.21257  -9.79723 
             100.002 -0.464606  0.731565 0.0085394 -0.00429989   0.0123638  -0.0230853   -0.0885214     0.166777 -0.000156711 -0.0111959 -0.0224926  0.0438795 0.00938418 0.00997491 0.00299304   0.011363 0.00498785  0.0177003  0.0685471  0.0389607 -0.0443711 -0.430695 -0.212569  -9.79723 
             100.101  -0.484913   0.730945 -0.0353794 -0.0049287    0.01078 -0.0240345   -0.0885796     0.166836 -0.000226696 -0.0111958 -0.0224927  0.0438794 0.00753135 0.00717164 0.00126244 0.0113728 0.0049892 0.0177256  0.0686206  0.0390956 -0.0442952 -0.430695 -0.212576  -9.79723 
             100.202 -0.483297  0.732268 0.0662885 -0.00680003   0.0114455  -0.0229974   -0.0885496     0.166872 -0.000154816 -0.0111953 -0.0224909  0.0438793 0.00410809 0.00863155 0.00298253  0.0113713 0.00498716  0.0176691  0.0687762  0.0390813 -0.0443577 -0.430699 -0.212581  -9.79723 
             100.302 -0.507908  0.777054 -0.130656 -0.00456868  0.00808357  -0.0222631   -0.0886457     0.166841 -0.000375982 -0.0111911 -0.0224885  0.0438795  0.0107782 0.00159508 0.00434337  0.0113829 0.00496403  0.0177796  0.0686742  0.0393267 -0.0443882 -0.430687 -0.212583  -9.79723 
             100.402  -0.449813   0.737475 -0.0958874 -0.00435963   0.0118946  -0.0230212   -0.0885698     0.166866 -0.000195328 -0.0111926 -0.0224897  0.0438784 0.00966626 0.00997923  0.0026883  0.0113506 0.00498531  0.0177604  0.0687319  0.0391124 -0.0443205 -0.430698 -0.212581  -9.79723 
             100.501  -0.457438   0.761552 -0.0206373 -0.00760147   0.0121254  -0.0212617   -0.0885376     0.166926 -0.000111301 -0.0111925 -0.0224883  0.0438783 0.00373245 0.00972987 0.00626357  0.0113554 0.00497467  0.0177193  0.0689773  0.0391258 -0.0444181 -0.430703  -0.21259  -9.79723 
             100.602  -0.518103   0.749944 -0.0505443  -0.002812  0.0145855 -0.0277601   -0.0885986     0.166958 -0.000174022 -0.0111928 -0.0224857  0.0438782   0.0132925   0.0161383 -0.00732942  0.0113882 0.00498204  0.0177375  0.0687019  0.0390719 -0.0439784 -0.430706 -0.212586  -9.79723 
             100.702  -0.505743   0.715966 -0.0280066 -0.00578474   0.0156855  -0.0249381   -0.0885472     0.166979 -7.68431e-05 -0.0111916 -0.0224854  0.0438795  0.00655292   0.0167594 0.000332285  0.0113821 0.00500078  0.0177256  0.0689623  0.0390764 -0.0442089 -0.430708 -0.212591  -9.79723 
             100.801   -0.48104   0.714057 -0.0469052 -0.00503357   0.0134002   -0.025074   -0.0886318      0.16699 -0.000243699 -0.0111915 -0.0224854  0.0438799 0.00857016  0.0100053 0.00049311  0.0113667 0.00500202  0.0177381 0.0689443 0.0392896 -0.044201 -0.430701 -0.212597  -9.79723 
             100.902  -0.47531  0.683173 -0.121571 -0.00334953   0.0142976  -0.0277258   -0.0886598     0.167022 -0.000272508  -0.011192 -0.0224853  0.0438797   0.0107201   0.0112612 -0.00469836  0.0113632 0.00501736  0.0177806 0.0688844 0.0392981 -0.044038 -0.430703 -0.212599  -9.79723 
             101.002   -0.50182   0.775181 -0.0567329 -0.00588715  0.00998714   -0.024169   -0.0887191     0.167044 -0.000403283 -0.0111952 -0.0224856  0.0438783 0.00755952  0.0016987 0.00263931 0.0113775 0.0049676 0.0177457 0.0690958 0.0395802 -0.044298 -0.430696 -0.212608  -9.79723 
             101.102 -0.54228 0.728308 -0.18186 -0.00210701    0.012319  -0.0264919   -0.0887039     0.167033 -0.000394119 -0.0111958 -0.0224833   0.043879  0.0140114 0.00814182  -0.002793  0.0113959 0.00499113  0.0178161  0.0689276  0.0394814 -0.0441455 -0.430695 -0.212605  -9.79723 
             101.202  -0.506009    0.70377 -0.0513993 -0.00564056   0.0138851  -0.0266036   -0.0886682      0.16711 -0.000232442 -0.0111946 -0.0224806  0.0438797  0.00526587   0.0121841 -0.00189304  0.0113771 0.00500596  0.0177458   0.069205  0.0394137 -0.0441606 -0.430704 -0.212607  -9.79723 
             101.302 -0.454167  0.690639 -0.265072 -0.00212014   0.0158804  -0.0241539   -0.0886284     0.167005 -0.000266187 -0.0111938 -0.0224771  0.0438794  0.0115368   0.012659 0.00402199  0.0113467 0.00501414  0.0178672 0.0690619 0.0393835 -0.044335 -0.430699 -0.212601  -9.79723 
             101.401 -0.500984  0.689552 -0.116535 -0.00368962   0.0158772  -0.0260937   -0.0886662     0.167084 -0.000251378 -0.011194 -0.022476 0.0438796   0.00758237    0.0134238 -0.000287129  0.0113737 0.00501454  0.0177858  0.0691972  0.0394411 -0.0441936 -0.430705 -0.212606  -9.79723 
             101.502 -0.484848  0.774019 0.0463408 -0.00603878   0.0137454  -0.0229593   -0.0886907      0.16707 -0.000296223 -0.0111996 -0.0224727  0.0438786 0.00453731 0.00739321 0.00659629  0.0113656 0.00497075  0.0176947  0.0693761  0.0396203 -0.0443954 -0.430711 -0.212606  -9.79723 
             101.602 -0.530059  0.770015 -0.170485 -0.00374306   0.0140808  -0.0248859    -0.088713     0.167096 -0.000369467 -0.0111982 -0.0224716   0.043879  0.0104102 0.00912226 0.00140387   0.01139 0.0049712 0.0178166  0.0692678  0.0396533 -0.0442411 -0.430709 -0.212613  -9.79723 
             101.701 -0.479522  0.718245  0.032704 -0.00486132   0.0102372  -0.0245346   -0.0887919      0.16711 -0.000510196 -0.0112018 -0.0224708  0.0438795  0.00802835 0.000865078  0.00202136   0.011364 0.00500231  0.0177047  0.0693598  0.0399055 -0.0442539 -0.430717 -0.212621  -9.79723 
             101.802   -0.55229   0.711334 -0.0556154 -0.0027668 0.00721265 -0.0256968   -0.0888601     0.167109 -0.000684773 -0.0112022 -0.0224706  0.0438781    0.0119972  -0.00287034 -0.000648825  0.0114042 0.00500581  0.0177536  0.0692676  0.0400924 -0.0441719 -0.430717  -0.21263  -9.79723 
             101.902  -0.421681   0.725793 -0.0351329 -0.00249665  0.00997435  -0.0241361   -0.0887888     0.167103 -0.000517142 -0.0112025 -0.0224702   0.043876   0.011934 0.00257106 0.00297238  0.0113326 0.00499662  0.0177435   0.069347  0.0399096 -0.0442802 -0.430717 -0.212621  -9.79723 
             102.002    -0.4272   0.728393 -0.0833284 -0.00325787  0.00658048  -0.0220902   -0.0888339     0.167097 -0.000616313 -0.0112013 -0.0224698  0.0438771   0.0100166 -0.00528252  0.00625252  0.0113356 0.00499833  0.0177676  0.0694501  0.0401067 -0.0443937 -0.430719 -0.212625  -9.79723 
             102.102 -0.521849  0.737433 -0.131371 -0.000972741   0.00665163   -0.0253114   -0.0888595     0.167146 -0.000633093 -0.0112007 -0.0224671  0.0438774    0.0143535 -0.000436226  -0.00132158  0.0113876 0.00499131  0.0177939  0.0693704   0.040084 -0.0441592 -0.430719 -0.212628  -9.79723 
             102.202  -0.478824   0.766863 -0.0662324 -0.00157498  0.00771658  -0.0243502   -0.0888181     0.167157 -0.000521361 -0.0112009  -0.022467  0.0438769  0.0125298 0.00216186 0.00134255   0.011364 0.00497753  0.0177585     0.0695  0.0400083 -0.0442335 -0.430724 -0.212627  -9.79723 
             102.301    -0.493326      0.72434 -0.000289711 -0.00332974  0.00888767  -0.0241487    -0.088788     0.167195 -0.000395732 -0.0112001 -0.0224656  0.0438777 0.00721977 0.00592326 0.00185358  0.0113721 0.00500003  0.0177228  0.0696714  0.0399432 -0.0442429  -0.43073 -0.212627  -9.79723 
             102.402  -0.567075   0.746902 -0.0521992 -0.00638552  0.00639891  -0.0263909   -0.0888532     0.167303 -0.000411099 -0.0111998 -0.0224647  0.0438765  0.00284267   0.0043549 -0.00302991  0.0114113 0.00498742  0.0177532  0.0698651  0.0401025 -0.0440915 -0.430736 -0.212637  -9.79723 
             102.502  -0.502129   0.753948 -0.0188856 -0.00849184  0.00638563  -0.0248164   -0.0888236     0.167306 -0.000347455 -0.0111998 -0.0224641  0.0438764 -0.000553027   0.00394609  0.000972424  0.0113754 0.00498639  0.0177347   0.070009  0.0401139 -0.0442123 -0.430739 -0.212638  -9.79723 
             102.601  -0.476961   0.697175 -0.0369705 -0.00545178  0.00897529  -0.0268969   -0.0888269     0.167291 -0.000359258 -0.0112007 -0.0224646  0.0438754  0.00590891  0.00926495 -0.00339703  0.0113628 0.00501512  0.0177443  0.0698335  0.0400079 -0.0440813 -0.430738 -0.212634  -9.79723 
             102.702  -0.532374   0.767143 -0.0446556 -0.00818314   0.0104065  -0.0254036   -0.0887785     0.167315 -0.000241819 -0.0112014 -0.0224655  0.0438748   0.00237878     0.012219 -0.000237902  0.0113921 0.00497847  0.0177507  0.0700388  0.0399715 -0.0442009 -0.430743 -0.212636  -9.79723 
             102.802   -0.52514   0.726745 -0.0634688 -0.00734301   0.0121581  -0.0250473   -0.0887705     0.167297 -0.000240294 -0.0112014 -0.0224654  0.0438747  0.00374024    0.014606 0.000594626  0.0113866 0.00500073  0.0177617  0.0700075    0.03995 -0.0442274 -0.430742 -0.212633  -9.79723 
             102.902  -0.498919   0.708734 -0.0518048 -0.00581543   0.0146209  -0.0257293  -0.0887686    0.167289 -0.00023647 -0.0112015 -0.0224656  0.0438744   0.00725758    0.0184751 -4.54662e-05  0.0113719 0.00500988  0.0177565   0.069945  0.0399033 -0.0441848 -0.430742 -0.212631  -9.79723 
             103.002    -0.4493    0.75437 -0.0361859 -0.00728151  0.00992279  -0.0216516  -0.0888189    0.167275 -0.00042544 -0.0112028  -0.022464  0.0438765  0.0056948 0.00492225 0.00849538  0.0113449 0.00498712  0.0177485  0.0700689  0.0402589 -0.0444416 -0.430732 -0.212639  -9.79723 
             103.102  -0.509557   0.755555 -0.0723742 -0.00680679   0.0128371  -0.0241408   -0.0888039     0.167329 -0.000329798 -0.0112026 -0.0224633   0.043877 0.00719087  0.0123586 0.00190886  0.0113784 0.00498393  0.0177674  0.0700722  0.0401245 -0.0442376 -0.430738 -0.212641  -9.79723 
             103.202 -0.423648  0.774072 -0.157391 -0.00525591    0.013597   -0.021529   -0.0887917     0.167269 -0.000359874 -0.0112025 -0.0224616  0.0438773  0.0116175 0.00990049 0.00648235  0.0113294 0.00497458  0.0178151  0.0700452   0.040152 -0.0443953 -0.430735 -0.212637  -9.79723 
             103.302 -0.457494  0.736224 -0.146303 -0.00439361   0.0162948  -0.0215819   -0.0887685     0.167282 -0.000286851  -0.011203 -0.0224616  0.0438775  0.0117048  0.0141024 0.00509362  0.0113499 0.00499547  0.0178068  0.0700637  0.0400596 -0.0443558 -0.430739 -0.212635  -9.79723 
             103.402 -0.465774  0.736912 -0.111869 -0.00487623   0.0140721  -0.0228544   -0.0888392     0.167342 -0.000395819 -0.0112038 -0.0224617  0.0438777  0.0109273 0.00825278 0.00113295  0.0113543 0.00499401  0.0177881  0.0701348  0.0402532 -0.0442413  -0.43074 -0.212645  -9.79723 
             103.502 -0.381494  0.739194 -0.159596 -0.00469626   0.0122672  -0.0199909   -0.0888418     0.167308 -0.000466065 -0.0112033 -0.0224608  0.0438785   0.0112138 0.000852418  0.00631489  0.0113068 0.00499436  0.0178151  0.0701905  0.0403891 -0.0444113 -0.430738 -0.212649  -9.79723 
             103.602 -0.440758  0.708538 -0.151932 -0.00587979   0.0129462  -0.0231761   -0.0888819     0.167408 -0.000392079  -0.011204 -0.0224595  0.0438796  0.00719065  0.00375718 -0.00154273  0.0113406 0.00501271   0.017811  0.0703021  0.0403499 -0.0441718 -0.430745 -0.212648  -9.79723 
             103.702    -0.5276   0.780838 -0.0304451 -0.00626682  0.00999606  -0.0242232   -0.0889464     0.167436 -0.000497871 -0.0112065 -0.0224589  0.0438773    0.0084982 -0.000406719  -0.00395015   0.011388 0.00497399  0.0177443  0.0703481  0.0405417 -0.0441126  -0.43075 -0.212654  -9.79723 
             103.802  -0.454734    0.73613 -0.0668526 -0.00804721   0.0102664  -0.0212626  -0.0888872    0.167413 -0.00039131 -0.011206 -0.022458 0.0438775   0.00433557 -0.000516072   0.00271002  0.0113455 0.00499883  0.0177657  0.0705173  0.0405114 -0.0443237 -0.430751 -0.212653  -9.79723 
             103.902 -0.533848  0.718156 0.0153613 -0.00449678  0.00857052  -0.0273281   -0.0890217      0.16747 -0.000577369 -0.0112085 -0.0224574  0.0438759   0.0118374 4.54835e-05   -0.010217 0.0113897  0.005008 0.0177197  0.0702988  0.0406261 -0.0439262 -0.430754 -0.212655  -9.79723 
             104.002   -0.490607    0.760669 -0.00143352 -0.00769073  0.00785643  -0.0260149    -0.088985     0.167478 -0.000451796 -0.0112091 -0.0224565   0.043875   0.00579101 -0.000788144  -0.00584014  0.0113653 0.00498574  0.0177297 0.0705606 0.0406496 -0.044071 -0.430761 -0.212655  -9.79723 
             104.102 -0.535863  0.802094 0.0899619 -0.00853988  0.00715541  -0.0247709   -0.0889608     0.167466 -0.000428367 -0.0112101 -0.0224564  0.0438744   0.00569294 -0.000477192  -0.00256801  0.0113913 0.00496401  0.0176775   0.070653  0.0406872 -0.0441871 -0.430762 -0.212657  -9.79723 
             104.202  -0.581418   0.775802 -0.0852844 -0.00582671   0.0104047  -0.0276766    -0.088969     0.167486 -0.000373202 -0.0112121  -0.022455  0.0438754   0.0113005  0.00870465 -0.00851233  0.0114154 0.00497582  0.0177738  0.0705395  0.0405242 -0.0440264 -0.430763 -0.212651  -9.79723 
             104.302  -0.495814   0.750043 -0.0126223 -0.00822005   0.0111127  -0.0263088   -0.0889152      0.16748 -0.000248642 -0.0112118 -0.0224546  0.0438757  0.00624288  0.00896026 -0.00478567  0.0113687 0.00499287  0.0177339  0.0707498  0.0405146 -0.0441627 -0.430769 -0.212656  -9.79723 
             104.402 -0.497845  0.776336  -0.11527 -0.00666021   0.0108931    -0.02533  -0.0889156    0.167456 -0.00032563 -0.0112106 -0.0224532  0.0438762   0.0104886  0.00678894 -0.00244714   0.011369 0.00497932  0.0177901  0.0707075  0.0405921 -0.0442524 -0.430762 -0.212654  -9.79723 
             104.502   -0.44955   0.735013 -0.0898251 -0.000394252   0.00947303   -0.0247222  -0.0889656    0.167415 -0.00058651 -0.0112095 -0.0224511  0.0438765   0.0220242  0.00118907 -0.00129983  0.0113431 0.00500193  0.0177765  0.0704087  0.0407474 -0.0443039 -0.430742 -0.212645  -9.79723 
             104.601  -0.494068   0.772301 -0.0277384 -0.00321247   0.0095453   -0.023819   -0.0889168     0.167448 -0.000422752 -0.0112089 -0.0224494  0.0438762   0.0148295  0.00387571 0.000633119  0.0113682 0.00497992  0.0177422   0.070705  0.0407303 -0.0443641 -0.430752 -0.212655  -9.79723 
             104.702 -0.543892  0.774442  -0.05188 -0.000832635    0.0111102   -0.0262886   -0.0889398     0.167474 -0.000414707 -0.0112089 -0.0224483  0.0438766   0.0187872  0.00901475 -0.00416888  0.0113961 0.00498167  0.0177575  0.0706482  0.0406754 -0.0442021 -0.430757 -0.212655  -9.79723 
             104.802   -0.490158    0.721382 -0.00493954 -0.00216043  0.00958891  -0.0258471   -0.0889384     0.167498 -0.000408242  -0.011209 -0.0224473  0.0438777   0.0134459   0.0047062 -0.00292491  0.0113669 0.00501214  0.0177315  0.0708208  0.0407957 -0.0442495 -0.430758 -0.212665  -9.79723 
             104.902  -0.530789   0.716938 -0.0533668 -0.0049414 0.00812922 -0.0269781   -0.0889455     0.167564 -0.000366498  -0.011209 -0.0224476  0.0438782  0.00630731  0.00354939 -0.00477317  0.0113889 0.00501294  0.0177576  0.0710444  0.0408909 -0.0441895 -0.430764 -0.212677  -9.79723 
             105.002  -0.527611    0.73426 -0.0284933 -0.00731198  0.00580618  -0.0258523   -0.0889444     0.167583 -0.000381368 -0.0112091 -0.0224474  0.0438784   0.00298913 -1.18886e-05   -0.0019914  0.0113873 0.00500275  0.0177453  0.0712167  0.0410342 -0.0442838 -0.430763 -0.212686  -9.79723 
             105.102  -0.544811   0.776969 0.00694225 -0.00961947  0.00943548  -0.0257729   -0.0888757     0.167596 -0.000159821 -0.0112076 -0.0224462   0.043878 -5.85405e-05   0.00941162  -0.00230428  0.0113959 0.00498134  0.0177266  0.0713852  0.0408233 -0.0442997 -0.430775 -0.212684  -9.79723 
             105.201  -0.573781   0.749994 -0.0643728 -0.00364709  0.00935584   -0.029421   -0.0889614     0.167592 -0.000398707 -0.0112068 -0.0224434  0.0438771  0.0131438 0.00924072 -0.0100145  0.0114124 0.00499805   0.017766   0.071026  0.0409239 -0.0440847 -0.430764 -0.212682  -9.79723 
             105.302  -0.499978   0.772202 -0.0433551 -0.00620407   0.0122329  -0.0259341 -0.0888716   0.167556 -0.0001883 -0.0112084 -0.0224426  0.0438751 0.00676694  0.0127661 -0.0016789  0.0113715 0.00498745  0.0177547  0.0712794  0.0407995 -0.0443624 -0.430771 -0.212676  -9.79723 
             105.402 -0.532356  0.697679 -0.142044 -0.00410171   0.0142975  -0.0255619   -0.0888691     0.167529 -0.000203332 -0.0112083 -0.0224418  0.0438747  0.00961625   0.0153363 -0.00128767  0.0113882 0.00502667  0.0178098  0.0712046   0.040776 -0.0443947 -0.430769 -0.212671  -9.79723 
             105.502 -0.457615  0.726217 -0.108176 -0.00591904   0.0134218  -0.0242683   -0.0888661      0.16754 -0.000208068  -0.011208 -0.0224415  0.0438756 0.00659434  0.0106744 0.00129563   0.011347 0.00500966   0.017793   0.071364  0.0408987 -0.0444733  -0.43077 -0.212678  -9.79723 
             105.601 -0.488372  0.777726 -0.117363 -0.00823672   0.0126288  -0.0227781   -0.0888606     0.167551 -0.000190295 -0.0112083 -0.0224416  0.0438751 0.00327794 0.00824466 0.00366699  0.0113642 0.00498368  0.0177985  0.0715355  0.0409967 -0.0445529 -0.430773 -0.212683  -9.79723 
             105.702  -0.540045   0.740854 -0.0868679 -0.00691597   0.0107968  -0.0256856   -0.0889265     0.167608 -0.000356837 -0.0112093 -0.0224411   0.043874    0.006105  0.00596641 -0.00294521  0.0113923 0.00500387  0.0177816  0.0714446  0.0411606 -0.0443317  -0.43077 -0.212696  -9.79723 
             105.802 -0.506298  0.771277 0.0149599 -0.00996956   0.0135114  -0.0243328   -0.0888778     0.167613 -0.000144131 -0.0112069 -0.0224374  0.0438734   0.00051045     0.011456 -3.71014e-05 0.0113735 0.0049869 0.0177264   0.071678   0.041029 -0.0444313 -0.430777  -0.21269  -9.79723 
             105.902  -0.516062   0.734626 -0.0302134 -0.00701506    0.012278   -0.025329   -0.0889248     0.167606 -0.000348935 -0.0112077 -0.0224381  0.0438727   0.0081697  0.00773019 -0.00263197  0.0113785 0.00500586  0.0177512   0.071498  0.0411867 -0.0443611 -0.430772 -0.212697  -9.79723 
             106.002 -0.473167  0.753938 -0.081104 -0.00579638   0.0112625  -0.0251214 -0.0889447   0.167595 -0.0004387 -0.0112072 -0.0224378  0.0438731   0.0114178  0.00391858 -0.00255726  0.0113541 0.00499634  0.0177796  0.0714745  0.0412931 -0.0443829 -0.43077  -0.2127 -9.79723 
             106.102  -0.515178   0.790566 0.00829679 -0.00591256  0.00780727  -0.0245875   -0.0889853     0.167605 -0.000572753 -0.0112087 -0.0224379  0.0438726    0.011827 -0.00244495 -0.00190246   0.011377 0.00497719  0.0177304  0.0715343  0.0415152 -0.0444231 -0.430769 -0.212707  -9.79723 
             106.202  -0.555066    0.75642 -0.0320694 -0.00255953  0.00878866  -0.0262207   -0.088996     0.16761 -0.00059744 -0.0112088 -0.0224372  0.0438726   0.0171307   0.0018261 -0.00565443  0.0113998 0.00499602   0.017753   0.071411  0.0414691 -0.0443286 -0.430767 -0.212706  -9.79723 
             106.302 -0.563382  0.791374 -0.049852 -0.0056625 0.00760992 -0.0247506   -0.0889698     0.167625 -0.000507252 -0.0112092 -0.0224386  0.0438718    0.010361  0.00147736 -0.00239587  0.0114048 0.00497646  0.0177646   0.071693  0.0415313 -0.0444471 -0.430774 -0.212712  -9.79723 
             106.402 -0.483578   0.77933 -0.144752 -0.00590551  0.00690356   -0.023578   -0.0889585     0.167616 -0.000498028 -0.0112087 -0.0224389  0.0438721    0.0103075 -0.000152776  0.000362468  0.0113593 0.00498394  0.0178179  0.0717741   0.041575 -0.0445256 -0.430774 -0.212713  -9.79723 
             106.501 -0.557667  0.757231 -0.124968 -0.00356726  0.00993219  -0.0275281   -0.0889762      0.16766 -0.000426406 -0.0112102 -0.0224376  0.0438726   0.0139143    0.007686 -0.00909146 0.0114013 0.0049981 0.0178061  0.0716921  0.0414177 -0.0442727 -0.430782 -0.212713  -9.79723 
             106.602   -0.511376    0.776914 -0.00495194 -0.00798879  0.00807021  -0.0269593   -0.0889603     0.167691 -0.000344775 -0.0112105 -0.0224344  0.0438728  0.00481646  0.00392537 -0.00719098  0.0113758 0.00498763  0.0177401   0.072016  0.0415372 -0.0443559 -0.430789 -0.212722  -9.79723 
             106.702 -0.558065  0.763437 -0.165571 -0.000745795    0.0100384   -0.0285036  -0.0889711    0.167659 -0.00051597 -0.0112103 -0.0224304  0.0438723   0.0197015  0.00784765 -0.00967615  0.0114001 0.00499458  0.0178313  0.0716408  0.0414991 -0.0443038 -0.430777 -0.212717  -9.79723 
             106.802  -0.511651   0.796814 -0.0446459 -0.00407894   0.0112188   -0.024696    -0.088898     0.167625 -0.000297979 -0.0112101  -0.022427  0.0438712    0.0116333   0.00920791 -0.000583908 0.0113756 0.0049785 0.0177653  0.0719785  0.0414606 -0.0445971 -0.430781  -0.21271  -9.79723 
             106.902   -0.50945   0.790498 -0.0955753 -0.0059367  0.0114865 -0.0252008   -0.0889074     0.167651 -0.000219667   -0.01121 -0.0224272   0.043871  0.00716761  0.00980807 -0.00195368  0.0113737 0.00498209  0.0177942  0.0721514  0.0414868 -0.0445589 -0.430788 -0.212713  -9.79723 
             107.001 -0.498222  0.771029 -0.147604 -0.0047874  0.0140554 -0.0255305   -0.0889013     0.167654 -0.000170388 -0.0112105 -0.0224273  0.0438709 0.00962521  0.0136507 -0.0028476  0.0113687 0.00499204  0.0178237  0.0721402  0.0414066 -0.0445455 -0.430788  -0.21271  -9.79723 
             107.102 -0.509848  0.773861 -0.044209 -0.00633336   0.0131166  -0.0231012   -0.0888867     0.167632 -0.000175596 -0.0112109 -0.0224268   0.043871  0.0071235  0.0100234 0.00185099 0.0113758 0.0049916 0.0177681  0.0722915  0.0415359 -0.0447069 -0.430788 -0.212711  -9.79723 
             107.202 -0.545397  0.756667 -0.100396 -0.00540206   0.0120929  -0.0260891   -0.0889413     0.167679 -0.000281913 -0.0112115 -0.0224262  0.0438705  0.00882275  0.00870996 -0.00510383  0.0113951 0.00500049  0.0177991  0.0722519  0.0416577 -0.0444992 -0.430795 -0.212722  -9.79723 
             107.301  -0.509026   0.733097 -0.0336835 -0.00620831  0.00926034  -0.0259745   -0.0889653     0.167676 -0.000379627 -0.0112128 -0.0224258  0.0438709  0.00749466  0.00297249 -0.00426275  0.0113768 0.00501162  0.0177609  0.0723349  0.0418651 -0.0445264 -0.430799 -0.212729  -9.79723 
             107.402 -0.474236  0.732014 0.0313528 -0.00465911  0.00587676  -0.0246998   -0.0889803     0.167643 -0.000556695  -0.011215 -0.0224262  0.0438719   0.0105735 -0.00449876 -0.00101092  0.0113571 0.00501449  0.0177242  0.0722814  0.0420827 -0.0446231 -0.430795 -0.212735  -9.79723 
             107.502  -0.517459   0.730117 -0.0238892 -0.00356176  0.00589087  -0.0282349  -0.0890126    0.167708 -0.00055364 -0.0112151 -0.0224258  0.0438719    0.0117346 -0.000496644  -0.00764121  0.0113804 0.00501393  0.0177557  0.0722631  0.0420664 -0.0443961 -0.430801 -0.212741  -9.79723 
             107.601  -0.514389   0.756426 -0.0415959 -0.00592673  0.00794366  -0.0273375   -0.0889618     0.167714 -0.000363505 -0.0112161 -0.0224269  0.0438714  0.00622425  0.00484995 -0.00493941  0.0113782 0.00500059  0.0177658  0.0724873  0.0419374 -0.0444928 -0.430808 -0.212737  -9.79723 
             107.702 -0.620704  0.740387  -0.12626 -0.0028329  0.0071928 -0.0291555   -0.0890029     0.167715 -0.000498965 -0.0112144 -0.0224241  0.0438701   0.0121347  0.00573764 -0.00784985 0.0114354 0.0050087 0.0178127 0.0723377  0.042038 -0.044406 -0.430803 -0.212739  -9.79723 
             107.802 -0.497915  0.729352 -0.159653 -0.00502997   0.0115757  -0.0267807   -0.088915    0.167693 -0.00023053 -0.0112174 -0.0224262  0.0438685  0.00606951    0.013302 -0.00180115   0.011368 0.00501357  0.0178324  0.0725662  0.0418039 -0.0445958 -0.430812 -0.212733  -9.79723 
             107.901 -0.535958  0.767227 -0.148804 -0.0042939  0.0125015 -0.0248966   -0.0889099     0.167657 -0.000251266 -0.0112179 -0.0224263  0.0438685  0.0080873  0.0134435 0.00174872  0.0113887 0.00499477  0.0178265  0.0725758  0.0418385 -0.0447205  -0.43081 -0.212729  -9.79723 
             108.002 -0.511901  0.775265  -0.10432 -0.00485805   0.0139396   -0.024281   -0.0889047     0.167669 -0.000208703 -0.0112178  -0.022426  0.0438681 0.00746163  0.0148965 0.00212734  0.0113764 0.00498951  0.0178033  0.0726617    0.04183 -0.0447418 -0.430812 -0.212729  -9.79723 
             108.102 -0.445969  0.795605 0.0242937 -0.00699778   0.0102784  -0.0214906   -0.0889433     0.167654 -0.000333247 -0.0112226 -0.0224233  0.0438697  0.0044765 0.00435465  0.0072546  0.0113394 0.00498177  0.0177338  0.0728167  0.0421036 -0.0448912 -0.430816 -0.212733  -9.79723 
             108.201 -0.508737  0.782319 -0.163363 -0.00468881   0.0110914  -0.0230128   -0.0889578     0.167682 -0.000376095 -0.0112223 -0.0224224  0.0438697 0.00998962 0.00656339 0.00216219  0.0113734 0.00498745  0.0178378  0.0727099  0.0420974 -0.0447485 -0.430814 -0.212738  -9.79723 
             108.302  -0.518715   0.770502 -0.0679076 -0.00540281   0.0113694  -0.0244308   -0.0889781     0.167731 -0.000351363 -0.0112226 -0.0224217    0.04387  0.00823302  0.00770976 -0.00132707  0.0113776 0.00499825  0.0177886  0.0727972  0.0421137 -0.0446388 -0.430819 -0.212741  -9.79722 
             108.401 -0.474366   0.74527 -0.091627 -0.00933531   0.0126218  -0.0221988  -0.0889523    0.167743 -0.00019042 -0.0112218 -0.0224208  0.0438712 -0.000245018   0.00964224   0.00407713  0.0113533 0.00500937  0.0178017  0.0730839  0.0420726 -0.0447746 -0.430824 -0.212735  -9.79722 
             108.502 -0.435761  0.738572 -0.122665 -0.00881925   0.0123657  -0.0240783   -0.0889939     0.167778 -0.000258225  -0.011222 -0.0224215  0.0438714   0.00236246   0.00715813 -0.000897352  0.0113299 0.00501325   0.017818  0.0730386  0.0421384 -0.0446225 -0.430826  -0.21274  -9.79722 
             108.602  -0.489206   0.864742 -0.0230842 -0.0116178  0.0101111 -0.0211313   -0.0890018     0.167774 -0.000299723 -0.0112256 -0.0224211  0.0438695 0.000239743  0.00238436  0.00515164  0.0113608 0.00494473  0.0177629  0.0732247   0.042304 -0.0448072 -0.430828 -0.212741  -9.79722 
             108.701 -0.517652  0.780082 -0.164326 -0.00728017   0.0110243  -0.0225418   -0.0890088     0.167753 -0.000398636 -0.0112252 -0.0224176  0.0438688  0.0101021 0.00478058  0.0005288  0.0113754 0.00498859  0.0178414  0.0729793  0.0422902 -0.0446868 -0.430824 -0.212744  -9.79722 
             108.802  -0.475319   0.752199 -0.0452959 -0.00616939  0.00930629  -0.0241667    -0.089065     0.167773 -0.000501174 -0.0112268 -0.0224182  0.0438686   0.0113855  0.00125288 -0.00265077  0.0113515 0.00500647  0.0177758  0.0729511   0.042411 -0.0445726 -0.430828 -0.212748  -9.79722 
             108.902  -0.489657   0.809371 -0.0806697 -0.00799191  0.00690794  -0.0217018   -0.0890623     0.167765 -0.000518895 -0.0112276 -0.0224185  0.0438679  0.00838578 -0.00279834   0.0026987  0.0113587 0.00497432  0.0177962  0.0731334  0.0425437 -0.0447392 -0.430829  -0.21275  -9.79722 
             109.001  -0.551697   0.763289 -0.0415642 -0.00541998     0.00663   -0.025866  -0.0891245    0.167817 -0.00058346 -0.0112287 -0.0224167  0.0438674   0.0132702 0.000653305  -0.0065905  0.0113921 0.00500099  0.0177767  0.0730116  0.0425568 -0.0444597 -0.430835 -0.212752  -9.79722 
             109.102 -0.438708  0.800908   -0.0209 -0.00748652  0.00686642  -0.0230251   -0.0890645     0.167798 -0.000458427 -0.0112286 -0.0224139  0.0438666   0.00824542 -0.000504999 -0.000574954   0.011331 0.00498404  0.0177643   0.073234  0.0425259 -0.0446767 -0.430834  -0.21275  -9.79722 
             109.202  -0.557701   0.762091 -0.0243569 -0.00456337  0.00870379  -0.0278533  -0.0891031    0.167851 -0.00045373  -0.011229 -0.0224112  0.0438673  0.0128413 0.00713737 -0.0100036  0.0113966 0.00500356  0.0177666 0.0730958 0.0424387 -0.044377 -0.430841 -0.212749  -9.79722 
             109.301  -0.581078   0.754011 -0.0706629 -0.00674485  0.00769503  -0.0291903   -0.0891237     0.167891 -0.000431711  -0.011229 -0.0224119  0.0438677 0.00811358 0.00701855 -0.0108588  0.0114072 0.00501002  0.0177953  0.0732887  0.0425277 -0.0443489 -0.430847 -0.212754  -9.79722 
             109.401 -0.514427  0.808243  0.011686 -0.00763408   0.0096171  -0.0261664   -0.0890533     0.167837 -0.000311101 -0.0112297 -0.0224108  0.0438669  0.00676868  0.00955527 -0.00252537  0.0113703 0.00498243  0.0177496 0.0734249 0.0424497 -0.044603 -0.430845 -0.212751  -9.79722 
             109.502 -0.468306   0.74616 -0.127332 -0.00754706   0.0101562  -0.0254426   -0.0890451     0.167825 -0.000307612 -0.0112292 -0.0224109  0.0438672  0.00623343  0.00876904 -0.00034354  0.0113423 0.00501438  0.0178268  0.0734668  0.0424691 -0.0446616 -0.430844 -0.212751  -9.79722 
             109.601   -0.507868    0.762229 0.000577371 -0.00719815  0.00741558   -0.024986   -0.0890872     0.167834 -0.000459884 -0.0112302 -0.0224114  0.0438673  0.00817499  0.00335525 0.000850437  0.0113644 0.00500514  0.0177568  0.0734755  0.0426784 -0.0446907 -0.430839 -0.212756  -9.79722 
             109.701 -0.542843  0.749825 0.0245447 -0.00695173   0.0117464  -0.0252141   -0.0890323     0.167829 -0.000271516 -0.0112289 -0.0224106  0.0438683   0.0075789   0.0133213 0.000167478  0.0113822 0.00501384  0.0177458  0.0735259  0.0424515 -0.0446756 -0.430846 -0.212752  -9.79722 
             109.802   -0.55409   0.746025 -0.0288322 -0.00779553   0.0104295  -0.0264009   -0.0890694     0.167882 -0.000348952 -0.0112286 -0.0224106   0.043868  0.00555993    0.010747 -0.00184217 0.0113861 0.0050152 0.0177755  0.073603 0.0425968 -0.044597 -0.430846  -0.21276  -9.79722 
             109.901  -0.497235   0.785464 -0.0455779 -0.00832035  0.00923212  -0.0230724    -0.089058      0.16784 -0.000405192 -0.0112291 -0.0224097  0.0438684 0.00572925 0.00652166 0.00547131   0.011355 0.00499204  0.0177853  0.0736856  0.0427202 -0.0448157 -0.43084 -0.21276 -9.79722 
             110.001  -0.537728   0.790137 -0.0399882 -0.00622686   0.0119142  -0.0251793    -0.089061     0.167862 -0.000363566 -0.0112287 -0.0224094  0.0438687    0.010422   0.0134909 0.000497745  0.0113779 0.00499005  0.0177821  0.0736008  0.0426174 -0.0446547 -0.430844 -0.212759  -9.79722 
             110.102 -0.493764  0.777859 -0.152929 -0.00385302   0.0133638  -0.0251583  -0.0890674    0.167845 -0.00038895 -0.0112286 -0.0224085  0.0438688    0.014804   0.0139098 0.000517585  0.0113508 0.00499862  0.0178478  0.0735343  0.0426168 -0.0446533 -0.430843 -0.212757  -9.79722 
             110.202   -0.514426    0.754789 -0.00109871 -0.00585111   0.0135167  -0.0224841   -0.0890494     0.167855 -0.000354492 -0.0112283  -0.022407  0.0438691  0.0091214   0.013265 0.00601609  0.0113621 0.00501166  0.0177635 0.0737401 0.0426704 -0.044814 -0.430842  -0.21276  -9.79722 
             110.301 -0.492184  0.743608 -0.100427 -0.00460408   0.0140344  -0.0243666   -0.0890791     0.167903 -0.000398235 -0.0112285 -0.0224073  0.0438691  0.0112044  0.0130825 0.00142085  0.0113485 0.00501708  0.0178201 0.0737098 0.0427132 -0.044657 -0.430843 -0.212765  -9.79722 
             110.402  -0.50766  0.740323 -0.154178 -0.00456583    0.011371  -0.0249817    -0.089144     0.167939 -0.000541819 -0.0112269 -0.0224074  0.0438689   0.0108149  0.00727241 0.000391111  0.0113566 0.00501923  0.0178509  0.0737543  0.0429278 -0.0446068 -0.430841 -0.212773  -9.79722 
             110.501  -0.529792   0.785107 -0.0644273 -0.00693169  0.00973655  -0.0246371   -0.0891651     0.167993 -0.000557057 -0.0112274 -0.0224065  0.0438685 0.00677389 0.00495844 0.00123142   0.011368 0.00499589  0.0178019  0.0739457  0.0430419 -0.0446247 -0.430842 -0.212778  -9.79722 
             110.602 -0.569404  0.723488 -0.170151 -0.00103773   0.0101661  -0.0288819   -0.0892007     0.167989 -0.000692469 -0.0112277 -0.0224027   0.043867   0.0173866  0.00744516 -0.00718356  0.0113891 0.00502799  0.0178595  0.0736305  0.0430737 -0.0443561 -0.430841 -0.212784  -9.79722 
             110.702 -0.521097  0.778002 0.0906885 -0.00674866   0.0118084  -0.0257966   -0.0891345     0.168048 -0.000464556 -0.0112243 -0.0223914  0.0438649  0.00491806   0.0109469 0.000875451 0.0113632 0.0049987 0.0177169  0.0740818  0.0429898 -0.0445978 -0.430843 -0.212777  -9.79722 
             110.802  -0.550615   0.748972 -0.0642328 -0.00381387   0.0115883  -0.0267485  -0.0891699    0.168027 -0.00058154 -0.0112241 -0.0223913  0.0438644    0.0110195    0.0104055 -0.000612498  0.0113776 0.00501588  0.0178053 0.0739356 0.0430777 -0.044537 -0.430842 -0.212781  -9.79722 
             110.901  -0.539763   0.735951 -0.0923359 -0.00399359   0.0105776  -0.0277545  -0.0892065    0.168062 -0.00063395 -0.0112236 -0.0223915  0.0438644  0.00918539  0.00884596 -0.00199196  0.0113716 0.00502309  0.0178213  0.0739952  0.0431867 -0.0444784 -0.430844 -0.212785  -9.79722 
             111.001 -0.542246  0.746135 0.0331961 -0.00605565   0.0080661   -0.026498   -0.0892459     0.168085 -0.000688703 -0.0112253 -0.0223902  0.0438643 0.00552003 0.00416867 0.00112809  0.0113725 0.00501637   0.017754  0.0741594  0.0433662 -0.0445714 -0.430845 -0.212787  -9.79722 
             111.102  -0.591346    0.79836 -0.0863426 -0.00219019  0.00848017  -0.0271006   -0.0892621     0.168048 -0.000773523 -0.0112245 -0.0223886  0.0438652   0.0144257  0.00683275 6.74739e-05  0.0113969 0.00498849  0.0178215  0.0739786  0.0433894 -0.0445299 -0.430842 -0.212787  -9.79722 
             111.201  -0.500307   0.759244 -0.0244812 -0.00645203  0.00965083  -0.0230221   -0.0892056     0.168061 -0.000590849 -0.0112243 -0.0223862  0.0438645 0.00360035 0.00821002 0.00912115  0.0113457 0.00501064  0.0177876  0.0743248  0.0433312 -0.0447867 -0.430847 -0.212781  -9.79722 
             111.301 -0.536299  0.706621 -0.055272 -0.00732398   0.0105308  -0.0247729  -0.0892102    0.168132 -0.00056565 -0.0112254 -0.0223867  0.0438649 0.00140004  0.0113305 0.00434545  0.0113653 0.00503804  0.0178068  0.0743812  0.0433203 -0.0446242  -0.43085 -0.212789  -9.79722 
             111.401  -0.498536   0.769484 -0.0281501 -0.00813615   0.0133786  -0.0233526    -0.089166     0.168127 -0.000461467 -0.0112255 -0.0223863  0.0438642  0.001787 0.0156765 0.0065112  0.0113446 0.00500398  0.0177945  0.0744577  0.0432146 -0.0446915 -0.430853 -0.212786  -9.79722 
             111.501 -0.454059  0.766934 -0.123983 -0.00922124   0.0141482  -0.0218685   -0.0891665     0.168129 -0.000454958 -0.0112253 -0.0223866  0.0438643 0.000536675   0.0137999  0.00864616  0.0113188 0.00500861  0.0178481  0.0745354  0.0432463 -0.0447482 -0.430853 -0.212786  -9.79722 
             111.602 -0.500785  0.752132 -0.150677 -0.0045495  0.0148868 -0.0245197   -0.0892155      0.16812 -0.000602547 -0.0112246 -0.0223838  0.0438639  0.0106976  0.0137748 0.00223024  0.0113461 0.00501489  0.0178612  0.0742544  0.0433065 -0.0445358 -0.430849 -0.212789  -9.79722 
             111.701 -0.443199  0.793836 0.0412745 -0.0097327  0.0146546  -0.021726  -0.0891887    0.168171 -0.00049692 -0.0112247 -0.0223773  0.0438625 0.00167577  0.0116431 0.00783305  0.0113152 0.00499331  0.0177592  0.0746282  0.0433615 -0.0446988 -0.430853 -0.212792  -9.79722 
             111.802 -0.49213 0.757076 -0.22675 -0.00591077   0.0127693  -0.0228217  -0.0892588     0.16815 -0.00072821 -0.0112207 -0.0223728  0.0438609 0.00977806 0.00624578 0.00518273 0.0113394  0.005016 0.0179062  0.0743992  0.0435523 -0.0445855 -0.430848 -0.212797  -9.79722 
             111.902   -0.523645    0.701654 -0.00848029 -0.00638174   0.0103261  -0.0252867  -0.0893356    0.168219 -0.00082605 -0.0112236 -0.0223717    0.04386  0.00758693  0.00358224 -0.00038714  0.0113582 0.00504484  0.0177847  0.0744482  0.0437169 -0.0444011 -0.430851 -0.212803  -9.79722 
             112.002  -0.538463   0.803897 -0.0467862 -0.00796953   0.0087672  -0.0238542   -0.0893432     0.168237 -0.000835218 -0.0112245 -0.0223717  0.0438588 0.00624669 0.00165273 0.00348263   0.011365 0.00499139  0.0178081  0.0745927   0.043813 -0.0444924 -0.430851 -0.212805  -9.79722 
             112.101  -0.556133   0.775102 -0.0532491 -0.00351818  0.00912784  -0.0260023   -0.0893748     0.168211 -0.000934935 -0.0112244 -0.0223713  0.0438588    0.0141415   0.00424796 -0.000803326  0.0113752 0.00500783  0.0178121  0.0743676  0.0438222 -0.0443446  -0.43085 -0.212806  -9.79722 
             112.202   -0.545227     0.78623 -0.00647532 -0.00646921   0.0108366  -0.0233879   -0.0893048     0.168246 -0.000755121  -0.011224 -0.0223701  0.0438583   0.007772 0.00907491 0.00501994  0.0113692 0.00500062  0.0177875    0.07464  0.0437299 -0.0445191 -0.430852 -0.212804  -9.79722 
             112.301  -0.557516   0.721849 -0.0855271 -0.00684486   0.0118558  -0.0255593   -0.0893235     0.168319 -0.000729926 -0.0112252 -0.0223701  0.0438588  0.00539785   0.0117394 0.000341731  0.0113748 0.00503984  0.0178324  0.0746882  0.0437171 -0.0443583 -0.430854 -0.212807  -9.79722 
             112.401 -0.560007  0.777654 -0.114135 -0.00363302   0.0116934   -0.026021   -0.0893649     0.168278 -0.000857467 -0.0112242 -0.0223687  0.0438594    0.0128139    0.0108501 -0.000252649  0.011376 0.0050063 0.0178482  0.0745391  0.0438063 -0.0443352 -0.430852 -0.212807  -9.79722 
             112.502 -0.522149  0.730849 -0.123054 -0.00511008   0.0128614  -0.0241263   -0.0893387     0.168287 -0.000770404  -0.011224 -0.0223689  0.0438598 0.00845431  0.0119393 0.00393718   0.011355 0.00503345  0.0178535  0.0747055  0.0437859 -0.0444608 -0.430853 -0.212805  -9.79722 
             112.601  -0.567369   0.741933 -0.0541681 -0.00261008   0.0109669  -0.0251683   -0.0894133     0.168284 -0.000955466  -0.011225 -0.0223697  0.0438596  0.0130792  0.0083955 0.00164102  0.0113804 0.00502672  0.0178135  0.0745921  0.0439708 -0.0443749 -0.430851 -0.212809  -9.79722 
             112.702 -0.530435  0.793273 0.0105955 -0.00596721   0.0112819   -0.022375   -0.0893872     0.168312 -0.000835948 -0.0112254 -0.0223664  0.0438581 0.00660872   0.009196 0.00756109  0.0113594 0.00499951  0.0177806  0.0748749  0.0439768 -0.0445441 -0.430854 -0.212805  -9.79722 
             112.802  -0.437573   0.727769 -0.0282938 -0.00571672  0.00806712  -0.0225822   -0.0894608     0.168335 -0.000998853 -0.0112259 -0.0223672  0.0438606  0.00653998 0.000921685  0.00615788  0.0113075 0.00503587  0.0178041  0.0748705  0.0441922 -0.0444829 -0.430853 -0.212811  -9.79722 
             112.901 -0.493154  0.732937 -0.111404 -0.00522229  0.00926246  -0.0248891   -0.0894604     0.168396 -0.000952467 -0.0112266 -0.0223678  0.0438606 0.00711107 0.00518204 0.00109133  0.0113363 0.00503284  0.0178498  0.0748753  0.0441279 -0.0443066 -0.430855 -0.212817  -9.79722 
             113.001  -0.506807   0.772354 -0.0577476 -0.00857593  0.00937494  -0.0246384   -0.0894491      0.16846 -0.000856981 -0.0112267 -0.0223678    0.04386 0.000970927  0.00642901  0.00183384  0.0113441 0.00501115  0.0178209  0.0751084  0.0441277 -0.0443204 -0.430859  -0.21282  -9.79722 
             113.102   -0.58653   0.725545 -0.0281745 -0.00466739   0.0101974  -0.0288463   -0.0894949     0.168477 -0.000966039 -0.0112275 -0.0223653  0.0438588  0.00907621   0.0102973 -0.00639973  0.0113891 0.00503633  0.0178047  0.0748718  0.0441406 -0.0440559 -0.430857 -0.212824  -9.79722 
             113.201  -0.501923   0.742972 -0.0437621 -0.00586119  0.00797518  -0.0259651  -0.0895041    0.168441 -0.00102837 -0.0112277 -0.0223648  0.0438592  0.0069038 0.00372295 0.00107743 0.0113415 0.0050273 0.0178149  0.0749978  0.0443098 -0.0442798 -0.430856 -0.212824  -9.79722 
             113.301 -0.428665  0.775975 -0.106541 -0.00994333   0.0116808  -0.0207771   -0.0893775     0.168411 -0.000743085 -0.0112306 -0.0223639  0.0438555 -0.000971394   0.00908364    0.0116956  0.0113022 0.00500875  0.0178481  0.0753133  0.0440952 -0.0446074 -0.430863 -0.212818  -9.79722 
             113.402 -0.513294  0.790255 -0.130282 -0.00491884   0.0115527   -0.023029   -0.0894446     0.168396 -0.000924958 -0.0112299 -0.0223624  0.0438553  0.0114619 0.00843134 0.00488743  0.0113492 0.00500102  0.0178605  0.0750115  0.0441833 -0.0444004 -0.430858 -0.212819  -9.79722 
             113.501  -0.418607   0.775304 -0.0688095 -0.00915768   0.0124847  -0.0187863   -0.0893791     0.168411 -0.000755291   -0.01123 -0.0223603  0.0438545 0.00223704 0.00725918  0.0126893  0.0112982 0.00500988  0.0178264  0.0753343  0.0441451 -0.0446387 -0.430862 -0.212819  -9.79722 
             113.602  -0.497867   0.719007 -0.0343262 -0.00799123   0.0107663  -0.0211418   -0.0894656     0.168463 -0.000890224 -0.0112321   -0.02236  0.0438533 0.00595219 0.00401639 0.00512829 0.0113427 0.0050419 0.0178079  0.0752502  0.0442897 -0.0444151 -0.430861 -0.212823  -9.79722 
             113.701 -0.437483  0.760328 -0.107671 -0.00842785   0.0118101  -0.0215683   -0.0894659     0.168495 -0.000831313 -0.0112323 -0.0223607   0.043853 0.00518047 0.00600121 0.00363176  0.0113109 0.00501756  0.0178465  0.0753124  0.0442439 -0.0443595 -0.430863 -0.212822  -9.79722 
             113.801 -0.395512  0.791215 -0.024624 -0.00842999  0.00981496  -0.0196612   -0.0894684     0.168481 -0.000899741 -0.0112333 -0.0223602  0.0438537   0.00681892 -0.000971312   0.00649755  0.0112889 0.00500512  0.0178041  0.0753437  0.0443746 -0.0444634 -0.430861 -0.212826  -9.79722 
             113.901 -0.469841  0.790709 -0.169946 -0.00414143   0.0118142  -0.0235887   -0.0895287     0.168509 -0.000934219 -0.0112334 -0.0223567  0.0438546   0.0152931  0.00486655 -0.00230985  0.0113292 0.00500171  0.0178819   0.075137  0.0442763 -0.0441891 -0.430862 -0.212818  -9.79722 
             114.001  -0.500625   0.755986 -0.0336824 -0.00534116   0.0110227  -0.0240011   -0.0895397     0.168538 -0.000896495 -0.0112335 -0.0223558   0.043855   0.0114774  0.00362915 -0.00216743  0.0113466 0.00502672  0.0178084  0.0752809  0.0443355 -0.0441816 -0.430865  -0.21282  -9.79722 
             114.101  -0.57001  0.741289 -0.114217 -0.00591016  0.00950737  -0.0267564   -0.0896077     0.168595 -0.000917896 -0.0112335 -0.0223543   0.043854 0.00954386 0.00364329 -0.0071911  0.0113851 0.00503116  0.0178525  0.0753584  0.0444423 -0.0440259 -0.430869 -0.212819  -9.79722 
             114.201 -0.567845  0.777434 -0.169178 -0.00472632   0.0107392  -0.0282562   -0.0896124     0.168605 -0.000892021 -0.0112338 -0.0223541  0.0438542   0.0119179  0.00654254 -0.00859111  0.0113833 0.00501547  0.0178843  0.0753524  0.0443966 -0.0439823  -0.43087 -0.212817  -9.79722 
             114.301 -0.502509  0.752528 -0.115447 -0.00598512  0.00853174  -0.0254205   -0.0895763     0.168574 -0.000903246 -0.0112341 -0.0223526  0.0438549  0.00900373 0.000883614 -0.00143469 0.0113486 0.0050257 0.0178533  0.0754948   0.044546 -0.0442182 -0.430869 -0.212823  -9.79722 
             114.401  -0.522534   0.761166 -0.0972932 -0.00324834   0.0104202  -0.0271284     -0.08958     0.168579 -0.000902498 -0.0112339 -0.0223531  0.0438547   0.0138309  0.00524745 -0.00461367  0.0113593 0.00502586  0.0178445  0.0753947  0.0444548 -0.0441238 -0.430868 -0.212822  -9.79722 
             114.502 -0.486046  0.749663 0.0190969 -0.0046915  0.0117418 -0.0256982   -0.0895418     0.168587 -0.000779935 -0.0112326 -0.0223498  0.0438541   0.00956989   0.00771575 -0.000738601  0.0113411 0.00502826  0.0177779  0.0755651  0.0444016 -0.0442426 -0.430868 -0.212818  -9.79722 
             114.601 -0.573757   0.74245 -0.159226 -0.00292457    0.011802  -0.0251704   -0.0895414      0.16856 -0.000838119 -0.0112318 -0.0223497  0.0438539     0.01191  0.00812274 0.000952302  0.0113866 0.00503476  0.0178736  0.0755235  0.0444585 -0.0442849 -0.430868 -0.212819  -9.79722 
             114.701   -0.53983   0.723056 -0.0987273 -0.00471259   0.0123114  -0.0265754   -0.0895635     0.168612 -0.000758897 -0.0112321   -0.02235  0.0438542  0.00727994  0.00981731 -0.00266992  0.0113674 0.00504273  0.0178419  0.0756813    0.04446 -0.0441973 -0.430872 -0.212819  -9.79722 
             114.801  -0.473141   0.760991 -0.0791157 -0.00806898   0.0117038  -0.0235056   -0.0895367     0.168592 -0.000673709 -0.0112332 -0.0223481  0.0438535 0.000805295  0.00619232   0.0042053  0.0113317 0.00502425  0.0178297  0.0759224  0.0445321 -0.0444082 -0.430877 -0.212814  -9.79722 
             114.902 -0.469807  0.769038 -0.229502 -0.00470733   0.0140674   -0.025303   -0.0895423     0.168608 -0.000708689 -0.0112336 -0.0223466  0.0438535   0.00925705   0.00959239 -0.000545314  0.011329 0.0050183 0.0179136  0.0757441  0.0444427 -0.0442765 -0.430872 -0.212816  -9.79722 
             115.001 -0.500935  0.760989 -0.124444 -0.00586605  0.00966825  -0.0252609   -0.0895954     0.168608 -0.000857358 -0.0112345  -0.022347  0.0438534   0.00700815 -5.24784e-05 -0.000422201  0.0113482 0.00502335  0.0178552  0.0758319  0.0447426 -0.0442813 -0.430879 -0.212823  -9.79722 
             115.101  -0.549484   0.775814 0.00827603 -0.00776324  0.00881446  -0.0257333   -0.0896126     0.168634 -0.000810745 -0.0112346 -0.0223447  0.0438532  0.00400785  0.00072774 -0.00184051 0.0113766 0.0050144 0.0177826  0.0759741  0.0447879 -0.0442563 -0.430884 -0.212822  -9.79722 
             115.201   -0.52836   0.741629 -0.0977046 -0.00457052  0.00839203   -0.028466   -0.0896457     0.168659 -0.000933425 -0.0112349 -0.0223442  0.0438525   0.0102027 0.000740414 -0.00714089  0.0113656 0.00503394  0.0178431  0.0757983  0.0448283 -0.0440968 -0.430881 -0.212829  -9.79722 
             115.301 -0.547832  0.759315 -0.102376 -0.00558785  0.00889855  -0.0263095   -0.0896089     0.168626 -0.000846674 -0.0112352 -0.0223451  0.0438526  0.00772251  0.00275947 -0.00178791  0.0113777 0.00502469   0.017847   0.075936  0.0448073 -0.0442785 -0.430882 -0.212823  -9.79722 
             115.402  -0.593117    0.73331 -0.0445436 -0.00480825  0.00779779  -0.0293321   -0.0896587     0.168673 -0.000917563 -0.0112362 -0.0223442   0.043852  0.00894539  0.00356569 -0.00709323  0.0114016 0.00503997  0.0178163  0.0759103  0.0448931 -0.0440953 -0.430885 -0.212829  -9.79722 
             115.501 -0.489635  0.727879 0.0122636 -0.00754502  0.00712885  -0.0249675   -0.0896022     0.168606 -0.000821529 -0.0112357 -0.0223397  0.0438525 0.00285974 0.00114393 0.00327478  0.0113459 0.00504168  0.0177833 0.0761366 0.0449406 -0.044412 -0.430889 -0.212821  -9.79722 
             115.601  -0.498155   0.730024 -0.0585167 -0.00710929  0.00717674  -0.0255441   -0.0896126     0.168621 -0.000831911 -0.0112357   -0.02234  0.0438526 0.00376637 0.00154671 0.00119503 0.0113509 0.0050418 0.0178234  0.0761242  0.0449457 -0.0443595 -0.430889 -0.212823  -9.79722 
             115.701  -0.559419   0.699313 0.00784986 -0.0108019 0.00302618 -0.0277775   -0.0896721       0.1687 -0.000889287 -0.0112368 -0.0223389  0.0438525 -0.00347151 -0.00347862 -0.00394657  0.0113838 0.00505804  0.0177879  0.0763181  0.0451774 -0.0442078 -0.430894 -0.212833  -9.79722 
             115.802  -0.511067   0.797737 -0.0850739 -0.0112851 0.00373868 -0.0251328   -0.0896264     0.168639 -0.000830933 -0.0112391 -0.0223388  0.0438519 -0.00138255 -0.00222428  0.00157811  0.0113575 0.00500522  0.0178404  0.0763561  0.0451201 -0.0444022 -0.430896 -0.212828  -9.79722 
             115.901  -0.551511    0.76888 -0.0886686 -0.0106517 0.00497354 -0.0254641   -0.0896212      0.16864 -0.000802595 -0.0112393 -0.0223386  0.0438522  0.00145543  0.00266885 0.000197387  0.0113817 0.00501697  0.0178413  0.0763169  0.0450504 -0.0443744 -0.430896 -0.212826  -9.79722 
             116.002 -0.553347  0.801771 0.0312256 -0.0121719 0.00524368 -0.0241318   -0.0896004     0.168625 -0.000747404 -0.0112395 -0.0223381  0.0438518 0.000317561    0.003601  0.00227252  0.0113842 0.00500264  0.0177757  0.0764193  0.0450475 -0.0444562 -0.430899 -0.212826  -9.79722 
             116.101 -0.493784  0.763429 -0.119056 -0.00730283  0.00866126  -0.0235469   -0.0895897      0.16858 -0.000772123 -0.0112405 -0.0223355   0.043851 0.00987434 0.00895626 0.00261166   0.011351 0.00502125  0.0178573  0.0761621  0.0449025 -0.0444806 -0.430895 -0.212816  -9.79722 
             116.201  -0.532251   0.799712 -0.0110786 -0.00475988   0.0064689  -0.0261937  -0.0896593    0.168632 -0.00095896 -0.0112404 -0.0223355  0.0438508   0.0160324  0.00435908 -0.00409732  0.0113709 0.00500476  0.0178002  0.0760519  0.0450898 -0.0442944 -0.430889 -0.212822  -9.79722 
             116.302  -0.509812   0.758758 -0.0581586 -0.00576178  0.00797284  -0.0244858   -0.0896165     0.168601 -0.000823468 -0.0112399 -0.0223353  0.0438513   0.0115708   0.0072114 0.000374746  0.0113602 0.00502516  0.0178243 0.0762143 0.0450211 -0.044424 -0.430894 -0.212821  -9.79722 
             116.401 -0.474036  0.754527 -0.204393 -0.00292713  0.00910873  -0.0240664   -0.0896142     0.168584 -0.000857176 -0.0112397 -0.0223339  0.0438509  0.0162728 0.00755975  0.0011805  0.0113384 0.00502965  0.0179063  0.0761302  0.0450087 -0.0444471 -0.430892 -0.212818  -9.79722 
             116.501  -0.565129    0.77934 -0.0983899 6.78134e-05  0.00757267  -0.0251822  -0.0896533    0.168599 -0.00100833 -0.0112401 -0.0223342  0.0438501   0.0203135  0.00586049 -0.00168473  0.0113894 0.00501259  0.0178472  0.0760371  0.0451613 -0.0443691 -0.430888 -0.212823  -9.79722 
             116.602 -0.559004    0.8112 -0.200534 9.69056e-05  0.00995122  -0.0243836   -0.0896258     0.168599 -0.000865345 -0.0112408 -0.0223351    0.04385    0.0194891    0.0106331 -0.000778456  0.0113847 0.00499691  0.0179047  0.0761742  0.0450547 -0.0444305 -0.430891 -0.212819  -9.79722 
             116.701 -0.625174  0.737547 -0.131508 -0.000206997    0.0102208   -0.0293045    -0.089684     0.168694 -0.000855201 -0.0112427 -0.0223317  0.0438504  0.0145201   0.013175 -0.0107247  0.0114225 0.00504028  0.0178666   0.076263   0.045098 -0.0441231 -0.430898 -0.212827  -9.79722 
             116.801 -0.550304  0.727132 -0.133152 -0.00278994   0.0103129  -0.0275811   -0.0896697     0.168669 -0.000769804  -0.011242 -0.0223303  0.0438512  0.00818158   0.0118932 -0.00591342  0.0113813 0.00504326  0.0178681  0.0765048  0.0451564 -0.0442928 -0.430901 -0.212821  -9.79722 
             116.901 -0.556667  0.780892 -0.150058 -0.0049334 0.00951818 -0.0280111   -0.0896908     0.168679 -0.000757392 -0.0112421 -0.0223301   0.043851  0.00433036  0.00935382 -0.00607536  0.0113846 0.00501903  0.0178785  0.0766668  0.0452631 -0.0442958 -0.430907 -0.212821  -9.79722 
             117.002 -0.549314   0.78841 -0.123231 -0.00306876  0.00948698   -0.026521   -0.0896723      0.16863 -0.000839184 -0.0112431 -0.0223303  0.0438516  0.00866754  0.00772647 -0.00243417  0.0113815 0.00501338  0.0178621   0.076592  0.0453347 -0.0444249 -0.430906 -0.212821  -9.79722 
             117.101  -0.48186  0.764213 -0.138223 -0.00544659   0.0119269  -0.0244441   -0.0896607      0.16862 -0.000657286 -0.0112428 -0.0223286  0.0438504 0.00368392  0.0109556 0.00149363  0.0113441 0.00502702  0.0178728  0.076804 0.0452325 -0.044568 -0.430905 -0.212805  -9.79722 
             117.201  -0.577269   0.769806 -0.0595335 -0.00275881   0.0100764  -0.0276007   -0.0896979     0.168644 -0.000867792 -0.0112449 -0.0223295  0.0438492  0.00979622  0.00746254 -0.00577255 0.0113995 0.0050263 0.0178287  0.0766324  0.0454146 -0.0443516 -0.430912 -0.212825  -9.79722 
             117.301 -0.553381  0.790173 -0.116571 -0.00499911   0.0101222  -0.0254821    -0.089692     0.168608 -0.000783723 -0.0112455 -0.0223296  0.0438488    0.0054176   0.00719669 -0.000777251  0.0113856 0.00501465  0.0178596 0.0768315 0.0454551 -0.044515 -0.430916 -0.212813  -9.79722 
             117.401 -0.441166  0.765382 -0.242583 -0.00493382   0.0122276  -0.0234867   -0.0896647     0.168583 -0.000697195 -0.0112465 -0.0223292  0.0438479 0.00558535 0.00782841 0.00236953  0.0113232 0.00503086  0.0179294  0.0768813  0.0453733 -0.0446435 -0.430912 -0.212805  -9.79722 
             117.502 -0.489083   0.81892 -0.101271 -0.00156257   0.0131359   -0.023434    -0.089654     0.168574 -0.000792989 -0.0112467 -0.0223307  0.0438487  0.0131155 0.00794835 0.00131636  0.0113515 0.00500346  0.0178529  0.0767225  0.0453838 -0.0446312 -0.430908 -0.212811  -9.79722 
             117.601 -0.469864  0.786765 -0.141267 -0.00573996   0.0125279  -0.0234697    -0.089698     0.168588 -0.000661336 -0.0112468 -0.0223304  0.0438491 0.00377751 0.00611568 0.00026173  0.0113395 0.00502138  0.0178762  0.0770313  0.0454463 -0.0446112  -0.43092 -0.212801  -9.79722 
             117.701  -0.499492   0.762189 -0.0797739 -0.00271011   0.0101315  -0.0259784   -0.0897366     0.168606 -0.000893686 -0.0112487 -0.0223309  0.0438472    0.010669 0.000794083 -0.00572875  0.0113556 0.00503516  0.0178446  0.0768432  0.0456337 -0.0444429 -0.430926 -0.212816  -9.79722 
             117.802 -0.511333  0.772625  -0.10679 -0.00572395  0.00944625  -0.0246436   -0.0897303     0.168582 -0.000782757 -0.0112486 -0.0223313  0.0438477  0.00442468 -2.6151e-05   -0.002957 0.0113611 0.0050308 0.0178596  0.0770877  0.0456708 -0.0445567 -0.430932 -0.212807  -9.79722 
             117.902 -0.549936  0.757507 -0.164831 -0.00754521  0.00720769  -0.0259548   -0.0897699     0.168597 -0.000809506  -0.011248 -0.0223314   0.043847  0.00111972 -0.00254155 -0.00572118  0.0113819 0.00504077  0.0178937  0.0771978  0.0458004 -0.0444835 -0.430942 -0.212807  -9.79722 
             118.001   -0.58019   0.770425 -0.0027005 -0.00505357  0.00703529  -0.0277018   -0.0897832     0.168612 -0.000900538 -0.0112484 -0.0223331  0.0438468   0.00712359 -0.000472333  -0.00882835  0.0114003 0.00503256  0.0178027  0.0770548  0.0458144 -0.0444056 -0.430939 -0.212812  -9.79722 
             118.101 -0.498875  0.759622 -0.108157 -0.00777864  0.00574685  -0.0262444   -0.0897593     0.168568 -0.000817482 -0.0112481 -0.0223333  0.0438472  0.00241905  -0.0033324 -0.00523442  0.0113538 0.00504003  0.0178628  0.0772657   0.045874 -0.0445444 -0.430946 -0.212808  -9.79722 
             118.201 -0.636695  0.796814 0.0193834 -0.00332564  0.00182945  -0.0283158  -0.0897944    0.168579 -0.00112869 -0.0112505 -0.0223356  0.0438454   0.0128446 -0.00753606 -0.00913484  0.0114304 0.00502101  0.0177932  0.0769922  0.0461169 -0.0444427 -0.430944  -0.21282  -9.79722 
             118.301 -0.539526  0.809283  0.124357 -0.0105165 0.00300764 -0.0264807   -0.0897404     0.168526 -0.000733532 -0.0112474 -0.0223267  0.0438421  -0.0021302 -0.00148691  -0.0038624  0.0113762 0.00501186  0.0177362  0.0775122   0.045973 -0.0446054 -0.430959  -0.21281  -9.79722 
             118.402  -0.587323   0.807142 -0.0439551 -0.0120823 0.00468695 -0.0241485   -0.0896914     0.168475 -0.000612885  -0.011249 -0.0223287   0.043842 -0.00266843  0.00360017  0.00065336  0.0114009 0.00501679   0.017832  0.0776204  0.0458774 -0.0447738  -0.43096 -0.212805  -9.79722 
             118.501  -0.541872   0.739075 -0.0549034 -0.00736427  0.00413223  -0.0260925   -0.0897408     0.168514 -0.000830005 -0.0112483 -0.0223263  0.0438408   0.0065739  0.00181415 -0.00385839  0.0113752 0.00505513  0.0178373  0.0773119  0.0459598 -0.0446415 -0.430949 -0.212803  -9.79722 
             118.601  -0.521328   0.841579 -0.0161039 -0.00940617  0.00461117  -0.0237239   -0.0896929     0.168478 -0.000724882   -0.01125 -0.0223261   0.043839  0.00488081  0.00357288 0.000614979  0.0113663 0.00499476  0.0178158  0.0774969  0.0459373 -0.0448082 -0.430953 -0.212803  -9.79722 
             118.701   -0.56101   0.788553 -0.0264327 -0.00686692   0.0070349  -0.0264387   -0.0897222     0.168511 -0.000721825  -0.011251 -0.0223255  0.0438388  0.00960161  0.00905976 -0.00573502  0.0113872 0.00503041  0.0178239  0.0773714  0.0458344 -0.0446312 -0.430956 -0.212803  -9.79722 
             118.802  -0.496176   0.742744 -0.0301701 -0.0101906  0.0086444 -0.0255446   -0.0896737     0.168489 -0.000557519 -0.0112506 -0.0223254  0.0438397 0.000405092   0.0108775 -0.00308735  0.0113497 0.00505439  0.0178234 0.0776268 0.0457691 -0.044713 -0.430966  -0.21281  -9.79722 
             118.901  -0.563624   0.771182 -0.0757839 -0.0118116 0.00984758  -0.026501   -0.0896667     0.168506 -0.000506299 -0.0112508 -0.0223262  0.0438399 -0.000235617    0.0137206  -0.00533917  0.0113849 0.00503864  0.0178527  0.0777287  0.0457625 -0.0446673  -0.43097 -0.212816  -9.79722 
             119.002  -0.529566    0.81174 -0.0748186 -0.00890021   0.0123335  -0.0261385    -0.089674     0.168479 -0.000549762 -0.0112512 -0.0223256  0.0438404  0.00627328   0.0148885 -0.00449453   0.011366 0.00501962  0.0178508  0.0775716  0.0457176 -0.0447203 -0.430966 -0.212806  -9.79722 
             119.101 -0.490981  0.763234 -0.128755 -0.0103451  0.0119676 -0.0257626   -0.0896624      0.16848 -0.000560058 -0.0112504 -0.0223262  0.0438409  0.00415585   0.0122335 -0.00347439 0.0113431 0.0050431 0.0178815  0.0776933   0.045817 -0.0447636 -0.430965 -0.212812  -9.79722 
             119.201 -0.628188  0.804799 -0.121891  -0.004091  0.0100971 -0.0294459   -0.0897397     0.168534 -0.000893596 -0.0112498 -0.0223231   0.043838   0.017268 0.00882323 -0.0102431   0.011418 0.00502564  0.0178795 0.0773276 0.0460446 -0.044541 -0.430954 -0.212814  -9.79722 
               119.3 -0.511827  0.739274  0.087145 -0.00794834  0.00717303  -0.0253234   -0.0896747     0.168474 -0.000853703 -0.0112515 -0.0223158  0.0438396   0.00755085   0.00184262 -0.000114566 0.0113567  0.005059 0.0177656 0.0776594 0.0462431 -0.044856 -0.430953  -0.21282  -9.79722 
             119.401 -0.587779  0.748563 -0.092862 -0.00616818   0.0058961  -0.0264264   -0.0897001     0.168497 -0.000956823 -0.0112511 -0.0223155  0.0438389   0.0105317 0.000834607 -0.00262865 0.0113957 0.0050584 0.0178668  0.0775914  0.0463428 -0.0447805 -0.430951 -0.212824  -9.79722 
             119.501   -0.49087   0.735844 -0.0209089 -0.00607818  0.00632771  -0.0264724  -0.0896922    0.168499 -0.00090995 -0.0112509 -0.0223153  0.0438386  0.00893478  0.00166053 -0.00273146   0.011345 0.00506226  0.0178267  0.0776498  0.0463153 -0.0447869 -0.430952 -0.212825  -9.79722 
             119.601 -0.501622  0.790691  0.109033  -0.009697 0.00522712 -0.0234245   -0.0896404      0.16847 -0.000816992 -0.0112522 -0.0223107  0.0438378    0.0024144 -0.000401391   0.00344702  0.0113485 0.00503841  0.0177588 0.0779233 0.0463747  -0.04499 -0.430955 -0.212826  -9.79722 
             119.701 -0.584651  0.762616  -0.05016 -0.00580048  0.00791557  -0.0276786   -0.0896853     0.168541 -0.000827538 -0.0112525 -0.0223074  0.0438388  0.00906408  0.00805841 -0.00613393  0.0113927 0.00505063  0.0178478   0.077706  0.0462435 -0.0447001 -0.430954 -0.212825  -9.79722 
             119.801   -0.58263   0.779564 0.00450428 -0.00799537  0.00572254  -0.0265716   -0.0896709      0.16854 -0.000855301 -0.0112527 -0.0223078   0.043838  0.00539705  0.00415644 -0.00301848  0.0113903 0.00504377  0.0178195  0.0778858  0.0464049 -0.0448004 -0.430953 -0.212833  -9.79722 
             119.901  -0.603326   0.798376 -0.0198671 -0.00721306  0.00568997  -0.0281733   -0.0896908     0.168571 -0.000888471 -0.0112523 -0.0223073  0.0438379 0.00744031 0.00551234 -0.0064689  0.0114026 0.00503122  0.0178326  0.0778687  0.0464383 -0.0447158 -0.430952 -0.212835  -9.79722 
             120.001 -0.559721  0.804719   -0.1005 -0.00560645  0.00824829  -0.0274344   -0.0896678     0.168527 -0.000820917 -0.0112535  -0.022307  0.0438375    0.011012  0.00962276 -0.00450006  0.0113761 0.00502997  0.0178806  0.0778417  0.0463309 -0.0447994 -0.430955 -0.212829  -9.79722 
             120.101  -0.482235    0.79144 -0.0302176 -0.00678755   0.0111939  -0.0229654   -0.0895872     0.168435 -0.000645194 -0.0112535 -0.0223039   0.043836 0.00697381  0.0129243 0.00578966  0.0113342 0.00503485  0.0178411  0.0780065  0.0462083 -0.0450999 -0.430962 -0.212823  -9.79722 
             120.202 -0.533376  0.727907 -0.156763 -0.00298221   0.0126707  -0.0263059   -0.0896399       0.1685 -0.000745319  -0.011255 -0.0223014  0.0438347   0.0134895   0.0151658 -0.00236442  0.0113596 0.00506943  0.0179125  0.0778082   0.046218 -0.0448478  -0.43096 -0.212825  -9.79722 
             120.301 -0.496482  0.771947  -0.15133 -0.00543834   0.0121005  -0.0245947   -0.0896167     0.168497 -0.000713664 -0.0112546 -0.0223018  0.0438349 0.00740948  0.0115056 0.00176244  0.0113385 0.00504693  0.0179097  0.0780348   0.046319 -0.0449624  -0.43096 -0.212831  -9.79722 
             120.401  -0.563503   0.767454 -0.0652777 -0.00702015  0.00885082  -0.0252217   -0.0896554     0.168541 -0.000832116 -0.0112565 -0.0223012  0.0438333  0.00458744  0.00621487 0.000714593  0.0113755 0.00504805  0.0178637  0.0781495  0.0465694 -0.0449031 -0.430958 -0.212842  -9.79722 
             120.501 -0.615482  0.791343 -0.125208 -0.00911823  0.00866927    -0.02655   -0.0896747     0.168592 -0.000796017 -0.0112562 -0.0223006  0.0438329  0.00123671  0.00780714 -0.00251031  0.0114025 0.00503732  0.0178975 0.0782939 0.0466112 -0.044811 -0.430961 -0.212846  -9.79722 
             120.601 -0.590264  0.808307 0.0401895 -0.0110654 0.00277712 -0.0252824   -0.089726    0.168581 -0.00100074 -0.0112638 -0.0223007  0.0438319 -0.000285619   -0.0032703  0.000391871  0.0113899 0.00502704  0.0178089  0.0783916  0.0469907 -0.0448959 -0.430962 -0.212853  -9.79722 
             120.701  -0.645793   0.813732 -0.0521481 -0.00527591  0.00317287  -0.0277538  -0.0897401    0.168571 -0.00114293 -0.0112635 -0.0223002  0.0438324   0.0134079  0.00104777 -0.00509204 0.0114173 0.0050258 0.0178622  0.0780596  0.0469831 -0.0447424  -0.43096 -0.212859  -9.79722 
             120.802  -0.516014   0.809705 -0.0477042 -0.00595209  0.00412048  -0.0246415  -0.0897042    0.168526 -0.00103474 -0.0112633 -0.0222974  0.0438315   0.010544 0.00166147 0.00165882  0.0113472 0.00502799  0.0178609  0.0782018  0.0469252 -0.0449661 -0.430958 -0.212849  -9.79722 
             120.901  -0.58821  0.757127 -0.111027 -0.00800516  0.00464161  -0.0267002   -0.0897109       0.1686 -0.000950914 -0.0112648 -0.0222987  0.0438326  0.00546205  0.00661082 -0.00341334  0.0113864 0.00505607  0.0178977  0.0783691  0.0468983 -0.0448251 -0.430964 -0.212856  -9.79722 
             121.001 -0.552154  0.757022 -0.211023 -0.00491979  0.00877559  -0.0260263   -0.0896744     0.168569 -0.000870992 -0.0112667 -0.0222973  0.0438314  0.00978682   0.0133433 -0.00101641  0.0113653 0.00505982  0.0179538 0.0782477 0.0467151 -0.044886  -0.43096 -0.212849  -9.79722 
             121.102  -0.498897   0.816957 -0.0496925 -0.00767743  0.00473916   -0.022674   -0.0897078     0.168544 -0.000978764 -0.0112707 -0.0222946  0.0438326 0.00568199 0.00343696 0.00577959  0.0113379 0.00502388   0.017864  0.0784619  0.0470111 -0.0450976  -0.43096 -0.212844  -9.79722 
             121.201   -0.561254    0.823186 -0.00409867 -0.00585495  0.00649527  -0.0248669    -0.089705     0.168583 -0.000959151 -0.0112694 -0.0222945  0.0438331    0.0104147   0.00890628 -5.27709e-05  0.0113718 0.00502363  0.0178427   0.078389  0.0469358 -0.0449242 -0.430961 -0.212851  -9.79722 
             121.301 -0.507089   0.83472 0.0111883 -0.00873998  0.00660701  -0.0235077   -0.0897021     0.168589 -0.000883018 -0.0112696 -0.0222927  0.0438326 0.00361131 0.00777326 0.00284785  0.0113428 0.00501793  0.0178355  0.0786229  0.0469625 -0.0450053 -0.430965 -0.212847  -9.79722 
             121.402  -0.521963   0.799129 -0.0809258 -0.00611029  0.00783374  -0.0250379   -0.0897106     0.168606 -0.000925543 -0.0112697 -0.0222919  0.0438324    0.0100074    0.0106314 -0.000783708  0.0113497 0.00503391  0.0178862  0.0784927  0.0469476 -0.0448931 -0.430964 -0.212851  -9.79722 
             121.501 -0.525612  0.855278  0.023516 -0.00759873  0.00581165  -0.0255499   -0.0897327     0.168636 -0.000988613 -0.0112705 -0.0222913  0.0438322  0.00857151  0.00619902 -0.00156677  0.0113516 0.00500926  0.0178311  0.0786256  0.0471117 -0.0448621 -0.430967 -0.212857  -9.79722 
             121.601 -0.539996    0.8123 0.0415881 -0.00986187  0.00483349  -0.0245253   -0.0897274     0.168645 -0.000977494 -0.0112708 -0.0222909  0.0438321  0.0028144 0.00441575 0.00159878  0.0113596 0.00503274  0.0178211  0.0788035  0.0471917 -0.0449339 -0.430968 -0.212859  -9.79722 
             121.702  -0.627001   0.787463 0.00193073 -0.00863805  0.00529737   -0.027494  -0.0897576    0.168688 -0.00100954 -0.0112716 -0.0222886  0.0438317  0.00670741  0.00819048 -0.00572492  0.0114078 0.00504518  0.0178443   0.078738  0.0472047 -0.0447413 -0.430973 -0.212862  -9.79722 
             121.801 -0.522507  0.798096 0.0513641 -0.0104782 0.00588672 -0.0254547   -0.0897138     0.168669 -0.000937661 -0.0112711 -0.0222878   0.043832   0.00343208   0.00760172 -0.000379599  0.0113487 0.00504427  0.0178213  0.0789008  0.0471978 -0.0449009 -0.430971 -0.212864  -9.79722 
             121.901  -0.58259  0.796092 -0.042574 -0.00559301  0.00743614  -0.0277022  -0.0897648    0.168661 -0.00103822 -0.0112709 -0.0222849  0.0438319   0.0125103    0.011234 -0.00445652  0.0113806 0.00504304  0.0178726  0.0786353  0.0471864 -0.0447638 -0.430971 -0.212856  -9.79722 
             122.001 -0.535043  0.788764 -0.098745 -0.00540894  0.00897232  -0.0271694  -0.0897402    0.168652 -0.00098425 -0.0112713 -0.0222857  0.0438318   0.0122186   0.0133747 -0.00241611  0.0113549 0.00504381  0.0179048  0.0787136  0.0471556 -0.0448263 -0.430972 -0.212858  -9.79722 
             122.101 -0.581059  0.765749 -0.110372 -0.00710626  0.00738052  -0.0262396  -0.0897408    0.168681 -0.00102842 -0.0112699 -0.0222872  0.0438319   0.00853037   0.00991361 -9.63869e-05 0.0113792 0.0050576 0.0179148 0.0788819 0.0473125   -0.0449 -0.430965 -0.212866  -9.79722 
             122.201  -0.527254   0.754437 -0.0105846 -0.0058375 0.00518434 -0.0259059  -0.0897771    0.168688 -0.00116671 -0.0112712 -0.0222879  0.0438325  0.0104867 0.00431465 0.00152985  0.0113492 0.00506747  0.0178612   0.078847  0.0474946 -0.0449208 -0.430956 -0.212867  -9.79722 
               122.3  -0.559011   0.811932 -0.0870855 -0.0063438 0.00591631 -0.0240021  -0.0897476    0.168674 -0.00110652  -0.011272 -0.0222883  0.0438319 0.00890227 0.00639695 0.00520976  0.0113648 0.00503633  0.0179026  0.0789583  0.0474746 -0.0450356 -0.430956 -0.212867  -9.79722 
             122.401   -0.59276   0.804376 -0.0240637 -0.00587003  0.00663408  -0.0257217  -0.0897611    0.168713 -0.00109769 -0.0112715 -0.0222876  0.0438319 0.00995242 0.00994188 0.00102699   0.011383 0.00503887  0.0178698   0.078977  0.0474699 -0.0448986 -0.430959 -0.212872  -9.79722 
             122.501 -0.578928  0.799657 0.0317776 -0.00619956  0.00512184  -0.0265611  -0.0897887     0.16875 -0.00115903 -0.0112726 -0.0222872  0.0438317   0.00962585    0.0076017 -0.000682491  0.0113755 0.00504246  0.0178398   0.079041   0.047605 -0.0448408 -0.430958 -0.212878  -9.79722 
               122.6 -0.504269  0.828706 0.0408019 -0.0128422 0.00788123 -0.0230984   -0.0896919     0.168762 -0.000866225 -0.0112721 -0.0222826  0.0438281 -0.00375959   0.0117586  0.00594743  0.0113323 0.00502848  0.0178348  0.0795048  0.0474489 -0.0450646 -0.430963 -0.212879  -9.79722 
             122.701 -0.514619  0.810017 -0.117934 -0.0082915 0.00818536 -0.0234532  -0.0897328    0.168725 -0.00102506 -0.0112701  -0.022279  0.0438286 0.00710244  0.0103833 0.00458393  0.0113353 0.00503804  0.0179224  0.0792217  0.0475255 -0.0450117 -0.430959 -0.212874  -9.79722 
             122.801 -0.560749  0.806352 -0.137528 -0.00504201   0.0061871  -0.0236016  -0.0897841    0.168717 -0.00121305 -0.0112677 -0.0222769  0.0438276  0.0140121 0.00572291 0.00347228  0.0113611 0.00503855  0.0179332 0.0790698 0.0477149 -0.044977 -0.430952 -0.212874  -9.79722 
               122.9  -0.583619   0.806852 -0.0128947 -0.00764507   0.0062312  -0.0249168  -0.0897783    0.168781 -0.00113039 -0.0112675 -0.0222749  0.0438281  0.00792895  0.00817342 0.000327964  0.0113731 0.00503894  0.0178634  0.0792896  0.0477234 -0.0448746 -0.430958 -0.212884  -9.79722 
             123.001  -0.560182   0.807889 -0.0416054 -0.00574743  0.00666905  -0.0279336  -0.0898123    0.168821 -0.00117893 -0.0112676 -0.0222749   0.043828  0.0118184 0.00967102 -0.0054824  0.0113602 0.00503853  0.0178806  0.0792134  0.0477461 -0.0446863 -0.430961 -0.212888  -9.79722 
             123.101 -0.491992  0.783115 0.0290867 -0.0087241 0.00627765 -0.0255622  -0.0897783    0.168815 -0.00110464  -0.011267 -0.0222715  0.0438289  0.00516871  0.00722635 0.000724771  0.0113235 0.00505402  0.0178444  0.0794647  0.0477985 -0.0448729 -0.430959 -0.212889  -9.79722 
             123.201 -0.611419  0.787815 -0.160766 -0.0104039 0.00922257 -0.0267993   -0.0897569     0.168857 -0.000956029 -0.0112698 -0.0222741  0.0438304  0.00236002   0.0156971 -0.00123366 0.0113883 0.0050512 0.0179481  0.0795978  0.0476666 -0.0447997 -0.430965 -0.212891  -9.79722 
               123.3  -0.543041   0.806409 -0.0485617 -0.00917984   0.0104284  -0.0263254    -0.089758     0.168837 -0.000994109   -0.01127 -0.0222745  0.0438306  0.00586032   0.0156491 0.000460298  0.0113518 0.00504538   0.017888 0.0795453 0.0476893 -0.044842 -0.430962 -0.212889  -9.79722 
             123.401 -0.590812  0.778008 -0.116476 -0.0104399 0.00859529 -0.0266387  -0.0897958    0.168865 -0.00108811 -0.0112693 -0.0222748    0.04383  0.00373229   0.0118816 0.000297216  0.0113766 0.00506136  0.0179261  0.0796348  0.0478786 -0.0448205 -0.430961 -0.212894  -9.79722 
               123.5  -0.625515   0.789688 -0.0198628 -0.00733891  0.00893086  -0.0298881  -0.0898369    0.168881 -0.00120188   -0.01127 -0.0222754  0.0438298   0.0101895   0.0132231 -0.00650432   0.011395 0.00505593  0.0178732   0.079461  0.0479422 -0.0446204 -0.430964   -0.2129  -9.79722 
             123.601 -0.631455  0.845941   0.05627 -0.0113546  0.0102489 -0.0272768  -0.0897991    0.168894 -0.00106125 -0.0112704 -0.0222719  0.0438279  0.00278777   0.0160753 0.000803154  0.0113981 0.00502571  0.0178316  0.0797751  0.0479248 -0.0448301 -0.430962 -0.212895  -9.79722 
             123.701  -0.583552   0.786861 -0.0587028 -0.0116384 0.00837058 -0.0257797  -0.0898337    0.168876 -0.00117738 -0.0112689 -0.0222713  0.0438288 0.00352961  0.0108299 0.00439789  0.0113714 0.00505687   0.017895 0.0798049  0.048124 -0.044919 -0.430959 -0.212894  -9.79722 
             123.802  -0.527988    0.76708 -0.0576388 -0.0109489 0.00604512 -0.0247795 -0.0898753   0.168866 -0.0013102 -0.0112678 -0.0222705  0.0438304 0.00555011 0.00481558 0.00626345  0.0113425 0.00506784  0.0178954  0.0797779  0.0483156 -0.0449563 -0.430956 -0.212894  -9.79722 
             123.901 -0.557946  0.831494 0.0352087 -0.0116407 0.00480826 -0.0236046   -0.08989    0.16888 -0.0013412 -0.0112686   -0.02227  0.0438305 0.00603799 0.00343471 0.00778959 0.0113602 0.0050325 0.0178452  0.0798522  0.0484093 -0.0449957 -0.430954 -0.212894  -9.79722 
             124.001 -0.599928  0.748345 -0.111049 -0.00405615  0.00478313  -0.0282024  -0.0899409     0.16888 -0.00154542 -0.0112689 -0.0222636  0.0438273   0.0197128  0.00504617 -0.00280212  0.0113818 0.00507857  0.0179295   0.079428  0.0484699 -0.0446705 -0.430954 -0.212902  -9.79722 
             124.101  -0.521764   0.788589 -0.0792979 -0.00584672  0.00749003  -0.0256164  -0.0898759    0.168881 -0.00135675 -0.0112696 -0.0222635   0.043826  0.0138165 0.00958695 0.00351574  0.0113386 0.00505746  0.0179117 0.0796722 0.0483208 -0.044857 -0.430956 -0.212898  -9.79722 
             124.201 -0.523197  0.785319 -0.175166 -0.00454046  0.00718643  -0.0235238  -0.0898842    0.168853 -0.00139999 -0.0112689  -0.022263  0.0438263  0.0153397 0.00713575 0.00719771  0.0113376 0.00505919   0.017964  0.0796852  0.0483968 -0.0449738 -0.430953 -0.212894  -9.79722 
             124.301  -0.499154    0.81345 -0.0809228 -0.00285539  0.00687342  -0.0215772  -0.089891   0.168834 -0.0014377 -0.0112695  -0.022263  0.0438265  0.0178505 0.00560881  0.0101561  0.0113245 0.00504536  0.0179134  0.0796864  0.0484575 -0.0450552  -0.43095 -0.212891  -9.79722 
             124.401 -0.518296  0.844232 -0.132908 -0.00422074   0.0076385   -0.021601    -0.08989    0.168893 -0.00134786 -0.0112692 -0.0222632   0.043826  0.0140525  0.0076046 0.00847768  0.0113344 0.00503002   0.017943   0.079869  0.0484287 -0.0449955 -0.430953 -0.212894  -9.79722 
             124.501 -0.496676  0.759369 -0.144317 0.000226281  0.00557582  -0.0242197  -0.0899542    0.168904 -0.00154821 -0.0112704 -0.0222633  0.0438245  0.0210704 0.00249925 0.00199441  0.0113222 0.00507903  0.0179514  0.0796593  0.0485987 -0.0447812 -0.430956 -0.212902  -9.79722 
             124.601 -0.512927  0.773644 0.0153227 -0.00586861  0.00803598  -0.0223841  -0.0898986    0.168988 -0.00124239 -0.0112652 -0.0222543  0.0438265 0.00605289 0.00916342 0.00677515  0.0113317 0.00507263  0.0178644  0.0801493  0.0484344 -0.0448856 -0.430955 -0.212895  -9.79722 
             124.701 -0.506969  0.814771 -0.146193 -0.00685366  0.00793729  -0.0218239  -0.0899121    0.169009 -0.00123063 -0.011265 -0.022255 0.0438261 0.00522323 0.00791453 0.00714108  0.0113259 0.00504977  0.0179531  0.0802436  0.0484812 -0.0448836 -0.430956 -0.212894  -9.79722 
             124.801 -0.457105  0.749369 -0.158522 -0.00330126    0.009495  -0.0245331  -0.0899409    0.169019 -0.00129344 -0.0112661 -0.0222549  0.0438253   0.0110668  0.00920393 0.000798946  0.0112982 0.00508713  0.0179607   0.080056  0.0484448 -0.0446786 -0.430959 -0.212896  -9.79722 
             124.901 -0.491563  0.825825 -0.114734 -0.00769533   0.0086459  -0.0229713  -0.0899484    0.169077 -0.00120024 -0.0112668 -0.0222544  0.0438236 0.00317977 0.00685836 0.00427186  0.0113187 0.00504451  0.0179376  0.0803747  0.0485212 -0.0447739  -0.43096 -0.212893  -9.79722 
             125.001  -0.504718   0.772571 -0.0827271 -0.00622377   0.0083693  -0.0236925  -0.0899773    0.169069 -0.00127159 -0.0112673 -0.0222547  0.0438231 0.00649886 0.00550622 0.00223456  0.0113262 0.00507442  0.0179202  0.0802965  0.0485822 -0.0447082 -0.430962 -0.212894  -9.79722 
             125.101 -0.469609  0.807324 0.0459242 -0.0103289 0.00758606 -0.0222839  -0.0899776    0.169118 -0.00117817 -0.0112676   -0.02225  0.0438224 -0.00090235  0.00301729  0.00461382 0.0113065 0.0050568 0.0178497  0.0805735  0.0486346 -0.0447847 -0.430963  -0.21289  -9.79722 
             125.201 -0.524949  0.764054 -0.300483 -0.00709232  0.00646028    -0.02327  -0.0900095    0.169084 -0.00133322 -0.0112633 -0.0222443   0.043821  0.00669912 0.000382905  0.00140379  0.0113351 0.00508037  0.0180406   0.08037 0.0487401   -0.0447 -0.430965 -0.212894  -9.79722 
               125.3 -0.566557  0.791126 -0.046226 -0.00300303  0.00297965  -0.0255073  -0.0900981    0.169052 -0.00157005 -0.0112656 -0.0222466  0.0438194   0.0156602 -0.00470557 -0.00322452   0.011358 0.00506841  0.0179061  0.0801425  0.0489647 -0.0445505 -0.430971 -0.212896  -9.79721 
             125.401  -0.505903   0.826826 0.00606483 -0.00656589  0.00250272  -0.0223986   -0.090041    0.169061 -0.00139994 -0.0112657 -0.0222421  0.0438177  0.00749379 -0.00427281  0.00413156   0.011325 0.00505025   0.017878   0.080462  0.0489388 -0.0447719  -0.43097 -0.212894  -9.79722 
             125.501  -0.495898   0.771498 -0.0618146 -0.00296067  0.00110521  -0.0251293  -0.0901002     0.16908 -0.00153271 -0.0112661 -0.0222426  0.0438175   0.0137717 -0.00509995 -0.00139125  0.0113198 0.00508101  0.0179184  0.0802784  0.0490038 -0.0445815 -0.430971 -0.212895  -9.79721 
             125.601 -0.490426  0.833123 0.0157849 -0.00734301  0.00476082  -0.0226188  -0.0900068    0.169099 -0.00118693  -0.011265 -0.0222398  0.0438148  0.0043008 0.00401662 0.00435453  0.0113184 0.00504739  0.0178782  0.0806466  0.0487389 -0.0447543 -0.430971 -0.212891  -9.79722 
             125.701  -0.50657  0.828519 -0.146065 -0.00940495  0.00478592  -0.0209402   -0.089989    0.169101 -0.00112088 -0.0112654 -0.0222421  0.0438146 0.00140915  0.0040627 0.00708463  0.0113264 0.00505072  0.0179691  0.0807985  0.0487492 -0.0448378 -0.430972 -0.212891  -9.79721 
             125.801 -0.54827 0.786006 -0.12416 -0.00445428  0.00702248  -0.0257036  -0.0900529    0.169138 -0.00120456 -0.0112669  -0.022239  0.0438139   0.0116874  0.00976552 -0.00376259  0.0113492 0.00507482   0.017958   0.080506  0.0486697 -0.0445039 -0.430975 -0.212887  -9.79721 
             125.901 -0.517079  0.844054 -0.120327 -0.00618462  0.00525977  -0.0226508  -0.0900268    0.169113 -0.00121656 -0.0112675 -0.0222391  0.0438136 0.00935437 0.00426175 0.00288898  0.0113324 0.00504384  0.0179556 0.0806851 0.0488136 -0.044722 -0.430972 -0.212891  -9.79722 
             126.001  -0.541704    0.79205 -0.0559822 -0.00464368  0.00368548  -0.0239937  -0.0900741    0.169127 -0.00131881 -0.0112685 -0.0222395  0.0438132    0.0117368   0.00159912 -0.000594763 0.0113457 0.0050737 0.0179214  0.0806284  0.0489358 -0.0446209 -0.430974 -0.212892  -9.79721 
             126.101  -0.581654   0.798835 -0.0434446 -0.00597853  0.00583094  -0.0248948  -0.0900614    0.169165 -0.00117817 -0.0112679 -0.0222384  0.0438142  0.00809431   0.0077446 -0.00261602 0.0113672 0.0050704 0.0179143 0.0807771  0.048817 -0.044571 -0.430977  -0.21289  -9.79721 
             126.201  -0.540903   0.805512 -0.0931904 -0.00859594  0.00620846   -0.024705  -0.0900595    0.169188 -0.00109553 -0.0112679 -0.0222389  0.0438141  0.00311396   0.0081367 -0.00182944  0.0113442 0.00506675  0.0179417  0.0809778  0.0488282 -0.0445983 -0.430979 -0.212889  -9.79721 
             126.301 -0.612718  0.801144 -0.175901 -0.00527133  0.00741139  -0.0268546  -0.0900778    0.169191 -0.00117722 -0.0112677 -0.0222371  0.0438139   0.0106701   0.0118269 -0.00517522 0.0113822 0.0050694 0.0179891  0.0807983  0.0488328 -0.0444806 -0.430979 -0.212891  -9.79721 
             126.402  -0.534051   0.738147 -0.0474718 -0.00622704  0.00706084  -0.0265739  -0.0900773    0.169192 -0.00117418 -0.0112677 -0.0222363  0.0438148  0.00710501  0.00902143 -0.00363779  0.0113393 0.00510517  0.0179184  0.080904  0.048907 -0.044535  -0.43098 -0.212891  -9.79721 
             126.501  -0.608403    0.79124 -0.0862959 -0.00366605  0.00671475  -0.0279446  -0.0900963    0.169191 -0.00127813 -0.0112677 -0.0222362  0.0438147   0.0127696  0.00849205 -0.00578071  0.0113808 0.00507761  0.0179409  0.0807926  0.0489949 -0.0444792  -0.43098 -0.212895  -9.79721 
             126.601  -0.553795   0.778811 -0.0860236 -0.00538941  0.00801682  -0.0273563 -0.0900827   0.169191 -0.0011672 -0.0112678  -0.022236  0.0438142  0.00757061   0.0102025 -0.00345743  0.0113513 0.00508557  0.0179428  0.0809734  0.0489587 -0.0445547 -0.430981 -0.212891  -9.79721 
             126.701 -0.602372  0.778714 -0.097968 -0.0054101 0.00830283 -0.0277338  -0.0900889    0.169194 -0.00117615 -0.0112678 -0.0222361  0.0438141  0.00744691   0.0108515 -0.00378061  0.0113795 0.00508541  0.0179507  0.081016  0.049009 -0.044557 -0.430983 -0.212891  -9.79721 
             126.801 -0.538651  0.752796 -0.144159 -0.00555696  0.00853426  -0.0275655  -0.0900897    0.169186 -0.00117914 -0.0112675 -0.0222361  0.0438145  0.00641061  0.00938167 -0.00290507  0.0113444 0.00510138  0.0179784   0.081066  0.0490566 -0.0445914 -0.430984 -0.212891  -9.79721 
             126.901 -0.504911  0.795679 0.0387166 -0.00771103  0.00775629  -0.0252838  -0.0900744    0.169164 -0.00114618  -0.011269 -0.0222328  0.0438146 0.00292456 0.00606836 0.00192845  0.0113278 0.00507925  0.0178775  0.0812326  0.0491503 -0.0447512 -0.430985 -0.212885  -9.79721 
             127.001  -0.576699   0.793732 -0.0459605 -0.00661652  0.00765239  -0.0279212  -0.0901068     0.16921 -0.00121119 -0.0112686 -0.0222322  0.0438145    0.005708  0.00706122 -0.00429109  0.0113666 0.00508073  0.0179258  0.0811707  0.0492025 -0.0445711 -0.430986 -0.212893  -9.79721 
             127.101  -0.50464  0.767019 0.0602877 -0.00883685  0.00435158  -0.0253566   -0.090102    0.169177 -0.00126304 -0.0112701 -0.0222304  0.0438154  0.00168596  -0.0012033 0.000503664  0.0113296 0.00509692  0.0178699  0.0813204  0.0494238 -0.0447497 -0.430988 -0.212891  -9.79721 
             127.201 -0.585637  0.783217  0.056625 -0.00635578  0.00416774  -0.0266535  -0.0901267    0.169187 -0.00134774 -0.0112702 -0.0222306  0.0438151   0.0073253 0.000912476 -0.00231417   0.011373 0.00508958  0.0178704  0.0811817  0.0494496 -0.0446666 -0.430986 -0.212893  -9.79721 
             127.301  -0.591154   0.767672 0.00441206 -0.00612225  0.00354438  -0.0279805  -0.0901408    0.169212 -0.00136314 -0.0112701 -0.0222304   0.043815  0.00770251  0.00143643 -0.00521197  0.0113774 0.00509887   0.017899  0.0812042  0.0494905 -0.0446033 -0.430986 -0.212896  -9.79721 
             127.401  -0.559078   0.838467 -0.0112996 -0.00790578  0.00268326  -0.0263754 -0.0900967    0.16918 -0.0013061 -0.0112711 -0.0222307   0.043814  0.00544219 0.000296028 -0.00163536  0.0113612 0.00506129  0.0179089 0.0813654 0.0495373 -0.044737 -0.430988 -0.212899  -9.79721 
             127.501 -0.568295  0.792652 -0.041259 -0.0060521 0.00422514 -0.0291151  -0.0901332    0.169218 -0.00130419  -0.011272 -0.0222301   0.043814  0.00874141  0.00513636 -0.00725972 0.0113664 0.0050877  0.017927  0.0812821  0.0494577 -0.0445781  -0.43099 -0.212898  -9.79721 
             127.601  -0.539305   0.786244 -0.0494805 -0.00674925  0.00539007  -0.0261558  -0.0900695    0.169147 -0.00121412 -0.011272  -0.02223  0.043814   0.00672517   0.00652617 -0.000397252  0.0113503 0.00509187  0.0179317   0.081392  0.0494174 -0.0448078 -0.430994 -0.212896  -9.79721 
             127.701  -0.599319   0.775265 -0.0685224 -0.00442519  0.00662329  -0.0262026  -0.0900811    0.169144 -0.00125551 -0.0112721 -0.0222295  0.0438138    0.0110849   0.00957267 -0.000953645  0.0113832 0.00509773  0.0179439  0.0812979  0.0494047 -0.0448085 -0.430992 -0.212892  -9.79721 
             127.801  -0.534512   0.740585 -0.0451268 -0.00522268  0.00651197   -0.027018  -0.0900797    0.169164 -0.00123575 -0.0112722 -0.0222299  0.0438144  0.00764839  0.00813914 -0.00299461  0.0113469 0.00511773  0.0179316   0.081397  0.0494525 -0.0447578 -0.430993 -0.212899  -9.79721 
             127.902  -0.581597   0.825247 -0.0858752 -0.00844648  0.00473169  -0.0253749  -0.0900361    0.169155 -0.00120156 -0.0112726  -0.022231  0.0438129  0.00273535  0.00489252 0.000285949  0.0113732 0.00507031  0.0179533  0.0816368  0.0495923 -0.0448718 -0.430992 -0.212908  -9.79721 
             128.001  -0.612299   0.781932 -0.0816985 -0.00515901   0.0062167  -0.0287225  -0.0900842    0.169204 -0.00127917 -0.0112728 -0.0222301  0.0438128  0.00943042  0.00919356 -0.00723715  0.0113898 0.00509537  0.0179508  0.0814491  0.0495583 -0.0446618  -0.43099 -0.212908  -9.79721 
             128.101 -0.571944  0.777248 -0.113994 -0.00547301  0.00747372  -0.0276415  -0.0900605    0.169175 -0.00122352 -0.0112728 -0.0222301  0.0438128  0.00796764   0.0104034 -0.00434553  0.0113666 0.00509715  0.0179696  0.0815332  0.0495378 -0.0447738 -0.430991 -0.212906  -9.79721 
             128.201 -0.576489  0.753716 -0.100374 -0.00413486   0.0109796  -0.0271198  -0.0900486    0.169152 -0.00115066 -0.0112725   -0.02223  0.0438127  0.00928061   0.0155547 -0.00384579  0.0113682 0.00510999  0.0179646  0.0815158  0.0494025 -0.0448428 -0.430992 -0.212899  -9.79721 
             128.301 -0.551231  0.761575 -0.161954 -0.00510714   0.0104015  -0.0256032  -0.0900247    0.169118 -0.00116556 -0.0112719 -0.0222299  0.0438131   0.00689318    0.0117089 -0.000544315  0.0113532 0.00510649  0.0180003  0.0816263  0.0495256 -0.0449587 -0.430994   -0.2129  -9.79721 
             128.401  -0.492888   0.790991 -0.0270292 -0.00873873   0.0109802  -0.0229214  -0.0899928    0.169067 -0.00103234 -0.0112717 -0.0222253  0.0438122 -0.000113403    0.0100393   0.00441213 0.0113215 0.0050924  0.017925  0.0818888  0.0495423 -0.0451268 -0.430998 -0.212894  -9.79721 
             128.501  -0.497185   0.775541 -0.0377898 -0.00812312   0.0117494  -0.0227636   -0.089995    0.169074 -0.00106661 -0.0112719 -0.0222256  0.0438123 0.00196054 0.00937995 0.00299725   0.011325 0.00510177  0.0179316   0.081849  0.0495641 -0.0451069 -0.430998 -0.212896  -9.79721 
             128.601 -0.463406  0.817188 -0.130881 -0.00701769   0.0112967  -0.0239499  -0.0900116    0.169101 -0.00114933 -0.0112709 -0.0222258   0.043813   0.00585144   0.00601078 -0.000836469  0.0113066 0.00507855  0.0179851  0.0817894  0.0496472 -0.0450091 -0.430998 -0.212901  -9.79721 
             128.701   -0.479643    0.786041 -0.00966637 -0.00963531  0.00895408  -0.0224954  -0.0899892     0.16907 -0.00115028 -0.0112721 -0.0222245   0.043813 0.000816578 0.000462324  0.00175515  0.0113175 0.00509617  0.0179204   0.081967  0.0498138 -0.0450978 -0.431003 -0.212904  -9.79721 
             128.801  -0.525715   0.754267 -0.0361048 -0.00588418  0.00637809  -0.0248578  -0.0900316    0.169122 -0.00138997 -0.0112732 -0.0222241  0.0438101  0.00861069 -0.00382375 -0.00411033  0.0113442 0.00511429  0.0179366   0.081721  0.0499914 -0.0449325 -0.430999 -0.212911  -9.79721 
             128.901  -0.548784   0.810001 -0.0610651 -0.0057961 0.00608379 -0.0259638  -0.0900448    0.169136 -0.00136036 -0.0112731 -0.0222238    0.04381  0.00860874 -0.00209726 -0.00599324  0.0113567 0.00508526    0.01795  0.0817699   0.049989 -0.0448823 -0.431001  -0.21291  -9.79721 
             129.001 -0.570299  0.794621 0.0673703 -0.00403982  0.00464169  -0.0275203  -0.0900698    0.169159 -0.00144822 -0.0112737  -0.022224  0.0438095   0.0119386 -0.00256134 -0.00779734  0.0113696 0.00509597  0.0178832   0.081705  0.0500749 -0.0448113 -0.430999 -0.212911  -9.79721 
             129.101 -0.565547   0.83925 -0.100807 -0.00273375  0.00624034  -0.0268459  -0.0900366    0.169134 -0.00137225 -0.011275 -0.022225 0.0438098   0.0141244  0.00145653 -0.00625351   0.011366 0.00507262  0.0179764  0.0817245  0.0499736 -0.0449037    -0.431 -0.212911  -9.79721 
             129.201  -0.563905   0.842072 -0.0704919 -0.00702093  0.00673079  -0.0243367  -0.0899683     0.16909 -0.00116438 -0.0112758 -0.0222265  0.0438091   0.00467845   0.00321069 -0.000696088  0.0113649 0.00507276  0.0179581  0.0820803  0.0499289 -0.0450966 -0.431007 -0.212917  -9.79721 
             129.301   -0.57268   0.770022 -0.0263739 -0.00501003  0.00522366  -0.0259515  -0.0900078    0.169122 -0.00130052 -0.0112768 -0.0222267   0.043808  0.00833867 0.000816649 -0.00456422  0.0113703 0.00511469  0.0179329  0.0819675  0.0500497 -0.0449935 -0.431004 -0.212917  -9.79721 
             129.401  -0.600805   0.786688 0.00539489 -0.00628472  0.00493663  -0.0264996  -0.0900028    0.169128 -0.00125011 -0.0112768 -0.0222262  0.0438082 0.00547826 0.00236353 -0.0056584  0.0113866 0.00510563  0.0179149  0.0820906  0.0500699 -0.0449823 -0.431006  -0.21292  -9.79721 
             129.501 -0.598536  0.810816  -0.15252 -0.0091031 0.00675187 -0.0266137  -0.0899849    0.169121 -0.00107296 -0.0112788 -0.0222299  0.0438076 0.000112551  0.00716496 -0.00560161  0.0113835 0.00509096  0.0180002  0.0823041   0.049966 -0.0450054 -0.431013 -0.212922  -9.79721 
             129.601 -0.590045  0.782832 -0.104355 -0.00629843  0.00940422  -0.0282168  -0.0900027    0.169136 -0.00109881 -0.0112792 -0.0222296  0.0438072  0.00608207   0.0118256 -0.00825149  0.0113783 0.00510691  0.0179733  0.0821415  0.0498734 -0.0449374 -0.431012 -0.212918  -9.79721 
             129.701  -0.634407   0.794074 -0.0469176 -0.00931623    0.011909  -0.0287705   -0.0899893     0.169128 -0.000929455 -0.0112784 -0.0222284  0.0438074 -0.000402668    0.0173173  -0.00819805  0.0114024 0.00510146  0.0179408  0.0823648   0.049787 -0.0449502 -0.431019  -0.21292  -9.79721 
             129.801 -0.561571  0.761126 -0.136563 -0.00974007   0.0100126  -0.0289177  -0.0899831     0.16912 -0.00105681 -0.0112768 -0.0222281   0.043809 -0.000414584     0.010495  -0.00727784  0.0113612 0.00511996  0.0179931  0.0823763  0.0500026 -0.0449838 -0.431017 -0.212924  -9.79721 
             129.901  -0.570811    0.73304 -0.0219697 -0.00771779  0.00763473  -0.0286816  -0.0899808    0.169113 -0.00126177 -0.0112789 -0.0222299  0.0438094  0.00434541  0.00448661 -0.00602832   0.011367 0.00513797  0.0179328 0.0822381 0.0502261 -0.045039 -0.431011 -0.212927  -9.79721 
             130.001 -0.546662  0.772535  0.111549 -0.0108459 0.00703375 -0.0269762  -0.0899504    0.169076 -0.00117875 -0.0112793 -0.0222255  0.0438092 -0.00156031  0.00318184 -0.00194174  0.0113519 0.00511794   0.017861   0.082457  0.0502801 -0.0451776 -0.431014 -0.212924  -9.79721 
             130.101 -0.593142   0.81834 -0.181156 -0.00592876  0.00727801  -0.0267704  -0.0899489    0.169055 -0.00134687 -0.0112769 -0.0222196   0.043811   0.0101149  0.00344099 -0.00214134  0.0113741 0.00509147   0.018024 0.0821699 0.0503253 -0.045203 -0.431009 -0.212922  -9.79721 
             130.201 -0.559429  0.801335  -0.10309 -0.00503617  0.00862437  -0.0249708  -0.0899328    0.169016 -0.00129982 -0.0112772 -0.0222196  0.0438109  0.0109894 0.00555505 0.00117811  0.0113559 0.00510173  0.0179818  0.0821945  0.0502761 -0.0453253  -0.43101 -0.212916  -9.79721 
             130.301 -0.545536  0.764945 -0.103353 -0.00366549  0.00801603  -0.0258906  -0.0899443    0.169042 -0.00136295 -0.0112771 -0.0222196   0.043811   0.0120204  0.00417619 -0.00167969  0.0113486 0.00512322   0.017984  0.0821669  0.0503506 -0.0452522 -0.431008  -0.21292  -9.79721 
             130.401 -0.563264  0.823925 -0.117882 -0.00775366  0.00808303  -0.0238373  -0.0899154    0.169008 -0.00120911 -0.0112779 -0.0222211  0.0438096 0.00349079 0.00511477 0.00224967  0.0113582 0.00509129  0.0179945  0.0824953  0.0503571 -0.0453841 -0.431015 -0.212918  -9.79721 
             130.501 -0.548403  0.767316 0.0383511 -0.0110646 0.00606483 -0.0239257   -0.089919    0.169023 -0.00119837 -0.0112792 -0.0222188  0.0438102 -0.00309714  0.00194971  0.00105614  0.0113512 0.00512326  0.0179107  0.0826909  0.0504894 -0.0453533 -0.431019 -0.212923  -9.79721 
             130.601  -0.569756   0.784799 -0.0218056 -0.00597985  0.00722334  -0.0286165  -0.0899814    0.169115 -0.00134279 -0.0112793 -0.0222189    0.04381  0.00830736   0.0056859 -0.00926276  0.0113613 0.00511259  0.0179443  0.0823609  0.0504578 -0.0450505 -0.431013  -0.21293  -9.79721 
             130.701 -0.537969  0.815841 0.0348033 -0.0102288 0.00683699 -0.0258347  -0.0899265    0.169052 -0.00120486 -0.0112799 -0.0222166  0.0438091 0.000244223  0.00495555 -0.00198349  0.0113456 0.00509566  0.0179148  0.0826797  0.0504934 -0.0452748 -0.431019 -0.212927  -9.79721 
             130.801 -0.600829  0.759162  0.118509 -0.00755899  0.00272164  -0.0290326  -0.0899902     0.16913 -0.00148769 -0.0112842 -0.0222182  0.0438058  0.00644642 -0.00197845 -0.00909793  0.0113812 0.00512701  0.0178695  0.0824805  0.0507823 -0.0450837 -0.431011 -0.212935  -9.79721 
             130.901 -0.590521  0.787292 0.0368795 -0.0113851 0.00598434 -0.0263391  -0.0899118    0.169042 -0.00120455 -0.0112855 -0.0222204  0.0438062 -0.00216579  0.00670147  -0.0017937  0.0113719 0.00511109  0.0179166  0.0827829  0.0505647 -0.0453016 -0.431023 -0.212934  -9.79721 
             131.001  -0.543354   0.779116 -0.0682069 -0.0104115 0.00597057 -0.0255174  -0.0899121    0.169028 -0.00126467 -0.0112844  -0.022219  0.0438064   0.00123436   0.00528343 -0.000440961  0.0113468 0.00511502  0.0179747  0.0827196  0.0506151 -0.0453581  -0.43102 -0.212931  -9.79721 
             131.101  -0.511688   0.798592 -0.0844625 -0.00726546  0.00917375  -0.0261143 -0.0899291   0.169019 -0.0012428 -0.0112856 -0.0222177   0.043806  0.00796789   0.0104253 -0.00223577  0.0113299 0.00510435  0.0179834  0.0825551  0.0504763 -0.0453203 -0.431022 -0.212922  -9.79721 
             131.201 -0.593332  0.796216  -0.15571 -0.00929852   0.0101626  -0.0254074  -0.0899021    0.169013 -0.00117308 -0.0112859 -0.0222203   0.043806   0.00333207    0.0126905 -0.000746661  0.0113738 0.00510606  0.0180237 0.0827261 0.0504737 -0.045373 -0.431026 -0.212929  -9.79721 
             131.301 -0.602438  0.786396 0.0520226 -0.00746418  0.00683707    -0.02693  -0.0899557    0.169064 -0.00140233 -0.0112904 -0.0222232  0.0438043  0.00772482  0.00556427 -0.00411507 0.0113797 0.0051131 0.0179105  0.0826132  0.0507569 -0.0452735 -0.431012 -0.212931  -9.79721 
             131.401   -0.4734  0.793997 0.0236625 -0.00885821  0.00945562  -0.0236744 -0.0898943   0.168984 -0.0012428 -0.0112895 -0.0222196  0.0438025 0.00418261 0.00806496 0.00281679  0.0113081 0.00510916  0.0179269  0.0827728  0.0506204 -0.0455009  -0.43102 -0.212928  -9.79721 
             131.501  -0.529218   0.813853 -0.0974593 -0.0074191 0.00720516 -0.0224373  -0.0899018    0.168977 -0.00139583  -0.011288 -0.0222189  0.0438028 0.00808659 0.00273856 0.00464818  0.0113378 0.00509858   0.017995  0.0827134  0.0508145 -0.0455563 -0.431013 -0.212929  -9.79721 
             131.601  -0.580088     0.8028 -0.0524854 -0.00474567   0.0099001   -0.023876  -0.0899182    0.168995 -0.00135626 -0.0112881 -0.0222181  0.0438034    0.012213  0.00957997 0.000939219  0.0113652 0.00510634    0.01797  0.0826061  0.0506886 -0.0454363 -0.431016 -0.212925  -9.79721 
             131.701  -0.486147   0.810899 -0.0239532 -0.00757344   0.0109327  -0.0219755 -0.0898757   0.168971 -0.0012288 -0.0112876 -0.0222162  0.0438031 0.00565018 0.00880084 0.00372427  0.0113148 0.00510338  0.0179521  0.0828603  0.0506523 -0.0455468 -0.43102 -0.21293 -9.79721 
             131.801  -0.545043   0.812909 -0.0572208 -0.0082748  0.0099877 -0.0240938  -0.0899079    0.169032 -0.00127193  -0.011288 -0.0222157  0.0438029  0.00452363   0.0064678 -0.00246873  0.0113482 0.00510434  0.0179713  0.0829188  0.0507546 -0.0453885 -0.431019 -0.212936  -9.79721 
             131.901 -0.558954  0.780457 -0.174497 -0.00558958  0.00936985  -0.0262212  -0.0899433    0.169065 -0.00139549  -0.011287 -0.0222137  0.0438022  0.00977077  0.00509179 -0.00641317  0.0113552 0.00512213  0.0180362  0.0827762  0.0508456 -0.0452661 -0.431016 -0.212936  -9.79721 
             132.001 -0.539318  0.778191  0.011069 -0.0068457 0.00734099 -0.0261466  -0.0899355    0.169066 -0.00142164 -0.0112886 -0.0222126  0.0438022  0.00659544  0.00110188 -0.00564845   0.011346 0.00512496  0.0179351   0.082902   0.050983 -0.0453047 -0.431016 -0.212941  -9.79721 
             132.101 -0.620322  0.794555 -0.136817  -0.005067 0.00604223 -0.0295499  -0.0899885    0.169118 -0.00152255 -0.0112876 -0.0222108  0.0438015  0.0100178 0.00167345 -0.0116129   0.011388 0.00511581  0.0180178  0.0828222  0.0510803 -0.0451233 -0.431016 -0.212943  -9.79721 
             132.201  -0.601113   0.753016 -0.0666085 -0.00766042  0.00375858  -0.0294312  -0.0899736    0.169108 -0.00149659 -0.0112875 -0.0222103  0.0438018   0.00338996 -0.000984392  -0.00912941  0.0113768 0.00513914  0.0179801   0.083025  0.0512094 -0.0451952 -0.431017 -0.212946  -9.79721 
             132.301  -0.579396   0.737286 -0.0666994 -0.00513538  0.00522398  -0.0293699   -0.089957    0.169085 -0.00150712 -0.0112872 -0.0222104  0.0438014  0.00740661   0.0028203 -0.00738963  0.0113636 0.00514765  0.0179812  0.0829098  0.0511298 -0.0452566 -0.431015 -0.212944  -9.79721 
             132.401 -0.671543   0.79416 -0.115743 -0.00389487  0.00264575   -0.031311  -0.0899832    0.169105 -0.00163837 -0.0112864 -0.0222098  0.0438005   0.0100915  0.00101996 -0.00979411  0.0114119 0.00511697  0.0180102  0.0828678  0.0513097 -0.0451792 -0.431015 -0.212949  -9.79721 
             132.501  -0.643078   0.838174 -0.0431671  -0.00898241 -0.000928421   -0.0286876 -0.0899601   0.169056 -0.0015713 -0.0112889 -0.0222076   0.043798 0.000764604 -0.00352407 -0.00210681  0.0113959 0.00509388  0.0179698  0.0832286  0.0515037 -0.0453963 -0.431022 -0.212945  -9.79721 
             132.601  -0.626577   0.775327 -0.0874354  -0.00492318 -0.000694516   -0.0287047  -0.0899515    0.169035 -0.00166923 -0.0112888 -0.0222074  0.0437978  0.00880259 -0.00169881 -0.00259059  0.0113862 0.00512999  0.0179943  0.0830021  0.0514872 -0.0454156 -0.431019 -0.212946  -9.79721 
             132.701 -0.626829   0.75497 -0.012538 -0.00582794 -0.00015972  -0.0288203  -0.0899465    0.169042 -0.00159089 -0.0112885 -0.0222068   0.043798  0.00577187   0.0020232 -0.00257813  0.0113871 0.00514053  0.0179537  0.0831097  0.0514436 -0.0454228  -0.43102 -0.212944  -9.79721 
             132.801   -0.610554    0.810045 -0.00641221  -0.0081899 -0.00136158  -0.0273602  -0.0899419    0.169023 -0.00155086 -0.0112892 -0.0222054  0.0437976  0.00186115  0.00107498 0.000861287  0.0113761 0.00511115  0.0179516  0.0832896  0.0515203 -0.0455271 -0.431023 -0.212939  -9.79721 
             132.901  -0.611562   0.792307 -0.0866112 -0.00731008  0.00221529  -0.0280887  -0.0899254    0.169039 -0.00144063 -0.0112903 -0.0222059  0.0437969  0.00336114  0.00976581 -0.00120204   0.011375 0.00512166  0.0179964  0.0832667  0.0513228 -0.0454799 -0.431022 -0.212939  -9.79721 
             133.001    -0.5755   0.806827 -0.0221518 -0.0114744 0.00383956 -0.0261757  -0.0899067    0.169025 -0.00127727 -0.0112903 -0.0222043  0.0437959 -0.00440799   0.0126047   0.0032151  0.0113541 0.00511399  0.0179623  0.0835471  0.0512675 -0.0456041 -0.431027 -0.212932  -9.79721 
             133.101  -0.646752   0.805653 -0.0714773 -0.0102743 0.00718456 -0.0290128 -0.0899048   0.169073 -0.0012543 -0.0112907 -0.0222032  0.0437963 -0.000528988    0.0202277  -0.00269005   0.011392 0.00511515  0.0179906  0.0834516  0.0511553 -0.0454076 -0.431027 -0.212942  -9.79721 
             133.201  -0.665259    0.82457 -0.0531595 -0.0109519 0.00679584 -0.0291747  -0.0899213    0.169078 -0.00133032 -0.0112905 -0.0222033  0.0437957  9.7069e-05   0.0184887 -0.00222464  0.0114012 0.00510487  0.0179814  0.0834843   0.051302 -0.0454135 -0.431026 -0.212944  -9.79721 
             133.301    -0.54749     0.77403 -0.00261912 -0.0107484 0.00930281 -0.0257113  -0.0899041    0.169012 -0.00129434 -0.0112892 -0.0222011  0.0437954 0.000597072   0.0193068  0.00599038  0.0113357 0.00513422  0.0179543  0.0834953  0.0512691 -0.0456469 -0.431024 -0.212929  -9.79721 
             133.401  -0.530426   0.821425 -0.0545804 -0.0106987 0.00942856 -0.0238034  -0.0899146    0.168991 -0.00135549 -0.0112891 -0.0222004  0.0437962 0.00249802  0.0163471 0.00925958  0.0113257 0.00510864   0.017984  0.0835055  0.0513768 -0.0457298 -0.431022 -0.212925  -9.79721 
             133.501  -0.545038   0.862447 -0.0434085  -0.010107 0.00797921 -0.0201886  -0.0899395    0.168948 -0.00147181 -0.0112901 -0.0222002  0.0437967 0.00577252  0.0098366  0.0136391   0.011335 0.00508583  0.0179763 0.0834971 0.0515617 -0.045905 -0.431017 -0.212917  -9.79721 
             133.601  -0.617524   0.830912 -0.0401358 -0.00492063  0.00680132  -0.0240783  -0.0900021    0.168994 -0.00168949 -0.0112902 -0.0221974  0.0437947  0.0163021 0.00892958 0.00310806 0.0113743 0.0051034 0.0179767  0.0831965  0.0517131 -0.0455787 -0.431016 -0.212929  -9.79721 
             133.701 -0.567896  0.821531 -0.202003 -0.00430363  0.00717103  -0.0257722  -0.0900159    0.169047 -0.00168504 -0.0112901 -0.0221985  0.0437948    0.0155437   0.00972012 -0.000711044  0.0113466 0.00510754  0.0180666 0.0832496  0.051734 -0.045451 -0.431018 -0.212935  -9.79721 
             133.801  -0.576422   0.814615 -0.0114349 -0.0045244 0.00445817 -0.0257004  -0.0900457     0.16907 -0.00178287 -0.0112917 -0.0221984  0.0437947    0.0138719   0.00432221 -0.000529308  0.0113517 0.00511295  0.0179642 0.0833422 0.0519389 -0.045458 -0.431016 -0.212939  -9.79721 
             133.901   -0.626069    0.806073 -0.00743616 -0.00361491  0.00366852  -0.0279774 -0.0900705   0.169113 -0.0018256 -0.0112926 -0.0221975  0.0437943   0.0142216  0.00567695 -0.00462629  0.0113794 0.00511809  0.0179643  0.0833558  0.0520122 -0.0453178 -0.431018 -0.212945  -9.79721 
             134.001  -0.512588   0.804846 -0.0745306 -0.0075289  0.0047257 -0.0256406  -0.0900352     0.16911 -0.00164923 -0.0112925 -0.0221972  0.0437939  0.0046499 0.00681085 0.00150425 0.0113156 0.0051187 0.0180021 0.0836937 0.0519511 -0.045491 -0.431018 -0.212941  -9.79721 
             134.102  -0.577849   0.805057 -0.0847092 -0.00551357   0.0047761  -0.0262268  -0.0900492    0.169108 -0.00171561 -0.0112926 -0.0221972  0.0437938  0.00915958  0.00776535 0.000625081  0.0113517 0.00511864  0.0180082  0.0836013  0.0519996 -0.0454488 -0.431018 -0.212942  -9.79721 
             134.201   -0.64521   0.832883 -0.0343461 -0.00619029  0.00464565   -0.028136  -0.0900661    0.169151 -0.00171519 -0.0112924 -0.0221959  0.0437933  0.00784464   0.0101449 -0.00280913  0.0113892 0.00510337  0.0179809  0.0836865  0.0520495 -0.0453278 -0.431021 -0.212947  -9.79721 
             134.301  -0.66282  0.835881 -0.122316 -0.00938793   0.0034867  -0.0281493  -0.0900823    0.169187 -0.00170211 -0.0112919 -0.0221978  0.0437924  0.00201686  0.00973009 -0.00160576  0.0113979 0.00510126  0.0180296  0.0839187  0.0521597 -0.0453439 -0.431022 -0.212949  -9.79721 
             134.401 -0.690035   0.83992 -0.160363 -0.00658092  0.00705534   -0.030132  -0.0900619    0.169189 -0.00166751 -0.0112928 -0.0221963  0.0437931  0.00822309   0.0179016 -0.00542954  0.0114116 0.00509835  0.0180527  0.0837749  0.0520247 -0.0452414 -0.431023 -0.212951  -9.79721 
             134.501  -0.546615   0.799273 -0.0761759 -0.00928796  0.00879294  -0.0270905  -0.0900458    0.169173 -0.00156474 -0.0112917 -0.0221924  0.0437932  0.0022025  0.0177707 0.00249396  0.0113319 0.00512164  0.0180086  0.0839989   0.052006 -0.0454658 -0.431019  -0.21294  -9.79721 
             134.601 -0.601707  0.798452 -0.107835 -0.00709821  0.00986168  -0.0266324  -0.0900548    0.169143 -0.00163881 -0.0112918 -0.0221925  0.0437931 0.00706192  0.0182911 0.00349954  0.0113613 0.00512255  0.0180263  0.0838875  0.0520617 -0.0454833 -0.431019 -0.212941  -9.79721 
             134.701  -0.581163   0.849848 -0.0924046 -0.00535033  0.00874604  -0.0244344   -0.090087    0.169094 -0.00176653 -0.0112931 -0.0221923  0.0437944   0.011747  0.0132846 0.00765824  0.0113494 0.00509375   0.018019  0.0838327  0.0522408 -0.0456016 -0.431019 -0.212936  -9.79721 
             134.801 -0.561611   0.82813 0.0244818 -0.0135612  0.0108889 -0.0223618  -0.0900787    0.169193 -0.00151735 -0.0112904 -0.0221839  0.0437937 -0.00560104   0.0175173   0.0111048    0.01134 0.00510657  0.0179556  0.0843856  0.0521574 -0.0456856 -0.431016 -0.212922  -9.79721 
             134.901 -0.566173  0.799964 0.0171382 -0.0106184 0.00986383 -0.0254841   -0.090123    0.169206 -0.00171017 -0.0112926  -0.022186  0.0437933 0.00251561   0.014054 0.00320687  0.0113431 0.00512113  0.0179602  0.0841492  0.0523239 -0.0454233 -0.431025  -0.21294  -9.79721 
             135.001  -0.579638    0.74894 0.00236921 -0.0125576 0.00771423 -0.0250815  -0.0901692    0.169225 -0.00179701 -0.0112928 -0.0221858  0.0437936 -0.00107411  0.00929861  0.00408729  0.0113491 0.00514941  0.0179696  0.0842554   0.052521 -0.0454289 -0.431027  -0.21294  -9.79721 
             135.101 -0.535608  0.784205 0.0594757 -0.00937459   0.0076044  -0.0255168     -0.0902    0.169198 -0.00190776 -0.0112932 -0.0221873  0.0437944 0.00671747 0.00769493 0.00311966  0.0113253 0.00512966  0.0179391  0.0840629  0.0525904 -0.0453806 -0.431027  -0.21294  -9.79721 
             135.201 -0.612108  0.819952 0.0463858 -0.00744363   0.0047796  -0.0270855  -0.0902728    0.169223 -0.00207627 -0.0112924 -0.0221862  0.0437932    0.0117769   0.00359463 -0.000253957  0.0113664 0.00511004  0.0179473  0.0839714  0.0528108 -0.0452647 -0.431024 -0.212943  -9.79721 
             135.301 -0.644499  0.866935 0.0494879 -0.0116729 0.00312349 -0.0256991  -0.0902567    0.169283 -0.00202688 -0.0112931 -0.0221878  0.0437906 0.00343043  0.0043434 0.00436598  0.0113841 0.00508571  0.0179469   0.084287  0.0529086 -0.0453476 -0.431022 -0.212951  -9.79721 
             135.401 -0.573607  0.779292 0.0147567 -0.0115013 0.00663841 -0.0258704  -0.0902001    0.169275 -0.00190427  -0.011295 -0.0221887  0.0437905 0.00284596  0.0115249  0.0031384  0.0113444 0.00513588  0.0179678  0.0843034  0.0527214 -0.0453158 -0.431031 -0.212954  -9.79721 
             135.501  -0.558132   0.829763 -0.0451157 -0.0108586  0.0102638 -0.0254093  -0.0901558    0.169251 -0.00181443 -0.0112968  -0.022189  0.0437899 0.00515711  0.0174092 0.00381347  0.0113356 0.00510681  0.0180012  0.0843012  0.0525766 -0.0453326 -0.431038 -0.212955  -9.79721 
             135.601 -0.506919  0.840269 0.0248016 -0.0123579  0.0113627 -0.0234893  -0.0901349    0.169265 -0.00178805  -0.011297 -0.0221885  0.0437897 0.00315031  0.0164427 0.00732078  0.0113083 0.00510107  0.0179633 0.0844278 0.0525947 -0.045433 -0.431036 -0.212958  -9.79721 
             135.701 -0.558099  0.791589 -0.055725 -0.00736287   0.0107071  -0.0270572  -0.0902419     0.16928 -0.00197505 -0.0112964 -0.0221856  0.0437879    0.0134332    0.0137535 -0.000909356  0.0113351 0.00512655  0.0180092  0.0841266  0.0527611 -0.0451661 -0.431029 -0.212949  -9.79721 
             135.801 -0.581206  0.844825 0.0419575 -0.00986487   0.0106459  -0.0258535  -0.0902134    0.169328 -0.00194243 -0.0112966 -0.0221848  0.0437873 0.00832283  0.0131734   0.002336  0.0113485 0.00509927  0.0179566  0.0843593    0.05282 -0.0452511 -0.431024 -0.212961  -9.79721 
             135.901 -0.562471  0.840402   -0.1293 -0.0111142   0.010658 -0.0245496   -0.090205    0.169347 -0.00194087 -0.0112959 -0.0221866  0.0437872 0.00618277  0.0116325 0.00514168  0.0113368 0.00510089  0.0180513  0.0844873  0.0528808 -0.0453212  -0.43102 -0.212966  -9.79721 
             136.001 -0.565622  0.777708 -0.091231 -0.0066637 0.00954237 -0.0256779  -0.0902752    0.169333 -0.00211237 -0.0112963 -0.0221861  0.0437853  0.0147698 0.00791853  0.0021446  0.0113386 0.00513538  0.0180294  0.0842477  0.0530373 -0.0452231 -0.431015 -0.212957  -9.79721 
             136.101 -0.546648  0.823259 -0.116919 -0.00759941  0.00746097  -0.0241124  -0.0902844    0.169358 -0.00215367  -0.011296 -0.0221864  0.0437853  0.0124666 0.00309753 0.00531296  0.0113288 0.00511053  0.0180435  0.0843902  0.0531874 -0.0453084 -0.431007 -0.212962  -9.79721 
             136.201  -0.615853   0.781936 -0.0197717 -0.00610652  0.00789582  -0.0278737  -0.0903161    0.169405 -0.00216862 -0.0112968 -0.0221848  0.0437853   0.0135257  0.00738827 -0.00223045  0.0113669 0.00513283  0.0179909  0.0843512   0.053187 -0.0450407 -0.431013 -0.212967  -9.79721 
             136.301 -0.592661  0.788123 -0.109531 -0.00562114  0.00786119  -0.0266163  -0.0903096    0.169396 -0.00216955 -0.0112965 -0.0221851  0.0437853    0.01345 0.00685677 0.00109804  0.0113546 0.00512871  0.0180402 0.0844099 0.0532281 -0.045139  -0.43101 -0.212966  -9.79721 
             136.401   -0.53639   0.829032 -0.0605587 -0.00915896  0.00848552  -0.0248279   -0.090283    0.169442 -0.00204092 -0.0112966 -0.0221834  0.0437836 0.00592012 0.00736183 0.00485341 0.0113244 0.0051073 0.0180135  0.0847053  0.0532016 -0.0452472 -0.431007 -0.212966  -9.79721 
             136.501 -0.542376  0.804859 -0.104197 -0.0079607  0.0077744 -0.0244159  -0.0903021    0.169431 -0.00210312 -0.0112966 -0.0221833  0.0437839 0.00843019 0.00482028 0.00504151   0.011328 0.00512056   0.018037  0.0846644  0.0532888 -0.0452478 -0.431007 -0.212967  -9.79721 
             136.601 -0.544609  0.841837 -0.177746 -0.00920869  0.00895611  -0.0236593  -0.0902919    0.169459 -0.00202203 -0.0112972 -0.0221844  0.0437831 0.00617767 0.00733999 0.00580224  0.0113296 0.00509956  0.0180783  0.0847994  0.0532396 -0.0452693 -0.431006 -0.212965  -9.79721 
             136.701  -0.553484   0.769137 -0.0701309 -0.00552946  0.00844125  -0.0263457  -0.0903377    0.169451 -0.00215777 -0.0112994 -0.0221865  0.0437819    0.0125258   0.00603648 -0.000363074  0.0113356 0.00513913  0.0180198 0.0845941 0.0533263 -0.045068 -0.431012 -0.212972  -9.79721 
             136.801 -0.513948  0.837262 -0.155592 -0.00776487   0.0107702  -0.0246603  -0.0903091    0.169482 -0.00199566 -0.0113007 -0.0221875  0.0437802 0.00769335 0.00969449 0.00339058  0.0113151 0.00510318   0.018068  0.0848266  0.0532077 -0.0451816 -0.431007 -0.212965  -9.79721 
             136.901 -0.526249  0.811568 -0.115229 -0.0104598  0.0105005 -0.0231929  -0.0903205    0.169501 -0.00193817 -0.0113008  -0.022187  0.0437803 0.00239247 0.00784279 0.00580298  0.0113219 0.00511808   0.018046  0.0850281   0.053269 -0.0452549 -0.431008  -0.21296  -9.79721 
             137.001  -0.581128   0.815172 -0.0833212 -0.00666875  0.00933313  -0.0268469 -0.0903812     0.1695 -0.0021138 -0.0113015 -0.0221863  0.0437792  0.0110745 0.00575127 -0.0028652  0.0113529 0.00511782  0.0180296  0.0847892  0.0534012 -0.0449934 -0.431016 -0.212969  -9.79721 
             137.101  -0.584795    0.83673 -0.0235969 -0.00967055   0.0102337  -0.0261749  -0.0903767     0.16953 -0.00197937 -0.0113009 -0.0221841  0.0437789   0.00472326   0.00830269 -0.000886953  0.0113561 0.00510669  0.0179969   0.085041  0.0533698 -0.0450595 -0.431015 -0.212961  -9.79721 
             137.201 -0.550282  0.785909 -0.069186 -0.0121072 0.00937375 -0.0278702  -0.0904247    0.169565 -0.00195155 -0.0113015 -0.0221843  0.0437796 -0.000537245   0.00682338  -0.00351848  0.0113348 0.00513401  0.0180256  0.0851921  0.0534548 -0.0449605 -0.431021 -0.212958  -9.79721 
             137.301  -0.603977   0.847372 -0.0491972 -0.0156405 0.00750039 -0.0260595  -0.0904224    0.169558 -0.00192545 -0.0113024 -0.0221851  0.0437782 -0.00453233  0.00398859  0.00120038  0.0113653 0.00510125  0.0180162  0.0854003  0.0535995 -0.0451005 -0.431023 -0.212954  -9.79721 
             137.401  -0.546124   0.838718 -0.0796653  -0.014277 0.00799169 -0.0250795  -0.0904041    0.169535 -0.00197281 -0.0113023 -0.0221846  0.0437785 0.000833042  0.00384899  0.00297506  0.0113329 0.00510756  0.0180335  0.0853041  0.0535995 -0.0451613  -0.43102 -0.212955  -9.79721 
             137.501 -0.514335  0.789061  -0.09064 -0.00831684  0.00888776   -0.025637  -0.0904021    0.169511 -0.00213832 -0.0113023 -0.0221838  0.0437772   0.0127888  0.00364283 0.000940965   0.011316 0.00513472  0.0180396 0.0849567  0.053594 -0.045116 -0.431016 -0.212959  -9.79721 
             137.601  -0.55506  0.877302 0.0113786 -0.0104969 0.00461835 -0.0236616  -0.0904116    0.169513 -0.00218983 -0.0113049 -0.0221827  0.0437768  0.00951235 -0.00417689  0.00465288  0.0113395 0.00508819  0.0179835  0.0851506   0.053857 -0.0452321 -0.431017 -0.212959  -9.79721 
             137.701  -0.623934   0.877841 -0.0234346 -0.00477689  0.00377879  -0.0260472 -0.0904556   0.169517 -0.0023609 -0.0113041 -0.0221814   0.043777   0.0214407 -0.00330651 -0.00143799  0.0113779 0.00508809   0.018003  0.0848588  0.0539145 -0.0450563 -0.431018 -0.212961  -9.79721 
             137.801 -0.518542  0.828682 0.0910665 -0.00752579  0.00488267  -0.0249656 -0.0904097   0.169523 -0.0021526 -0.0113023 -0.0221778  0.0437773    0.0126712 -0.000187399  0.000928885  0.0113226 0.00511689  0.0179415 0.0851595 0.0538023 -0.045131 -0.431021 -0.212963  -9.79721 
             137.901 -0.558067  0.837121 0.0280673 -0.00962543  0.00146984  -0.0249333   -0.090423    0.169557 -0.00217542 -0.0113021 -0.0221781  0.0437777  0.00821264 -0.00547849  0.00049531  0.0113436 0.00511231  0.0179755  0.0853448  0.0539906 -0.0451237  -0.43102 -0.212967  -9.79721 
             138.001 -0.565868  0.799981 0.0242616 -0.00941537   0.0019368  -0.0270023 -0.0904373   0.169579 -0.0021274 -0.0113031 -0.0221782   0.043778  0.00784147  -0.0019385 -0.00381843  0.0113477 0.00513193  0.0179784  0.0853724  0.0539298 -0.0449951 -0.431027  -0.21297  -9.79721 
             138.101    -0.5432   0.830133 -0.0253468 -0.0103354  0.0035955 -0.0248249  -0.0903733    0.169543 -0.00200237 -0.0113043 -0.0221792  0.0437777 0.00574318 0.00254639 0.00200489  0.0113359 0.00511654  0.0180069  0.0854979  0.0538151 -0.0451572 -0.431029 -0.212973  -9.79721 
             138.201 -0.544768  0.809294 -0.195211 -0.00543483  0.00763003  -0.0251799  -0.0903846    0.169512 -0.00199851 -0.0113081 -0.0221747  0.0437772   0.0148816   0.0096123 0.000946476  0.0113362 0.00512746   0.018101  0.0852601  0.0536227 -0.0451348 -0.431035  -0.21296  -9.79721 
             138.301  -0.543875   0.782432 -0.0728401 -0.00631473  0.00805521  -0.0258938  -0.0903817    0.169531 -0.00194834  -0.011308 -0.0221747  0.0437777    0.0108557    0.0094344 -0.000860005  0.0113367 0.00514335  0.0180334 0.0853895 0.0536392 -0.045086 -0.431037 -0.212967  -9.79721 
             138.401   -0.58905   0.872405 -0.0557602 -0.00730315   0.0070659  -0.0239846  -0.0903471    0.169531 -0.00194715 -0.0113094  -0.022175  0.0437766 0.00992041 0.00677151 0.00279009  0.0113625 0.00509468  0.0180228  0.0855245  0.0537491 -0.0452132 -0.431031 -0.212972  -9.79721 
             138.501 -0.639607   0.79685 -0.224608 -0.00291526  0.00839364  -0.0284998   -0.090419    0.169583 -0.00205145 -0.0113099 -0.0221697  0.0437761   0.0169795    0.010303 -0.00738595  0.0113895 0.00513507  0.0181173  0.0852994  0.0537392 -0.0449161 -0.431035 -0.212969  -9.79721 
             138.601   -0.560853    0.781602 -0.00477092 -0.00342502  0.00673538  -0.0273245  -0.0903973    0.169577 -0.00206738 -0.0113115 -0.0221682  0.0437768   0.0138009   0.0049825 -0.00393759  0.0113479 0.00514525  0.0179961   0.085423  0.0538853 -0.0450298 -0.431031 -0.212973  -9.79721 
             138.701  -0.582116   0.794107 -0.0607311 -0.00316283  0.00658205  -0.0271164 -0.0903915   0.169576 -0.0020556 -0.0113116 -0.0221679  0.0437768   0.0126814    0.004892 -0.00321065  0.0113593 0.00513901  0.0180281  0.0854911   0.053928 -0.0450642 -0.431031 -0.212973  -9.79721 
             138.801 -0.654672  0.801748 -0.109454 -0.00208802  0.00390901  -0.0279043  -0.0904145    0.169581 -0.00216754 -0.0113116 -0.0221678  0.0437756   0.0139996  0.00140588 -0.00431414     0.0114 0.00513496  0.0180548  0.0854875  0.0541289 -0.0450305 -0.431033 -0.212977  -9.79721 
             138.901  -0.568782   0.840602 -0.0793277 -0.00371787  0.00464932   -0.025609  -0.0903776    0.169559 -0.00203332 -0.0113122 -0.0221662  0.0437741   0.0103692  0.00283981 0.000864766  0.0113565 0.00511373  0.0180388  0.0856898  0.0540837 -0.0452006 -0.431032 -0.212972  -9.79721 
             139.001 -0.549195   0.77991 -0.211205 -0.00301396  0.00603966  -0.0271563  -0.0903956    0.169591 -0.00199044 -0.0113132 -0.0221675  0.0437738  0.00986843  0.00640275 -0.00155036  0.0113443 0.00514542  0.0181135  0.0857052  0.0540171 -0.0450973 -0.431032 -0.212973  -9.79721 
             139.101 -0.561883  0.811514 -0.168948 -0.00710132  0.00808209  -0.0261301   -0.090392    0.169601 -0.00177181 -0.0113135 -0.0221676  0.0437729  0.00114165   0.0103687 0.000593252  0.0113536 0.00512849  0.0180898  0.0860193   0.053919 -0.0451716 -0.431032 -0.212964  -9.79721 
             139.201 -0.597336  0.836207 -0.141295 -0.00464967  0.00896716  -0.0271988   -0.090397    0.169603 -0.00185865 -0.0113135 -0.0221681  0.0437733  0.00764944   0.0112689 -0.00227189  0.0113739 0.00511597  0.0180743  0.0858788  0.0539414 -0.0451046 -0.431033  -0.21297  -9.79721 
